2025-03-07 22:58 +00:00: [2025-03-07T22:58:21.763Z] [AI-WARROOM] [WARN] OpenRouter API key not provided. AI agents will not be available.
2025-03-07 22:58 +00:00: [2025-03-07T22:58:21.769Z] [AI-WARROOM] [ERROR] Static path does not exist: /root/code-server/dist/node/src/browser/pages
2025-03-07 22:58 +00:00: TypeError: Application.start is not a function
2025-03-07 22:58 +00:00:     at Object.<anonymous> (/root/code-server/dist/node/server.js:83:13)
2025-03-07 22:58 +00:00:     at Module._compile (node:internal/modules/cjs/loader:1469:14)
2025-03-07 22:58 +00:00:     at Module._extensions..js (node:internal/modules/cjs/loader:1548:10)
2025-03-07 22:58 +00:00:     at Module.load (node:internal/modules/cjs/loader:1288:32)
2025-03-07 22:58 +00:00:     at Module._load (node:internal/modules/cjs/loader:1104:12)
2025-03-07 22:58 +00:00:     at Object.<anonymous> (/usr/local/lib/node_modules/pm2/lib/ProcessContainerFork.js:33:23)
2025-03-07 22:58 +00:00:     at Module._compile (node:internal/modules/cjs/loader:1469:14)
2025-03-07 22:58 +00:00:     at Module._extensions..js (node:internal/modules/cjs/loader:1548:10)
2025-03-07 22:58 +00:00:     at Module.load (node:internal/modules/cjs/loader:1288:32)
2025-03-07 22:58 +00:00:     at Module._load (node:internal/modules/cjs/loader:1104:12)
2025-03-07 22:58 +00:00: [2025-03-07T22:58:22.359Z] [AI-WARROOM] [WARN] OpenRouter API key not provided. AI agents will not be available.
2025-03-07 22:58 +00:00: [2025-03-07T22:58:22.363Z] [AI-WARROOM] [ERROR] Static path does not exist: /root/code-server/dist/node/src/browser/pages
2025-03-07 22:58 +00:00: TypeError: Application.start is not a function
2025-03-07 22:58 +00:00:     at Object.<anonymous> (/root/code-server/dist/node/server.js:83:13)
2025-03-07 22:58 +00:00:     at Module._compile (node:internal/modules/cjs/loader:1469:14)
2025-03-07 22:58 +00:00:     at Module._extensions..js (node:internal/modules/cjs/loader:1548:10)
2025-03-07 22:58 +00:00:     at Module.load (node:internal/modules/cjs/loader:1288:32)
2025-03-07 22:58 +00:00:     at Module._load (node:internal/modules/cjs/loader:1104:12)
2025-03-07 22:58 +00:00:     at Object.<anonymous> (/usr/local/lib/node_modules/pm2/lib/ProcessContainerFork.js:33:23)
2025-03-07 22:58 +00:00:     at Module._compile (node:internal/modules/cjs/loader:1469:14)
2025-03-07 22:58 +00:00:     at Module._extensions..js (node:internal/modules/cjs/loader:1548:10)
2025-03-07 22:58 +00:00:     at Module.load (node:internal/modules/cjs/loader:1288:32)
2025-03-07 22:58 +00:00:     at Module._load (node:internal/modules/cjs/loader:1104:12)
2025-03-07 22:58 +00:00: [2025-03-07T22:58:22.967Z] [AI-WARROOM] [WARN] OpenRouter API key not provided. AI agents will not be available.
2025-03-07 22:58 +00:00: [2025-03-07T22:58:22.980Z] [AI-WARROOM] [ERROR] Static path does not exist: /root/code-server/dist/node/src/browser/pages
2025-03-07 22:58 +00:00: TypeError: Application.start is not a function
2025-03-07 22:58 +00:00:     at Object.<anonymous> (/root/code-server/dist/node/server.js:83:13)
2025-03-07 22:58 +00:00:     at Module._compile (node:internal/modules/cjs/loader:1469:14)
2025-03-07 22:58 +00:00:     at Module._extensions..js (node:internal/modules/cjs/loader:1548:10)
2025-03-07 22:58 +00:00:     at Module.load (node:internal/modules/cjs/loader:1288:32)
2025-03-07 22:58 +00:00:     at Module._load (node:internal/modules/cjs/loader:1104:12)
2025-03-07 22:58 +00:00:     at Object.<anonymous> (/usr/local/lib/node_modules/pm2/lib/ProcessContainerFork.js:33:23)
2025-03-07 22:58 +00:00:     at Module._compile (node:internal/modules/cjs/loader:1469:14)
2025-03-07 22:58 +00:00:     at Module._extensions..js (node:internal/modules/cjs/loader:1548:10)
2025-03-07 22:58 +00:00:     at Module.load (node:internal/modules/cjs/loader:1288:32)
2025-03-07 22:58 +00:00:     at Module._load (node:internal/modules/cjs/loader:1104:12)
2025-03-07 22:58 +00:00: [2025-03-07T22:58:23.624Z] [AI-WARROOM] [WARN] OpenRouter API key not provided. AI agents will not be available.
2025-03-07 22:58 +00:00: [2025-03-07T22:58:23.634Z] [AI-WARROOM] [ERROR] Static path does not exist: /root/code-server/dist/node/src/browser/pages
2025-03-07 22:58 +00:00: TypeError: Application.start is not a function
2025-03-07 22:58 +00:00:     at Object.<anonymous> (/root/code-server/dist/node/server.js:83:13)
2025-03-07 22:58 +00:00:     at Module._compile (node:internal/modules/cjs/loader:1469:14)
2025-03-07 22:58 +00:00:     at Module._extensions..js (node:internal/modules/cjs/loader:1548:10)
2025-03-07 22:58 +00:00:     at Module.load (node:internal/modules/cjs/loader:1288:32)
2025-03-07 22:58 +00:00:     at Module._load (node:internal/modules/cjs/loader:1104:12)
2025-03-07 22:58 +00:00:     at Object.<anonymous> (/usr/local/lib/node_modules/pm2/lib/ProcessContainerFork.js:33:23)
2025-03-07 22:58 +00:00:     at Module._compile (node:internal/modules/cjs/loader:1469:14)
2025-03-07 22:58 +00:00:     at Module._extensions..js (node:internal/modules/cjs/loader:1548:10)
2025-03-07 22:58 +00:00:     at Module.load (node:internal/modules/cjs/loader:1288:32)
2025-03-07 22:58 +00:00:     at Module._load (node:internal/modules/cjs/loader:1104:12)
2025-03-07 22:58 +00:00: [2025-03-07T22:58:24.249Z] [AI-WARROOM] [WARN] OpenRouter API key not provided. AI agents will not be available.
2025-03-07 22:58 +00:00: [2025-03-07T22:58:24.257Z] [AI-WARROOM] [ERROR] Static path does not exist: /root/code-server/dist/node/src/browser/pages
2025-03-07 22:58 +00:00: TypeError: Application.start is not a function
2025-03-07 22:58 +00:00:     at Object.<anonymous> (/root/code-server/dist/node/server.js:83:13)
2025-03-07 22:58 +00:00:     at Module._compile (node:internal/modules/cjs/loader:1469:14)
2025-03-07 22:58 +00:00:     at Module._extensions..js (node:internal/modules/cjs/loader:1548:10)
2025-03-07 22:58 +00:00:     at Module.load (node:internal/modules/cjs/loader:1288:32)
2025-03-07 22:58 +00:00:     at Module._load (node:internal/modules/cjs/loader:1104:12)
2025-03-07 22:58 +00:00:     at Object.<anonymous> (/usr/local/lib/node_modules/pm2/lib/ProcessContainerFork.js:33:23)
2025-03-07 22:58 +00:00:     at Module._compile (node:internal/modules/cjs/loader:1469:14)
2025-03-07 22:58 +00:00:     at Module._extensions..js (node:internal/modules/cjs/loader:1548:10)
2025-03-07 22:58 +00:00:     at Module.load (node:internal/modules/cjs/loader:1288:32)
2025-03-07 22:58 +00:00:     at Module._load (node:internal/modules/cjs/loader:1104:12)
2025-03-07 22:58 +00:00: [2025-03-07T22:58:24.882Z] [AI-WARROOM] [WARN] OpenRouter API key not provided. AI agents will not be available.
2025-03-07 22:58 +00:00: [2025-03-07T22:58:24.901Z] [AI-WARROOM] [ERROR] Static path does not exist: /root/code-server/dist/node/src/browser/pages
2025-03-07 22:58 +00:00: TypeError: Application.start is not a function
2025-03-07 22:58 +00:00:     at Object.<anonymous> (/root/code-server/dist/node/server.js:83:13)
2025-03-07 22:58 +00:00:     at Module._compile (node:internal/modules/cjs/loader:1469:14)
2025-03-07 22:58 +00:00:     at Module._extensions..js (node:internal/modules/cjs/loader:1548:10)
2025-03-07 22:58 +00:00:     at Module.load (node:internal/modules/cjs/loader:1288:32)
2025-03-07 22:58 +00:00:     at Module._load (node:internal/modules/cjs/loader:1104:12)
2025-03-07 22:58 +00:00:     at Object.<anonymous> (/usr/local/lib/node_modules/pm2/lib/ProcessContainerFork.js:33:23)
2025-03-07 22:58 +00:00:     at Module._compile (node:internal/modules/cjs/loader:1469:14)
2025-03-07 22:58 +00:00:     at Module._extensions..js (node:internal/modules/cjs/loader:1548:10)
2025-03-07 22:58 +00:00:     at Module.load (node:internal/modules/cjs/loader:1288:32)
2025-03-07 22:58 +00:00:     at Module._load (node:internal/modules/cjs/loader:1104:12)
2025-03-07 22:58 +00:00: [2025-03-07T22:58:25.496Z] [AI-WARROOM] [WARN] OpenRouter API key not provided. AI agents will not be available.
2025-03-07 22:58 +00:00: [2025-03-07T22:58:25.500Z] [AI-WARROOM] [ERROR] Static path does not exist: /root/code-server/dist/node/src/browser/pages
2025-03-07 22:58 +00:00: TypeError: Application.start is not a function
2025-03-07 22:58 +00:00:     at Object.<anonymous> (/root/code-server/dist/node/server.js:83:13)
2025-03-07 22:58 +00:00:     at Module._compile (node:internal/modules/cjs/loader:1469:14)
2025-03-07 22:58 +00:00:     at Module._extensions..js (node:internal/modules/cjs/loader:1548:10)
2025-03-07 22:58 +00:00:     at Module.load (node:internal/modules/cjs/loader:1288:32)
2025-03-07 22:58 +00:00:     at Module._load (node:internal/modules/cjs/loader:1104:12)
2025-03-07 22:58 +00:00:     at Object.<anonymous> (/usr/local/lib/node_modules/pm2/lib/ProcessContainerFork.js:33:23)
2025-03-07 22:58 +00:00:     at Module._compile (node:internal/modules/cjs/loader:1469:14)
2025-03-07 22:58 +00:00:     at Module._extensions..js (node:internal/modules/cjs/loader:1548:10)
2025-03-07 22:58 +00:00:     at Module.load (node:internal/modules/cjs/loader:1288:32)
2025-03-07 22:58 +00:00:     at Module._load (node:internal/modules/cjs/loader:1104:12)
2025-03-07 22:58 +00:00: [2025-03-07T22:58:26.144Z] [AI-WARROOM] [WARN] OpenRouter API key not provided. AI agents will not be available.
2025-03-07 22:58 +00:00: [2025-03-07T22:58:26.154Z] [AI-WARROOM] [ERROR] Static path does not exist: /root/code-server/dist/node/src/browser/pages
2025-03-07 22:58 +00:00: TypeError: Application.start is not a function
2025-03-07 22:58 +00:00:     at Object.<anonymous> (/root/code-server/dist/node/server.js:83:13)
2025-03-07 22:58 +00:00:     at Module._compile (node:internal/modules/cjs/loader:1469:14)
2025-03-07 22:58 +00:00:     at Module._extensions..js (node:internal/modules/cjs/loader:1548:10)
2025-03-07 22:58 +00:00:     at Module.load (node:internal/modules/cjs/loader:1288:32)
2025-03-07 22:58 +00:00:     at Module._load (node:internal/modules/cjs/loader:1104:12)
2025-03-07 22:58 +00:00:     at Object.<anonymous> (/usr/local/lib/node_modules/pm2/lib/ProcessContainerFork.js:33:23)
2025-03-07 22:58 +00:00:     at Module._compile (node:internal/modules/cjs/loader:1469:14)
2025-03-07 22:58 +00:00:     at Module._extensions..js (node:internal/modules/cjs/loader:1548:10)
2025-03-07 22:58 +00:00:     at Module.load (node:internal/modules/cjs/loader:1288:32)
2025-03-07 22:58 +00:00:     at Module._load (node:internal/modules/cjs/loader:1104:12)
2025-03-07 22:58 +00:00: [2025-03-07T22:58:26.747Z] [AI-WARROOM] [WARN] OpenRouter API key not provided. AI agents will not be available.
2025-03-07 22:58 +00:00: [2025-03-07T22:58:26.756Z] [AI-WARROOM] [ERROR] Static path does not exist: /root/code-server/dist/node/src/browser/pages
2025-03-07 22:58 +00:00: TypeError: Application.start is not a function
2025-03-07 22:58 +00:00:     at Object.<anonymous> (/root/code-server/dist/node/server.js:83:13)
2025-03-07 22:58 +00:00:     at Module._compile (node:internal/modules/cjs/loader:1469:14)
2025-03-07 22:58 +00:00:     at Module._extensions..js (node:internal/modules/cjs/loader:1548:10)
2025-03-07 22:58 +00:00:     at Module.load (node:internal/modules/cjs/loader:1288:32)
2025-03-07 22:58 +00:00:     at Module._load (node:internal/modules/cjs/loader:1104:12)
2025-03-07 22:58 +00:00:     at Object.<anonymous> (/usr/local/lib/node_modules/pm2/lib/ProcessContainerFork.js:33:23)
2025-03-07 22:58 +00:00:     at Module._compile (node:internal/modules/cjs/loader:1469:14)
2025-03-07 22:58 +00:00:     at Module._extensions..js (node:internal/modules/cjs/loader:1548:10)
2025-03-07 22:58 +00:00:     at Module.load (node:internal/modules/cjs/loader:1288:32)
2025-03-07 22:58 +00:00:     at Module._load (node:internal/modules/cjs/loader:1104:12)
2025-03-07 22:58 +00:00: [2025-03-07T22:58:27.426Z] [AI-WARROOM] [WARN] OpenRouter API key not provided. AI agents will not be available.
2025-03-07 22:58 +00:00: [2025-03-07T22:58:27.435Z] [AI-WARROOM] [ERROR] Static path does not exist: /root/code-server/dist/node/src/browser/pages
2025-03-07 22:58 +00:00: TypeError: Application.start is not a function
2025-03-07 22:58 +00:00:     at Object.<anonymous> (/root/code-server/dist/node/server.js:83:13)
2025-03-07 22:58 +00:00:     at Module._compile (node:internal/modules/cjs/loader:1469:14)
2025-03-07 22:58 +00:00:     at Module._extensions..js (node:internal/modules/cjs/loader:1548:10)
2025-03-07 22:58 +00:00:     at Module.load (node:internal/modules/cjs/loader:1288:32)
2025-03-07 22:58 +00:00:     at Module._load (node:internal/modules/cjs/loader:1104:12)
2025-03-07 22:58 +00:00:     at Object.<anonymous> (/usr/local/lib/node_modules/pm2/lib/ProcessContainerFork.js:33:23)
2025-03-07 22:58 +00:00:     at Module._compile (node:internal/modules/cjs/loader:1469:14)
2025-03-07 22:58 +00:00:     at Module._extensions..js (node:internal/modules/cjs/loader:1548:10)
2025-03-07 22:58 +00:00:     at Module.load (node:internal/modules/cjs/loader:1288:32)
2025-03-07 22:58 +00:00:     at Module._load (node:internal/modules/cjs/loader:1104:12)
2025-03-07 22:58 +00:00: [2025-03-07T22:58:28.063Z] [AI-WARROOM] [WARN] OpenRouter API key not provided. AI agents will not be available.
2025-03-07 22:58 +00:00: [2025-03-07T22:58:28.067Z] [AI-WARROOM] [ERROR] Static path does not exist: /root/code-server/dist/node/src/browser/pages
2025-03-07 22:58 +00:00: TypeError: Application.start is not a function
2025-03-07 22:58 +00:00:     at Object.<anonymous> (/root/code-server/dist/node/server.js:83:13)
2025-03-07 22:58 +00:00:     at Module._compile (node:internal/modules/cjs/loader:1469:14)
2025-03-07 22:58 +00:00:     at Module._extensions..js (node:internal/modules/cjs/loader:1548:10)
2025-03-07 22:58 +00:00:     at Module.load (node:internal/modules/cjs/loader:1288:32)
2025-03-07 22:58 +00:00:     at Module._load (node:internal/modules/cjs/loader:1104:12)
2025-03-07 22:58 +00:00:     at Object.<anonymous> (/usr/local/lib/node_modules/pm2/lib/ProcessContainerFork.js:33:23)
2025-03-07 22:58 +00:00:     at Module._compile (node:internal/modules/cjs/loader:1469:14)
2025-03-07 22:58 +00:00:     at Module._extensions..js (node:internal/modules/cjs/loader:1548:10)
2025-03-07 22:58 +00:00:     at Module.load (node:internal/modules/cjs/loader:1288:32)
2025-03-07 22:58 +00:00:     at Module._load (node:internal/modules/cjs/loader:1104:12)
2025-03-07 22:58 +00:00: [2025-03-07T22:58:28.627Z] [AI-WARROOM] [WARN] OpenRouter API key not provided. AI agents will not be available.
2025-03-07 22:58 +00:00: [2025-03-07T22:58:28.631Z] [AI-WARROOM] [ERROR] Static path does not exist: /root/code-server/dist/node/src/browser/pages
2025-03-07 22:58 +00:00: TypeError: Application.start is not a function
2025-03-07 22:58 +00:00:     at Object.<anonymous> (/root/code-server/dist/node/server.js:83:13)
2025-03-07 22:58 +00:00:     at Module._compile (node:internal/modules/cjs/loader:1469:14)
2025-03-07 22:58 +00:00:     at Module._extensions..js (node:internal/modules/cjs/loader:1548:10)
2025-03-07 22:58 +00:00:     at Module.load (node:internal/modules/cjs/loader:1288:32)
2025-03-07 22:58 +00:00:     at Module._load (node:internal/modules/cjs/loader:1104:12)
2025-03-07 22:58 +00:00:     at Object.<anonymous> (/usr/local/lib/node_modules/pm2/lib/ProcessContainerFork.js:33:23)
2025-03-07 22:58 +00:00:     at Module._compile (node:internal/modules/cjs/loader:1469:14)
2025-03-07 22:58 +00:00:     at Module._extensions..js (node:internal/modules/cjs/loader:1548:10)
2025-03-07 22:58 +00:00:     at Module.load (node:internal/modules/cjs/loader:1288:32)
2025-03-07 22:58 +00:00:     at Module._load (node:internal/modules/cjs/loader:1104:12)
2025-03-07 22:58 +00:00: [2025-03-07T22:58:29.224Z] [AI-WARROOM] [WARN] OpenRouter API key not provided. AI agents will not be available.
2025-03-07 22:58 +00:00: [2025-03-07T22:58:29.228Z] [AI-WARROOM] [ERROR] Static path does not exist: /root/code-server/dist/node/src/browser/pages
2025-03-07 22:58 +00:00: TypeError: Application.start is not a function
2025-03-07 22:58 +00:00:     at Object.<anonymous> (/root/code-server/dist/node/server.js:83:13)
2025-03-07 22:58 +00:00:     at Module._compile (node:internal/modules/cjs/loader:1469:14)
2025-03-07 22:58 +00:00:     at Module._extensions..js (node:internal/modules/cjs/loader:1548:10)
2025-03-07 22:58 +00:00:     at Module.load (node:internal/modules/cjs/loader:1288:32)
2025-03-07 22:58 +00:00:     at Module._load (node:internal/modules/cjs/loader:1104:12)
2025-03-07 22:58 +00:00:     at Object.<anonymous> (/usr/local/lib/node_modules/pm2/lib/ProcessContainerFork.js:33:23)
2025-03-07 22:58 +00:00:     at Module._compile (node:internal/modules/cjs/loader:1469:14)
2025-03-07 22:58 +00:00:     at Module._extensions..js (node:internal/modules/cjs/loader:1548:10)
2025-03-07 22:58 +00:00:     at Module.load (node:internal/modules/cjs/loader:1288:32)
2025-03-07 22:58 +00:00:     at Module._load (node:internal/modules/cjs/loader:1104:12)
2025-03-07 22:58 +00:00: [2025-03-07T22:58:29.833Z] [AI-WARROOM] [WARN] OpenRouter API key not provided. AI agents will not be available.
2025-03-07 22:58 +00:00: [2025-03-07T22:58:29.852Z] [AI-WARROOM] [ERROR] Static path does not exist: /root/code-server/dist/node/src/browser/pages
2025-03-07 22:58 +00:00: TypeError: Application.start is not a function
2025-03-07 22:58 +00:00:     at Object.<anonymous> (/root/code-server/dist/node/server.js:83:13)
2025-03-07 22:58 +00:00:     at Module._compile (node:internal/modules/cjs/loader:1469:14)
2025-03-07 22:58 +00:00:     at Module._extensions..js (node:internal/modules/cjs/loader:1548:10)
2025-03-07 22:58 +00:00:     at Module.load (node:internal/modules/cjs/loader:1288:32)
2025-03-07 22:58 +00:00:     at Module._load (node:internal/modules/cjs/loader:1104:12)
2025-03-07 22:58 +00:00:     at Object.<anonymous> (/usr/local/lib/node_modules/pm2/lib/ProcessContainerFork.js:33:23)
2025-03-07 22:58 +00:00:     at Module._compile (node:internal/modules/cjs/loader:1469:14)
2025-03-07 22:58 +00:00:     at Module._extensions..js (node:internal/modules/cjs/loader:1548:10)
2025-03-07 22:58 +00:00:     at Module.load (node:internal/modules/cjs/loader:1288:32)
2025-03-07 22:58 +00:00:     at Module._load (node:internal/modules/cjs/loader:1104:12)
2025-03-07 22:58 +00:00: [2025-03-07T22:58:30.446Z] [AI-WARROOM] [WARN] OpenRouter API key not provided. AI agents will not be available.
2025-03-07 22:58 +00:00: [2025-03-07T22:58:30.451Z] [AI-WARROOM] [ERROR] Static path does not exist: /root/code-server/dist/node/src/browser/pages
2025-03-07 22:58 +00:00: TypeError: Application.start is not a function
2025-03-07 22:58 +00:00:     at Object.<anonymous> (/root/code-server/dist/node/server.js:83:13)
2025-03-07 22:58 +00:00:     at Module._compile (node:internal/modules/cjs/loader:1469:14)
2025-03-07 22:58 +00:00:     at Module._extensions..js (node:internal/modules/cjs/loader:1548:10)
2025-03-07 22:58 +00:00:     at Module.load (node:internal/modules/cjs/loader:1288:32)
2025-03-07 22:58 +00:00:     at Module._load (node:internal/modules/cjs/loader:1104:12)
2025-03-07 22:58 +00:00:     at Object.<anonymous> (/usr/local/lib/node_modules/pm2/lib/ProcessContainerFork.js:33:23)
2025-03-07 22:58 +00:00:     at Module._compile (node:internal/modules/cjs/loader:1469:14)
2025-03-07 22:58 +00:00:     at Module._extensions..js (node:internal/modules/cjs/loader:1548:10)
2025-03-07 22:58 +00:00:     at Module.load (node:internal/modules/cjs/loader:1288:32)
2025-03-07 22:58 +00:00:     at Module._load (node:internal/modules/cjs/loader:1104:12)
2025-03-07 22:58 +00:00: [2025-03-07T22:58:31.052Z] [AI-WARROOM] [WARN] OpenRouter API key not provided. AI agents will not be available.
2025-03-07 22:58 +00:00: [2025-03-07T22:58:31.064Z] [AI-WARROOM] [ERROR] Static path does not exist: /root/code-server/dist/node/src/browser/pages
2025-03-07 22:58 +00:00: TypeError: Application.start is not a function
2025-03-07 22:58 +00:00:     at Object.<anonymous> (/root/code-server/dist/node/server.js:83:13)
2025-03-07 22:58 +00:00:     at Module._compile (node:internal/modules/cjs/loader:1469:14)
2025-03-07 22:58 +00:00:     at Module._extensions..js (node:internal/modules/cjs/loader:1548:10)
2025-03-07 22:58 +00:00:     at Module.load (node:internal/modules/cjs/loader:1288:32)
2025-03-07 22:58 +00:00:     at Module._load (node:internal/modules/cjs/loader:1104:12)
2025-03-07 22:58 +00:00:     at Object.<anonymous> (/usr/local/lib/node_modules/pm2/lib/ProcessContainerFork.js:33:23)
2025-03-07 22:58 +00:00:     at Module._compile (node:internal/modules/cjs/loader:1469:14)
2025-03-07 22:58 +00:00:     at Module._extensions..js (node:internal/modules/cjs/loader:1548:10)
2025-03-07 22:58 +00:00:     at Module.load (node:internal/modules/cjs/loader:1288:32)
2025-03-07 22:58 +00:00:     at Module._load (node:internal/modules/cjs/loader:1104:12)
2025-03-07 22:58 +00:00: [2025-03-07T22:58:31.668Z] [AI-WARROOM] [WARN] OpenRouter API key not provided. AI agents will not be available.
2025-03-07 22:58 +00:00: [2025-03-07T22:58:31.675Z] [AI-WARROOM] [ERROR] Static path does not exist: /root/code-server/dist/node/src/browser/pages
2025-03-07 22:58 +00:00: [2025-03-07T22:58:32.308Z] [AI-WARROOM] [WARN] OpenRouter API key not provided. AI agents will not be available.
2025-03-07 22:58 +00:00: [2025-03-07T22:58:32.312Z] [AI-WARROOM] [ERROR] Static path does not exist: /root/code-server/dist/node/src/browser/pages
2025-03-07 22:58 +00:00: TypeError: Application.start is not a function
2025-03-07 22:58 +00:00:     at Object.<anonymous> (/root/code-server/dist/node/server.js:83:13)
2025-03-07 22:58 +00:00:     at Module._compile (node:internal/modules/cjs/loader:1469:14)
2025-03-07 22:58 +00:00:     at Module._extensions..js (node:internal/modules/cjs/loader:1548:10)
2025-03-07 22:58 +00:00:     at Module.load (node:internal/modules/cjs/loader:1288:32)
2025-03-07 22:58 +00:00:     at Module._load (node:internal/modules/cjs/loader:1104:12)
2025-03-07 22:58 +00:00:     at Object.<anonymous> (/usr/local/lib/node_modules/pm2/lib/ProcessContainerFork.js:33:23)
2025-03-07 22:58 +00:00:     at Module._compile (node:internal/modules/cjs/loader:1469:14)
2025-03-07 22:58 +00:00:     at Module._extensions..js (node:internal/modules/cjs/loader:1548:10)
2025-03-07 22:58 +00:00:     at Module.load (node:internal/modules/cjs/loader:1288:32)
2025-03-07 22:58 +00:00:     at Module._load (node:internal/modules/cjs/loader:1104:12)
2025-03-07 22:58 +00:00: [2025-03-07T22:58:32.956Z] [AI-WARROOM] [WARN] OpenRouter API key not provided. AI agents will not be available.
2025-03-07 22:58 +00:00: [2025-03-07T22:58:32.969Z] [AI-WARROOM] [ERROR] Static path does not exist: /root/code-server/dist/node/src/browser/pages
2025-03-07 22:58 +00:00: TypeError: Application.start is not a function
2025-03-07 22:58 +00:00:     at Object.<anonymous> (/root/code-server/dist/node/server.js:83:13)
2025-03-07 22:58 +00:00:     at Module._compile (node:internal/modules/cjs/loader:1469:14)
2025-03-07 22:58 +00:00:     at Module._extensions..js (node:internal/modules/cjs/loader:1548:10)
2025-03-07 22:58 +00:00:     at Module.load (node:internal/modules/cjs/loader:1288:32)
2025-03-07 22:58 +00:00:     at Module._load (node:internal/modules/cjs/loader:1104:12)
2025-03-07 22:58 +00:00:     at Object.<anonymous> (/usr/local/lib/node_modules/pm2/lib/ProcessContainerFork.js:33:23)
2025-03-07 22:58 +00:00:     at Module._compile (node:internal/modules/cjs/loader:1469:14)
2025-03-07 22:58 +00:00:     at Module._extensions..js (node:internal/modules/cjs/loader:1548:10)
2025-03-07 22:58 +00:00:     at Module.load (node:internal/modules/cjs/loader:1288:32)
2025-03-07 22:58 +00:00:     at Module._load (node:internal/modules/cjs/loader:1104:12)
2025-03-07 22:58 +00:00: [2025-03-07T22:58:33.589Z] [AI-WARROOM] [WARN] OpenRouter API key not provided. AI agents will not be available.
2025-03-07 22:58 +00:00: [2025-03-07T22:58:33.597Z] [AI-WARROOM] [ERROR] Static path does not exist: /root/code-server/dist/node/src/browser/pages
2025-03-07 22:58 +00:00: TypeError: Application.start is not a function
2025-03-07 22:58 +00:00:     at Object.<anonymous> (/root/code-server/dist/node/server.js:83:13)
2025-03-07 22:58 +00:00:     at Module._compile (node:internal/modules/cjs/loader:1469:14)
2025-03-07 22:58 +00:00:     at Module._extensions..js (node:internal/modules/cjs/loader:1548:10)
2025-03-07 22:58 +00:00:     at Module.load (node:internal/modules/cjs/loader:1288:32)
2025-03-07 22:58 +00:00:     at Module._load (node:internal/modules/cjs/loader:1104:12)
2025-03-07 22:58 +00:00:     at Object.<anonymous> (/usr/local/lib/node_modules/pm2/lib/ProcessContainerFork.js:33:23)
2025-03-07 22:58 +00:00:     at Module._compile (node:internal/modules/cjs/loader:1469:14)
2025-03-07 22:58 +00:00:     at Module._extensions..js (node:internal/modules/cjs/loader:1548:10)
2025-03-07 22:58 +00:00:     at Module.load (node:internal/modules/cjs/loader:1288:32)
2025-03-07 22:58 +00:00:     at Module._load (node:internal/modules/cjs/loader:1104:12)
2025-03-07 22:58 +00:00: [2025-03-07T22:58:34.243Z] [AI-WARROOM] [WARN] OpenRouter API key not provided. AI agents will not be available.
2025-03-07 22:58 +00:00: [2025-03-07T22:58:34.247Z] [AI-WARROOM] [ERROR] Static path does not exist: /root/code-server/dist/node/src/browser/pages
2025-03-07 22:58 +00:00: TypeError: Application.start is not a function
2025-03-07 22:58 +00:00:     at Object.<anonymous> (/root/code-server/dist/node/server.js:83:13)
2025-03-07 22:58 +00:00:     at Module._compile (node:internal/modules/cjs/loader:1469:14)
2025-03-07 22:58 +00:00:     at Module._extensions..js (node:internal/modules/cjs/loader:1548:10)
2025-03-07 22:58 +00:00:     at Module.load (node:internal/modules/cjs/loader:1288:32)
2025-03-07 22:58 +00:00:     at Module._load (node:internal/modules/cjs/loader:1104:12)
2025-03-07 22:58 +00:00:     at Object.<anonymous> (/usr/local/lib/node_modules/pm2/lib/ProcessContainerFork.js:33:23)
2025-03-07 22:58 +00:00:     at Module._compile (node:internal/modules/cjs/loader:1469:14)
2025-03-07 22:58 +00:00:     at Module._extensions..js (node:internal/modules/cjs/loader:1548:10)
2025-03-07 22:58 +00:00:     at Module.load (node:internal/modules/cjs/loader:1288:32)
2025-03-07 22:58 +00:00:     at Module._load (node:internal/modules/cjs/loader:1104:12)
2025-03-07 22:58 +00:00: [2025-03-07T22:58:34.820Z] [AI-WARROOM] [WARN] OpenRouter API key not provided. AI agents will not be available.
2025-03-07 22:58 +00:00: [2025-03-07T22:58:34.830Z] [AI-WARROOM] [ERROR] Static path does not exist: /root/code-server/dist/node/src/browser/pages
2025-03-07 22:58 +00:00: TypeError: Application.start is not a function
2025-03-07 22:58 +00:00:     at Object.<anonymous> (/root/code-server/dist/node/server.js:83:13)
2025-03-07 22:58 +00:00:     at Module._compile (node:internal/modules/cjs/loader:1469:14)
2025-03-07 22:58 +00:00:     at Module._extensions..js (node:internal/modules/cjs/loader:1548:10)
2025-03-07 22:58 +00:00:     at Module.load (node:internal/modules/cjs/loader:1288:32)
2025-03-07 22:58 +00:00:     at Module._load (node:internal/modules/cjs/loader:1104:12)
2025-03-07 22:58 +00:00:     at Object.<anonymous> (/usr/local/lib/node_modules/pm2/lib/ProcessContainerFork.js:33:23)
2025-03-07 22:58 +00:00:     at Module._compile (node:internal/modules/cjs/loader:1469:14)
2025-03-07 22:58 +00:00:     at Module._extensions..js (node:internal/modules/cjs/loader:1548:10)
2025-03-07 22:58 +00:00:     at Module.load (node:internal/modules/cjs/loader:1288:32)
2025-03-07 22:58 +00:00:     at Module._load (node:internal/modules/cjs/loader:1104:12)
2025-03-07 22:58 +00:00: [2025-03-07T22:58:35.492Z] [AI-WARROOM] [WARN] OpenRouter API key not provided. AI agents will not be available.
2025-03-07 22:58 +00:00: [2025-03-07T22:58:35.496Z] [AI-WARROOM] [ERROR] Static path does not exist: /root/code-server/dist/node/src/browser/pages
2025-03-07 22:58 +00:00: TypeError: Application.start is not a function
2025-03-07 22:58 +00:00:     at Object.<anonymous> (/root/code-server/dist/node/server.js:83:13)
2025-03-07 22:58 +00:00:     at Module._compile (node:internal/modules/cjs/loader:1469:14)
2025-03-07 22:58 +00:00:     at Module._extensions..js (node:internal/modules/cjs/loader:1548:10)
2025-03-07 22:58 +00:00:     at Module.load (node:internal/modules/cjs/loader:1288:32)
2025-03-07 22:58 +00:00:     at Module._load (node:internal/modules/cjs/loader:1104:12)
2025-03-07 22:58 +00:00:     at Object.<anonymous> (/usr/local/lib/node_modules/pm2/lib/ProcessContainerFork.js:33:23)
2025-03-07 22:58 +00:00:     at Module._compile (node:internal/modules/cjs/loader:1469:14)
2025-03-07 22:58 +00:00:     at Module._extensions..js (node:internal/modules/cjs/loader:1548:10)
2025-03-07 22:58 +00:00:     at Module.load (node:internal/modules/cjs/loader:1288:32)
2025-03-07 22:58 +00:00:     at Module._load (node:internal/modules/cjs/loader:1104:12)
2025-03-07 22:58 +00:00: [2025-03-07T22:58:36.109Z] [AI-WARROOM] [WARN] OpenRouter API key not provided. AI agents will not be available.
2025-03-07 22:58 +00:00: [2025-03-07T22:58:36.112Z] [AI-WARROOM] [ERROR] Static path does not exist: /root/code-server/dist/node/src/browser/pages
2025-03-07 22:58 +00:00: TypeError: Application.start is not a function
2025-03-07 22:58 +00:00:     at Object.<anonymous> (/root/code-server/dist/node/server.js:83:13)
2025-03-07 22:58 +00:00:     at Module._compile (node:internal/modules/cjs/loader:1469:14)
2025-03-07 22:58 +00:00:     at Module._extensions..js (node:internal/modules/cjs/loader:1548:10)
2025-03-07 22:58 +00:00:     at Module.load (node:internal/modules/cjs/loader:1288:32)
2025-03-07 22:58 +00:00:     at Module._load (node:internal/modules/cjs/loader:1104:12)
2025-03-07 22:58 +00:00:     at Object.<anonymous> (/usr/local/lib/node_modules/pm2/lib/ProcessContainerFork.js:33:23)
2025-03-07 22:58 +00:00:     at Module._compile (node:internal/modules/cjs/loader:1469:14)
2025-03-07 22:58 +00:00:     at Module._extensions..js (node:internal/modules/cjs/loader:1548:10)
2025-03-07 22:58 +00:00:     at Module.load (node:internal/modules/cjs/loader:1288:32)
2025-03-07 22:58 +00:00:     at Module._load (node:internal/modules/cjs/loader:1104:12)
2025-03-07 22:58 +00:00: [2025-03-07T22:58:36.776Z] [AI-WARROOM] [WARN] OpenRouter API key not provided. AI agents will not be available.
2025-03-07 22:58 +00:00: [2025-03-07T22:58:36.780Z] [AI-WARROOM] [ERROR] Static path does not exist: /root/code-server/dist/node/src/browser/pages
2025-03-07 22:58 +00:00: TypeError: Application.start is not a function
2025-03-07 22:58 +00:00:     at Object.<anonymous> (/root/code-server/dist/node/server.js:83:13)
2025-03-07 22:58 +00:00:     at Module._compile (node:internal/modules/cjs/loader:1469:14)
2025-03-07 22:58 +00:00:     at Module._extensions..js (node:internal/modules/cjs/loader:1548:10)
2025-03-07 22:58 +00:00:     at Module.load (node:internal/modules/cjs/loader:1288:32)
2025-03-07 22:58 +00:00:     at Module._load (node:internal/modules/cjs/loader:1104:12)
2025-03-07 22:58 +00:00:     at Object.<anonymous> (/usr/local/lib/node_modules/pm2/lib/ProcessContainerFork.js:33:23)
2025-03-07 22:58 +00:00:     at Module._compile (node:internal/modules/cjs/loader:1469:14)
2025-03-07 22:58 +00:00:     at Module._extensions..js (node:internal/modules/cjs/loader:1548:10)
2025-03-07 22:58 +00:00:     at Module.load (node:internal/modules/cjs/loader:1288:32)
2025-03-07 22:58 +00:00:     at Module._load (node:internal/modules/cjs/loader:1104:12)
2025-03-07 22:58 +00:00: [2025-03-07T22:58:37.386Z] [AI-WARROOM] [WARN] OpenRouter API key not provided. AI agents will not be available.
2025-03-07 22:58 +00:00: [2025-03-07T22:58:37.394Z] [AI-WARROOM] [ERROR] Static path does not exist: /root/code-server/dist/node/src/browser/pages
2025-03-07 22:58 +00:00: TypeError: Application.start is not a function
2025-03-07 22:58 +00:00:     at Object.<anonymous> (/root/code-server/dist/node/server.js:83:13)
2025-03-07 22:58 +00:00:     at Module._compile (node:internal/modules/cjs/loader:1469:14)
2025-03-07 22:58 +00:00:     at Module._extensions..js (node:internal/modules/cjs/loader:1548:10)
2025-03-07 22:58 +00:00:     at Module.load (node:internal/modules/cjs/loader:1288:32)
2025-03-07 22:58 +00:00:     at Module._load (node:internal/modules/cjs/loader:1104:12)
2025-03-07 22:58 +00:00:     at Object.<anonymous> (/usr/local/lib/node_modules/pm2/lib/ProcessContainerFork.js:33:23)
2025-03-07 22:58 +00:00:     at Module._compile (node:internal/modules/cjs/loader:1469:14)
2025-03-07 22:58 +00:00:     at Module._extensions..js (node:internal/modules/cjs/loader:1548:10)
2025-03-07 22:58 +00:00:     at Module.load (node:internal/modules/cjs/loader:1288:32)
2025-03-07 22:58 +00:00:     at Module._load (node:internal/modules/cjs/loader:1104:12)
2025-03-07 22:58 +00:00: [2025-03-07T22:58:38.129Z] [AI-WARROOM] [WARN] OpenRouter API key not provided. AI agents will not be available.
2025-03-07 22:58 +00:00: [2025-03-07T22:58:38.134Z] [AI-WARROOM] [ERROR] Static path does not exist: /root/code-server/dist/node/src/browser/pages
2025-03-07 22:58 +00:00: TypeError: Application.start is not a function
2025-03-07 22:58 +00:00:     at Object.<anonymous> (/root/code-server/dist/node/server.js:83:13)
2025-03-07 22:58 +00:00:     at Module._compile (node:internal/modules/cjs/loader:1469:14)
2025-03-07 22:58 +00:00:     at Module._extensions..js (node:internal/modules/cjs/loader:1548:10)
2025-03-07 22:58 +00:00:     at Module.load (node:internal/modules/cjs/loader:1288:32)
2025-03-07 22:58 +00:00:     at Module._load (node:internal/modules/cjs/loader:1104:12)
2025-03-07 22:58 +00:00:     at Object.<anonymous> (/usr/local/lib/node_modules/pm2/lib/ProcessContainerFork.js:33:23)
2025-03-07 22:58 +00:00:     at Module._compile (node:internal/modules/cjs/loader:1469:14)
2025-03-07 22:58 +00:00:     at Module._extensions..js (node:internal/modules/cjs/loader:1548:10)
2025-03-07 22:58 +00:00:     at Module.load (node:internal/modules/cjs/loader:1288:32)
2025-03-07 22:58 +00:00:     at Module._load (node:internal/modules/cjs/loader:1104:12)
2025-03-07 22:58 +00:00: [2025-03-07T22:58:38.804Z] [AI-WARROOM] [WARN] OpenRouter API key not provided. AI agents will not be available.
2025-03-07 22:58 +00:00: [2025-03-07T22:58:38.810Z] [AI-WARROOM] [ERROR] Static path does not exist: /root/code-server/dist/node/src/browser/pages
2025-03-07 22:58 +00:00: TypeError: Application.start is not a function
2025-03-07 22:58 +00:00:     at Object.<anonymous> (/root/code-server/dist/node/server.js:83:13)
2025-03-07 22:58 +00:00:     at Module._compile (node:internal/modules/cjs/loader:1469:14)
2025-03-07 22:58 +00:00:     at Module._extensions..js (node:internal/modules/cjs/loader:1548:10)
2025-03-07 22:58 +00:00:     at Module.load (node:internal/modules/cjs/loader:1288:32)
2025-03-07 22:58 +00:00:     at Module._load (node:internal/modules/cjs/loader:1104:12)
2025-03-07 22:58 +00:00:     at Object.<anonymous> (/usr/local/lib/node_modules/pm2/lib/ProcessContainerFork.js:33:23)
2025-03-07 22:58 +00:00:     at Module._compile (node:internal/modules/cjs/loader:1469:14)
2025-03-07 22:58 +00:00:     at Module._extensions..js (node:internal/modules/cjs/loader:1548:10)
2025-03-07 22:58 +00:00:     at Module.load (node:internal/modules/cjs/loader:1288:32)
2025-03-07 22:58 +00:00:     at Module._load (node:internal/modules/cjs/loader:1104:12)
2025-03-07 22:58 +00:00: [2025-03-07T22:58:39.376Z] [AI-WARROOM] [WARN] OpenRouter API key not provided. AI agents will not be available.
2025-03-07 22:58 +00:00: [2025-03-07T22:58:39.381Z] [AI-WARROOM] [ERROR] Static path does not exist: /root/code-server/dist/node/src/browser/pages
2025-03-07 22:58 +00:00: TypeError: Application.start is not a function
2025-03-07 22:58 +00:00:     at Object.<anonymous> (/root/code-server/dist/node/server.js:83:13)
2025-03-07 22:58 +00:00:     at Module._compile (node:internal/modules/cjs/loader:1469:14)
2025-03-07 22:58 +00:00:     at Module._extensions..js (node:internal/modules/cjs/loader:1548:10)
2025-03-07 22:58 +00:00:     at Module.load (node:internal/modules/cjs/loader:1288:32)
2025-03-07 22:58 +00:00:     at Module._load (node:internal/modules/cjs/loader:1104:12)
2025-03-07 22:58 +00:00:     at Object.<anonymous> (/usr/local/lib/node_modules/pm2/lib/ProcessContainerFork.js:33:23)
2025-03-07 22:58 +00:00:     at Module._compile (node:internal/modules/cjs/loader:1469:14)
2025-03-07 22:58 +00:00:     at Module._extensions..js (node:internal/modules/cjs/loader:1548:10)
2025-03-07 22:58 +00:00:     at Module.load (node:internal/modules/cjs/loader:1288:32)
2025-03-07 22:58 +00:00:     at Module._load (node:internal/modules/cjs/loader:1104:12)
2025-03-07 22:58 +00:00: [2025-03-07T22:58:39.978Z] [AI-WARROOM] [WARN] OpenRouter API key not provided. AI agents will not be available.
2025-03-07 22:58 +00:00: [2025-03-07T22:58:39.984Z] [AI-WARROOM] [ERROR] Static path does not exist: /root/code-server/dist/node/src/browser/pages
2025-03-07 22:58 +00:00: TypeError: Application.start is not a function
2025-03-07 22:58 +00:00:     at Object.<anonymous> (/root/code-server/dist/node/server.js:83:13)
2025-03-07 22:58 +00:00:     at Module._compile (node:internal/modules/cjs/loader:1469:14)
2025-03-07 22:58 +00:00:     at Module._extensions..js (node:internal/modules/cjs/loader:1548:10)
2025-03-07 22:58 +00:00:     at Module.load (node:internal/modules/cjs/loader:1288:32)
2025-03-07 22:58 +00:00:     at Module._load (node:internal/modules/cjs/loader:1104:12)
2025-03-07 22:58 +00:00:     at Object.<anonymous> (/usr/local/lib/node_modules/pm2/lib/ProcessContainerFork.js:33:23)
2025-03-07 22:58 +00:00:     at Module._compile (node:internal/modules/cjs/loader:1469:14)
2025-03-07 22:58 +00:00:     at Module._extensions..js (node:internal/modules/cjs/loader:1548:10)
2025-03-07 22:58 +00:00:     at Module.load (node:internal/modules/cjs/loader:1288:32)
2025-03-07 22:58 +00:00:     at Module._load (node:internal/modules/cjs/loader:1104:12)
2025-03-07 22:58 +00:00: [2025-03-07T22:58:40.564Z] [AI-WARROOM] [WARN] OpenRouter API key not provided. AI agents will not be available.
2025-03-07 22:58 +00:00: [2025-03-07T22:58:40.568Z] [AI-WARROOM] [ERROR] Static path does not exist: /root/code-server/dist/node/src/browser/pages
2025-03-07 22:58 +00:00: TypeError: Application.start is not a function
2025-03-07 22:58 +00:00:     at Object.<anonymous> (/root/code-server/dist/node/server.js:83:13)
2025-03-07 22:58 +00:00:     at Module._compile (node:internal/modules/cjs/loader:1469:14)
2025-03-07 22:58 +00:00:     at Module._extensions..js (node:internal/modules/cjs/loader:1548:10)
2025-03-07 22:58 +00:00:     at Module.load (node:internal/modules/cjs/loader:1288:32)
2025-03-07 22:58 +00:00:     at Module._load (node:internal/modules/cjs/loader:1104:12)
2025-03-07 22:58 +00:00:     at Object.<anonymous> (/usr/local/lib/node_modules/pm2/lib/ProcessContainerFork.js:33:23)
2025-03-07 22:58 +00:00:     at Module._compile (node:internal/modules/cjs/loader:1469:14)
2025-03-07 22:58 +00:00:     at Module._extensions..js (node:internal/modules/cjs/loader:1548:10)
2025-03-07 22:58 +00:00:     at Module.load (node:internal/modules/cjs/loader:1288:32)
2025-03-07 22:58 +00:00:     at Module._load (node:internal/modules/cjs/loader:1104:12)
2025-03-07 22:58 +00:00: [2025-03-07T22:58:41.159Z] [AI-WARROOM] [WARN] OpenRouter API key not provided. AI agents will not be available.
2025-03-07 22:58 +00:00: [2025-03-07T22:58:41.163Z] [AI-WARROOM] [ERROR] Static path does not exist: /root/code-server/dist/node/src/browser/pages
2025-03-07 22:58 +00:00: TypeError: Application.start is not a function
2025-03-07 22:58 +00:00:     at Object.<anonymous> (/root/code-server/dist/node/server.js:83:13)
2025-03-07 22:58 +00:00:     at Module._compile (node:internal/modules/cjs/loader:1469:14)
2025-03-07 22:58 +00:00:     at Module._extensions..js (node:internal/modules/cjs/loader:1548:10)
2025-03-07 22:58 +00:00:     at Module.load (node:internal/modules/cjs/loader:1288:32)
2025-03-07 22:58 +00:00:     at Module._load (node:internal/modules/cjs/loader:1104:12)
2025-03-07 22:58 +00:00:     at Object.<anonymous> (/usr/local/lib/node_modules/pm2/lib/ProcessContainerFork.js:33:23)
2025-03-07 22:58 +00:00:     at Module._compile (node:internal/modules/cjs/loader:1469:14)
2025-03-07 22:58 +00:00:     at Module._extensions..js (node:internal/modules/cjs/loader:1548:10)
2025-03-07 22:58 +00:00:     at Module.load (node:internal/modules/cjs/loader:1288:32)
2025-03-07 22:58 +00:00:     at Module._load (node:internal/modules/cjs/loader:1104:12)
2025-03-07 22:58 +00:00: [2025-03-07T22:58:41.731Z] [AI-WARROOM] [WARN] OpenRouter API key not provided. AI agents will not be available.
2025-03-07 22:58 +00:00: [2025-03-07T22:58:41.738Z] [AI-WARROOM] [ERROR] Static path does not exist: /root/code-server/dist/node/src/browser/pages
2025-03-07 22:58 +00:00: TypeError: Application.start is not a function
2025-03-07 22:58 +00:00:     at Object.<anonymous> (/root/code-server/dist/node/server.js:83:13)
2025-03-07 22:58 +00:00:     at Module._compile (node:internal/modules/cjs/loader:1469:14)
2025-03-07 22:58 +00:00:     at Module._extensions..js (node:internal/modules/cjs/loader:1548:10)
2025-03-07 22:58 +00:00:     at Module.load (node:internal/modules/cjs/loader:1288:32)
2025-03-07 22:58 +00:00:     at Module._load (node:internal/modules/cjs/loader:1104:12)
2025-03-07 22:58 +00:00:     at Object.<anonymous> (/usr/local/lib/node_modules/pm2/lib/ProcessContainerFork.js:33:23)
2025-03-07 22:58 +00:00:     at Module._compile (node:internal/modules/cjs/loader:1469:14)
2025-03-07 22:58 +00:00:     at Module._extensions..js (node:internal/modules/cjs/loader:1548:10)
2025-03-07 22:58 +00:00:     at Module.load (node:internal/modules/cjs/loader:1288:32)
2025-03-07 22:58 +00:00:     at Module._load (node:internal/modules/cjs/loader:1104:12)
2025-03-07 22:58 +00:00: [2025-03-07T22:58:42.324Z] [AI-WARROOM] [WARN] OpenRouter API key not provided. AI agents will not be available.
2025-03-07 22:58 +00:00: [2025-03-07T22:58:42.341Z] [AI-WARROOM] [ERROR] Static path does not exist: /root/code-server/dist/node/src/browser/pages
2025-03-07 22:58 +00:00: TypeError: Application.start is not a function
2025-03-07 22:58 +00:00:     at Object.<anonymous> (/root/code-server/dist/node/server.js:83:13)
2025-03-07 22:58 +00:00:     at Module._compile (node:internal/modules/cjs/loader:1469:14)
2025-03-07 22:58 +00:00:     at Module._extensions..js (node:internal/modules/cjs/loader:1548:10)
2025-03-07 22:58 +00:00:     at Module.load (node:internal/modules/cjs/loader:1288:32)
2025-03-07 22:58 +00:00:     at Module._load (node:internal/modules/cjs/loader:1104:12)
2025-03-07 22:58 +00:00:     at Object.<anonymous> (/usr/local/lib/node_modules/pm2/lib/ProcessContainerFork.js:33:23)
2025-03-07 22:58 +00:00:     at Module._compile (node:internal/modules/cjs/loader:1469:14)
2025-03-07 22:58 +00:00:     at Module._extensions..js (node:internal/modules/cjs/loader:1548:10)
2025-03-07 22:58 +00:00:     at Module.load (node:internal/modules/cjs/loader:1288:32)
2025-03-07 22:58 +00:00:     at Module._load (node:internal/modules/cjs/loader:1104:12)
2025-03-07 22:58 +00:00: [2025-03-07T22:58:42.921Z] [AI-WARROOM] [WARN] OpenRouter API key not provided. AI agents will not be available.
2025-03-07 22:58 +00:00: [2025-03-07T22:58:42.926Z] [AI-WARROOM] [ERROR] Static path does not exist: /root/code-server/dist/node/src/browser/pages
2025-03-07 22:58 +00:00: TypeError: Application.start is not a function
2025-03-07 22:58 +00:00:     at Object.<anonymous> (/root/code-server/dist/node/server.js:83:13)
2025-03-07 22:58 +00:00:     at Module._compile (node:internal/modules/cjs/loader:1469:14)
2025-03-07 22:58 +00:00:     at Module._extensions..js (node:internal/modules/cjs/loader:1548:10)
2025-03-07 22:58 +00:00:     at Module.load (node:internal/modules/cjs/loader:1288:32)
2025-03-07 22:58 +00:00:     at Module._load (node:internal/modules/cjs/loader:1104:12)
2025-03-07 22:58 +00:00:     at Object.<anonymous> (/usr/local/lib/node_modules/pm2/lib/ProcessContainerFork.js:33:23)
2025-03-07 22:58 +00:00:     at Module._compile (node:internal/modules/cjs/loader:1469:14)
2025-03-07 22:58 +00:00:     at Module._extensions..js (node:internal/modules/cjs/loader:1548:10)
2025-03-07 22:58 +00:00:     at Module.load (node:internal/modules/cjs/loader:1288:32)
2025-03-07 22:58 +00:00:     at Module._load (node:internal/modules/cjs/loader:1104:12)
2025-03-07 22:58 +00:00: [2025-03-07T22:58:43.529Z] [AI-WARROOM] [WARN] OpenRouter API key not provided. AI agents will not be available.
2025-03-07 22:58 +00:00: [2025-03-07T22:58:43.536Z] [AI-WARROOM] [ERROR] Static path does not exist: /root/code-server/dist/node/src/browser/pages
2025-03-07 22:58 +00:00: TypeError: Application.start is not a function
2025-03-07 22:58 +00:00:     at Object.<anonymous> (/root/code-server/dist/node/server.js:83:13)
2025-03-07 22:58 +00:00:     at Module._compile (node:internal/modules/cjs/loader:1469:14)
2025-03-07 22:58 +00:00:     at Module._extensions..js (node:internal/modules/cjs/loader:1548:10)
2025-03-07 22:58 +00:00:     at Module.load (node:internal/modules/cjs/loader:1288:32)
2025-03-07 22:58 +00:00:     at Module._load (node:internal/modules/cjs/loader:1104:12)
2025-03-07 22:58 +00:00:     at Object.<anonymous> (/usr/local/lib/node_modules/pm2/lib/ProcessContainerFork.js:33:23)
2025-03-07 22:58 +00:00:     at Module._compile (node:internal/modules/cjs/loader:1469:14)
2025-03-07 22:58 +00:00:     at Module._extensions..js (node:internal/modules/cjs/loader:1548:10)
2025-03-07 22:58 +00:00:     at Module.load (node:internal/modules/cjs/loader:1288:32)
2025-03-07 22:58 +00:00:     at Module._load (node:internal/modules/cjs/loader:1104:12)
2025-03-07 22:58 +00:00: [2025-03-07T22:58:44.239Z] [AI-WARROOM] [WARN] OpenRouter API key not provided. AI agents will not be available.
2025-03-07 22:58 +00:00: [2025-03-07T22:58:44.251Z] [AI-WARROOM] [ERROR] Static path does not exist: /root/code-server/dist/node/src/browser/pages
2025-03-07 22:58 +00:00: TypeError: Application.start is not a function
2025-03-07 22:58 +00:00:     at Object.<anonymous> (/root/code-server/dist/node/server.js:83:13)
2025-03-07 22:58 +00:00:     at Module._compile (node:internal/modules/cjs/loader:1469:14)
2025-03-07 22:58 +00:00:     at Module._extensions..js (node:internal/modules/cjs/loader:1548:10)
2025-03-07 22:58 +00:00:     at Module.load (node:internal/modules/cjs/loader:1288:32)
2025-03-07 22:58 +00:00:     at Module._load (node:internal/modules/cjs/loader:1104:12)
2025-03-07 22:58 +00:00:     at Object.<anonymous> (/usr/local/lib/node_modules/pm2/lib/ProcessContainerFork.js:33:23)
2025-03-07 22:58 +00:00:     at Module._compile (node:internal/modules/cjs/loader:1469:14)
2025-03-07 22:58 +00:00:     at Module._extensions..js (node:internal/modules/cjs/loader:1548:10)
2025-03-07 22:58 +00:00:     at Module.load (node:internal/modules/cjs/loader:1288:32)
2025-03-07 22:58 +00:00:     at Module._load (node:internal/modules/cjs/loader:1104:12)
2025-03-07 22:58 +00:00: [2025-03-07T22:58:44.793Z] [AI-WARROOM] [WARN] OpenRouter API key not provided. AI agents will not be available.
2025-03-07 22:58 +00:00: [2025-03-07T22:58:44.798Z] [AI-WARROOM] [ERROR] Static path does not exist: /root/code-server/dist/node/src/browser/pages
2025-03-07 22:58 +00:00: TypeError: Application.start is not a function
2025-03-07 22:58 +00:00:     at Object.<anonymous> (/root/code-server/dist/node/server.js:83:13)
2025-03-07 22:58 +00:00:     at Module._compile (node:internal/modules/cjs/loader:1469:14)
2025-03-07 22:58 +00:00:     at Module._extensions..js (node:internal/modules/cjs/loader:1548:10)
2025-03-07 22:58 +00:00:     at Module.load (node:internal/modules/cjs/loader:1288:32)
2025-03-07 22:58 +00:00:     at Module._load (node:internal/modules/cjs/loader:1104:12)
2025-03-07 22:58 +00:00:     at Object.<anonymous> (/usr/local/lib/node_modules/pm2/lib/ProcessContainerFork.js:33:23)
2025-03-07 22:58 +00:00:     at Module._compile (node:internal/modules/cjs/loader:1469:14)
2025-03-07 22:58 +00:00:     at Module._extensions..js (node:internal/modules/cjs/loader:1548:10)
2025-03-07 22:58 +00:00:     at Module.load (node:internal/modules/cjs/loader:1288:32)
2025-03-07 22:58 +00:00:     at Module._load (node:internal/modules/cjs/loader:1104:12)
2025-03-07 22:58 +00:00: [2025-03-07T22:58:45.377Z] [AI-WARROOM] [WARN] OpenRouter API key not provided. AI agents will not be available.
2025-03-07 22:58 +00:00: [2025-03-07T22:58:45.383Z] [AI-WARROOM] [ERROR] Static path does not exist: /root/code-server/dist/node/src/browser/pages
2025-03-07 22:58 +00:00: TypeError: Application.start is not a function
2025-03-07 22:58 +00:00:     at Object.<anonymous> (/root/code-server/dist/node/server.js:83:13)
2025-03-07 22:58 +00:00:     at Module._compile (node:internal/modules/cjs/loader:1469:14)
2025-03-07 22:58 +00:00:     at Module._extensions..js (node:internal/modules/cjs/loader:1548:10)
2025-03-07 22:58 +00:00:     at Module.load (node:internal/modules/cjs/loader:1288:32)
2025-03-07 22:58 +00:00:     at Module._load (node:internal/modules/cjs/loader:1104:12)
2025-03-07 22:58 +00:00:     at Object.<anonymous> (/usr/local/lib/node_modules/pm2/lib/ProcessContainerFork.js:33:23)
2025-03-07 22:58 +00:00:     at Module._compile (node:internal/modules/cjs/loader:1469:14)
2025-03-07 22:58 +00:00:     at Module._extensions..js (node:internal/modules/cjs/loader:1548:10)
2025-03-07 22:58 +00:00:     at Module.load (node:internal/modules/cjs/loader:1288:32)
2025-03-07 22:58 +00:00:     at Module._load (node:internal/modules/cjs/loader:1104:12)
2025-03-07 22:58 +00:00: [2025-03-07T22:58:45.970Z] [AI-WARROOM] [WARN] OpenRouter API key not provided. AI agents will not be available.
2025-03-07 22:58 +00:00: [2025-03-07T22:58:45.974Z] [AI-WARROOM] [ERROR] Static path does not exist: /root/code-server/dist/node/src/browser/pages
2025-03-07 22:58 +00:00: TypeError: Application.start is not a function
2025-03-07 22:58 +00:00:     at Object.<anonymous> (/root/code-server/dist/node/server.js:83:13)
2025-03-07 22:58 +00:00:     at Module._compile (node:internal/modules/cjs/loader:1469:14)
2025-03-07 22:58 +00:00:     at Module._extensions..js (node:internal/modules/cjs/loader:1548:10)
2025-03-07 22:58 +00:00:     at Module.load (node:internal/modules/cjs/loader:1288:32)
2025-03-07 22:58 +00:00:     at Module._load (node:internal/modules/cjs/loader:1104:12)
2025-03-07 22:58 +00:00:     at Object.<anonymous> (/usr/local/lib/node_modules/pm2/lib/ProcessContainerFork.js:33:23)
2025-03-07 22:58 +00:00:     at Module._compile (node:internal/modules/cjs/loader:1469:14)
2025-03-07 22:58 +00:00:     at Module._extensions..js (node:internal/modules/cjs/loader:1548:10)
2025-03-07 22:58 +00:00:     at Module.load (node:internal/modules/cjs/loader:1288:32)
2025-03-07 22:58 +00:00:     at Module._load (node:internal/modules/cjs/loader:1104:12)
2025-03-07 22:58 +00:00: [2025-03-07T22:58:46.520Z] [AI-WARROOM] [WARN] OpenRouter API key not provided. AI agents will not be available.
2025-03-07 22:58 +00:00: [2025-03-07T22:58:46.530Z] [AI-WARROOM] [ERROR] Static path does not exist: /root/code-server/dist/node/src/browser/pages
2025-03-07 22:58 +00:00: TypeError: Application.start is not a function
2025-03-07 22:58 +00:00:     at Object.<anonymous> (/root/code-server/dist/node/server.js:83:13)
2025-03-07 22:58 +00:00:     at Module._compile (node:internal/modules/cjs/loader:1469:14)
2025-03-07 22:58 +00:00:     at Module._extensions..js (node:internal/modules/cjs/loader:1548:10)
2025-03-07 22:58 +00:00:     at Module.load (node:internal/modules/cjs/loader:1288:32)
2025-03-07 22:58 +00:00:     at Module._load (node:internal/modules/cjs/loader:1104:12)
2025-03-07 22:58 +00:00:     at Object.<anonymous> (/usr/local/lib/node_modules/pm2/lib/ProcessContainerFork.js:33:23)
2025-03-07 22:58 +00:00:     at Module._compile (node:internal/modules/cjs/loader:1469:14)
2025-03-07 22:58 +00:00:     at Module._extensions..js (node:internal/modules/cjs/loader:1548:10)
2025-03-07 22:58 +00:00:     at Module.load (node:internal/modules/cjs/loader:1288:32)
2025-03-07 22:58 +00:00:     at Module._load (node:internal/modules/cjs/loader:1104:12)
2025-03-07 22:58 +00:00: [2025-03-07T22:58:47.090Z] [AI-WARROOM] [WARN] OpenRouter API key not provided. AI agents will not be available.
2025-03-07 22:58 +00:00: [2025-03-07T22:58:47.094Z] [AI-WARROOM] [ERROR] Static path does not exist: /root/code-server/dist/node/src/browser/pages
2025-03-07 22:58 +00:00: TypeError: Application.start is not a function
2025-03-07 22:58 +00:00:     at Object.<anonymous> (/root/code-server/dist/node/server.js:83:13)
2025-03-07 22:58 +00:00:     at Module._compile (node:internal/modules/cjs/loader:1469:14)
2025-03-07 22:58 +00:00:     at Module._extensions..js (node:internal/modules/cjs/loader:1548:10)
2025-03-07 22:58 +00:00:     at Module.load (node:internal/modules/cjs/loader:1288:32)
2025-03-07 22:58 +00:00:     at Module._load (node:internal/modules/cjs/loader:1104:12)
2025-03-07 22:58 +00:00:     at Object.<anonymous> (/usr/local/lib/node_modules/pm2/lib/ProcessContainerFork.js:33:23)
2025-03-07 22:58 +00:00:     at Module._compile (node:internal/modules/cjs/loader:1469:14)
2025-03-07 22:58 +00:00:     at Module._extensions..js (node:internal/modules/cjs/loader:1548:10)
2025-03-07 22:58 +00:00:     at Module.load (node:internal/modules/cjs/loader:1288:32)
2025-03-07 22:58 +00:00:     at Module._load (node:internal/modules/cjs/loader:1104:12)
2025-03-07 22:58 +00:00: [2025-03-07T22:58:47.611Z] [AI-WARROOM] [WARN] OpenRouter API key not provided. AI agents will not be available.
2025-03-07 22:58 +00:00: [2025-03-07T22:58:47.626Z] [AI-WARROOM] [ERROR] Static path does not exist: /root/code-server/dist/node/src/browser/pages
2025-03-07 22:58 +00:00: TypeError: Application.start is not a function
2025-03-07 22:58 +00:00:     at Object.<anonymous> (/root/code-server/dist/node/server.js:83:13)
2025-03-07 22:58 +00:00:     at Module._compile (node:internal/modules/cjs/loader:1469:14)
2025-03-07 22:58 +00:00:     at Module._extensions..js (node:internal/modules/cjs/loader:1548:10)
2025-03-07 22:58 +00:00:     at Module.load (node:internal/modules/cjs/loader:1288:32)
2025-03-07 22:58 +00:00:     at Module._load (node:internal/modules/cjs/loader:1104:12)
2025-03-07 22:58 +00:00:     at Object.<anonymous> (/usr/local/lib/node_modules/pm2/lib/ProcessContainerFork.js:33:23)
2025-03-07 22:58 +00:00:     at Module._compile (node:internal/modules/cjs/loader:1469:14)
2025-03-07 22:58 +00:00:     at Module._extensions..js (node:internal/modules/cjs/loader:1548:10)
2025-03-07 22:58 +00:00:     at Module.load (node:internal/modules/cjs/loader:1288:32)
2025-03-07 22:58 +00:00:     at Module._load (node:internal/modules/cjs/loader:1104:12)
2025-03-07 22:58 +00:00: [2025-03-07T22:58:48.191Z] [AI-WARROOM] [WARN] OpenRouter API key not provided. AI agents will not be available.
2025-03-07 22:58 +00:00: [2025-03-07T22:58:48.202Z] [AI-WARROOM] [ERROR] Static path does not exist: /root/code-server/dist/node/src/browser/pages
2025-03-07 22:58 +00:00: TypeError: Application.start is not a function
2025-03-07 22:58 +00:00:     at Object.<anonymous> (/root/code-server/dist/node/server.js:83:13)
2025-03-07 22:58 +00:00:     at Module._compile (node:internal/modules/cjs/loader:1469:14)
2025-03-07 22:58 +00:00:     at Module._extensions..js (node:internal/modules/cjs/loader:1548:10)
2025-03-07 22:58 +00:00:     at Module.load (node:internal/modules/cjs/loader:1288:32)
2025-03-07 22:58 +00:00:     at Module._load (node:internal/modules/cjs/loader:1104:12)
2025-03-07 22:58 +00:00:     at Object.<anonymous> (/usr/local/lib/node_modules/pm2/lib/ProcessContainerFork.js:33:23)
2025-03-07 22:58 +00:00:     at Module._compile (node:internal/modules/cjs/loader:1469:14)
2025-03-07 22:58 +00:00:     at Module._extensions..js (node:internal/modules/cjs/loader:1548:10)
2025-03-07 22:58 +00:00:     at Module.load (node:internal/modules/cjs/loader:1288:32)
2025-03-07 22:58 +00:00:     at Module._load (node:internal/modules/cjs/loader:1104:12)
2025-03-07 22:58 +00:00: [2025-03-07T22:58:48.729Z] [AI-WARROOM] [WARN] OpenRouter API key not provided. AI agents will not be available.
2025-03-07 22:58 +00:00: [2025-03-07T22:58:48.734Z] [AI-WARROOM] [ERROR] Static path does not exist: /root/code-server/dist/node/src/browser/pages
2025-03-07 22:58 +00:00: TypeError: Application.start is not a function
2025-03-07 22:58 +00:00:     at Object.<anonymous> (/root/code-server/dist/node/server.js:83:13)
2025-03-07 22:58 +00:00:     at Module._compile (node:internal/modules/cjs/loader:1469:14)
2025-03-07 22:58 +00:00:     at Module._extensions..js (node:internal/modules/cjs/loader:1548:10)
2025-03-07 22:58 +00:00:     at Module.load (node:internal/modules/cjs/loader:1288:32)
2025-03-07 22:58 +00:00:     at Module._load (node:internal/modules/cjs/loader:1104:12)
2025-03-07 22:58 +00:00:     at Object.<anonymous> (/usr/local/lib/node_modules/pm2/lib/ProcessContainerFork.js:33:23)
2025-03-07 22:58 +00:00:     at Module._compile (node:internal/modules/cjs/loader:1469:14)
2025-03-07 22:58 +00:00:     at Module._extensions..js (node:internal/modules/cjs/loader:1548:10)
2025-03-07 22:58 +00:00:     at Module.load (node:internal/modules/cjs/loader:1288:32)
2025-03-07 22:58 +00:00:     at Module._load (node:internal/modules/cjs/loader:1104:12)
2025-03-07 22:58 +00:00: [2025-03-07T22:58:49.298Z] [AI-WARROOM] [WARN] OpenRouter API key not provided. AI agents will not be available.
2025-03-07 22:58 +00:00: [2025-03-07T22:58:49.304Z] [AI-WARROOM] [ERROR] Static path does not exist: /root/code-server/dist/node/src/browser/pages
2025-03-07 22:58 +00:00: TypeError: Application.start is not a function
2025-03-07 22:58 +00:00:     at Object.<anonymous> (/root/code-server/dist/node/server.js:83:13)
2025-03-07 22:58 +00:00:     at Module._compile (node:internal/modules/cjs/loader:1469:14)
2025-03-07 22:58 +00:00:     at Module._extensions..js (node:internal/modules/cjs/loader:1548:10)
2025-03-07 22:58 +00:00:     at Module.load (node:internal/modules/cjs/loader:1288:32)
2025-03-07 22:58 +00:00:     at Module._load (node:internal/modules/cjs/loader:1104:12)
2025-03-07 22:58 +00:00:     at Object.<anonymous> (/usr/local/lib/node_modules/pm2/lib/ProcessContainerFork.js:33:23)
2025-03-07 22:58 +00:00:     at Module._compile (node:internal/modules/cjs/loader:1469:14)
2025-03-07 22:58 +00:00:     at Module._extensions..js (node:internal/modules/cjs/loader:1548:10)
2025-03-07 22:58 +00:00:     at Module.load (node:internal/modules/cjs/loader:1288:32)
2025-03-07 22:58 +00:00:     at Module._load (node:internal/modules/cjs/loader:1104:12)
2025-03-07 22:58 +00:00: [2025-03-07T22:58:49.879Z] [AI-WARROOM] [WARN] OpenRouter API key not provided. AI agents will not be available.
2025-03-07 22:58 +00:00: [2025-03-07T22:58:49.890Z] [AI-WARROOM] [ERROR] Static path does not exist: /root/code-server/dist/node/src/browser/pages
2025-03-07 22:58 +00:00: TypeError: Application.start is not a function
2025-03-07 22:58 +00:00:     at Object.<anonymous> (/root/code-server/dist/node/server.js:83:13)
2025-03-07 22:58 +00:00:     at Module._compile (node:internal/modules/cjs/loader:1469:14)
2025-03-07 22:58 +00:00:     at Module._extensions..js (node:internal/modules/cjs/loader:1548:10)
2025-03-07 22:58 +00:00:     at Module.load (node:internal/modules/cjs/loader:1288:32)
2025-03-07 22:58 +00:00:     at Module._load (node:internal/modules/cjs/loader:1104:12)
2025-03-07 22:58 +00:00:     at Object.<anonymous> (/usr/local/lib/node_modules/pm2/lib/ProcessContainerFork.js:33:23)
2025-03-07 22:58 +00:00:     at Module._compile (node:internal/modules/cjs/loader:1469:14)
2025-03-07 22:58 +00:00:     at Module._extensions..js (node:internal/modules/cjs/loader:1548:10)
2025-03-07 22:58 +00:00:     at Module.load (node:internal/modules/cjs/loader:1288:32)
2025-03-07 22:58 +00:00:     at Module._load (node:internal/modules/cjs/loader:1104:12)
2025-03-07 22:58 +00:00: [2025-03-07T22:58:50.451Z] [AI-WARROOM] [WARN] OpenRouter API key not provided. AI agents will not be available.
2025-03-07 22:58 +00:00: [2025-03-07T22:58:50.460Z] [AI-WARROOM] [ERROR] Static path does not exist: /root/code-server/dist/node/src/browser/pages
2025-03-07 22:58 +00:00: TypeError: Application.start is not a function
2025-03-07 22:58 +00:00:     at Object.<anonymous> (/root/code-server/dist/node/server.js:83:13)
2025-03-07 22:58 +00:00:     at Module._compile (node:internal/modules/cjs/loader:1469:14)
2025-03-07 22:58 +00:00:     at Module._extensions..js (node:internal/modules/cjs/loader:1548:10)
2025-03-07 22:58 +00:00:     at Module.load (node:internal/modules/cjs/loader:1288:32)
2025-03-07 22:58 +00:00:     at Module._load (node:internal/modules/cjs/loader:1104:12)
2025-03-07 22:58 +00:00:     at Object.<anonymous> (/usr/local/lib/node_modules/pm2/lib/ProcessContainerFork.js:33:23)
2025-03-07 22:58 +00:00:     at Module._compile (node:internal/modules/cjs/loader:1469:14)
2025-03-07 22:58 +00:00:     at Module._extensions..js (node:internal/modules/cjs/loader:1548:10)
2025-03-07 22:58 +00:00:     at Module.load (node:internal/modules/cjs/loader:1288:32)
2025-03-07 22:58 +00:00:     at Module._load (node:internal/modules/cjs/loader:1104:12)
2025-03-07 22:58 +00:00: [2025-03-07T22:58:51.001Z] [AI-WARROOM] [WARN] OpenRouter API key not provided. AI agents will not be available.
2025-03-07 22:58 +00:00: [2025-03-07T22:58:51.007Z] [AI-WARROOM] [ERROR] Static path does not exist: /root/code-server/dist/node/src/browser/pages
2025-03-07 22:58 +00:00: TypeError: Application.start is not a function
2025-03-07 22:58 +00:00:     at Object.<anonymous> (/root/code-server/dist/node/server.js:83:13)
2025-03-07 22:58 +00:00:     at Module._compile (node:internal/modules/cjs/loader:1469:14)
2025-03-07 22:58 +00:00:     at Module._extensions..js (node:internal/modules/cjs/loader:1548:10)
2025-03-07 22:58 +00:00:     at Module.load (node:internal/modules/cjs/loader:1288:32)
2025-03-07 22:58 +00:00:     at Module._load (node:internal/modules/cjs/loader:1104:12)
2025-03-07 22:58 +00:00:     at Object.<anonymous> (/usr/local/lib/node_modules/pm2/lib/ProcessContainerFork.js:33:23)
2025-03-07 22:58 +00:00:     at Module._compile (node:internal/modules/cjs/loader:1469:14)
2025-03-07 22:58 +00:00:     at Module._extensions..js (node:internal/modules/cjs/loader:1548:10)
2025-03-07 22:58 +00:00:     at Module.load (node:internal/modules/cjs/loader:1288:32)
2025-03-07 22:58 +00:00:     at Module._load (node:internal/modules/cjs/loader:1104:12)
2025-03-07 22:58 +00:00: [2025-03-07T22:58:51.556Z] [AI-WARROOM] [WARN] OpenRouter API key not provided. AI agents will not be available.
2025-03-07 22:58 +00:00: [2025-03-07T22:58:51.566Z] [AI-WARROOM] [ERROR] Static path does not exist: /root/code-server/dist/node/src/browser/pages
2025-03-07 22:58 +00:00: TypeError: Application.start is not a function
2025-03-07 22:58 +00:00:     at Object.<anonymous> (/root/code-server/dist/node/server.js:83:13)
2025-03-07 22:58 +00:00:     at Module._compile (node:internal/modules/cjs/loader:1469:14)
2025-03-07 22:58 +00:00:     at Module._extensions..js (node:internal/modules/cjs/loader:1548:10)
2025-03-07 22:58 +00:00:     at Module.load (node:internal/modules/cjs/loader:1288:32)
2025-03-07 22:58 +00:00:     at Module._load (node:internal/modules/cjs/loader:1104:12)
2025-03-07 22:58 +00:00:     at Object.<anonymous> (/usr/local/lib/node_modules/pm2/lib/ProcessContainerFork.js:33:23)
2025-03-07 22:58 +00:00:     at Module._compile (node:internal/modules/cjs/loader:1469:14)
2025-03-07 22:58 +00:00:     at Module._extensions..js (node:internal/modules/cjs/loader:1548:10)
2025-03-07 22:58 +00:00:     at Module.load (node:internal/modules/cjs/loader:1288:32)
2025-03-07 22:58 +00:00:     at Module._load (node:internal/modules/cjs/loader:1104:12)
2025-03-07 22:58 +00:00: [2025-03-07T22:58:52.129Z] [AI-WARROOM] [WARN] OpenRouter API key not provided. AI agents will not be available.
2025-03-07 22:58 +00:00: [2025-03-07T22:58:52.134Z] [AI-WARROOM] [ERROR] Static path does not exist: /root/code-server/dist/node/src/browser/pages
2025-03-07 22:58 +00:00: TypeError: Application.start is not a function
2025-03-07 22:58 +00:00:     at Object.<anonymous> (/root/code-server/dist/node/server.js:83:13)
2025-03-07 22:58 +00:00:     at Module._compile (node:internal/modules/cjs/loader:1469:14)
2025-03-07 22:58 +00:00:     at Module._extensions..js (node:internal/modules/cjs/loader:1548:10)
2025-03-07 22:58 +00:00:     at Module.load (node:internal/modules/cjs/loader:1288:32)
2025-03-07 22:58 +00:00:     at Module._load (node:internal/modules/cjs/loader:1104:12)
2025-03-07 22:58 +00:00:     at Object.<anonymous> (/usr/local/lib/node_modules/pm2/lib/ProcessContainerFork.js:33:23)
2025-03-07 22:58 +00:00:     at Module._compile (node:internal/modules/cjs/loader:1469:14)
2025-03-07 22:58 +00:00:     at Module._extensions..js (node:internal/modules/cjs/loader:1548:10)
2025-03-07 22:58 +00:00:     at Module.load (node:internal/modules/cjs/loader:1288:32)
2025-03-07 22:58 +00:00:     at Module._load (node:internal/modules/cjs/loader:1104:12)
2025-03-07 22:58 +00:00: [2025-03-07T22:58:52.655Z] [AI-WARROOM] [WARN] OpenRouter API key not provided. AI agents will not be available.
2025-03-07 22:58 +00:00: [2025-03-07T22:58:52.659Z] [AI-WARROOM] [ERROR] Static path does not exist: /root/code-server/dist/node/src/browser/pages
2025-03-07 22:58 +00:00: TypeError: Application.start is not a function
2025-03-07 22:58 +00:00:     at Object.<anonymous> (/root/code-server/dist/node/server.js:83:13)
2025-03-07 22:58 +00:00:     at Module._compile (node:internal/modules/cjs/loader:1469:14)
2025-03-07 22:58 +00:00:     at Module._extensions..js (node:internal/modules/cjs/loader:1548:10)
2025-03-07 22:58 +00:00:     at Module.load (node:internal/modules/cjs/loader:1288:32)
2025-03-07 22:58 +00:00:     at Module._load (node:internal/modules/cjs/loader:1104:12)
2025-03-07 22:58 +00:00:     at Object.<anonymous> (/usr/local/lib/node_modules/pm2/lib/ProcessContainerFork.js:33:23)
2025-03-07 22:58 +00:00:     at Module._compile (node:internal/modules/cjs/loader:1469:14)
2025-03-07 22:58 +00:00:     at Module._extensions..js (node:internal/modules/cjs/loader:1548:10)
2025-03-07 22:58 +00:00:     at Module.load (node:internal/modules/cjs/loader:1288:32)
2025-03-07 22:58 +00:00:     at Module._load (node:internal/modules/cjs/loader:1104:12)
2025-03-07 22:58 +00:00: [2025-03-07T22:58:53.231Z] [AI-WARROOM] [WARN] OpenRouter API key not provided. AI agents will not be available.
2025-03-07 22:58 +00:00: [2025-03-07T22:58:53.237Z] [AI-WARROOM] [ERROR] Static path does not exist: /root/code-server/dist/node/src/browser/pages
2025-03-07 22:58 +00:00: TypeError: Application.start is not a function
2025-03-07 22:58 +00:00:     at Object.<anonymous> (/root/code-server/dist/node/server.js:83:13)
2025-03-07 22:58 +00:00:     at Module._compile (node:internal/modules/cjs/loader:1469:14)
2025-03-07 22:58 +00:00:     at Module._extensions..js (node:internal/modules/cjs/loader:1548:10)
2025-03-07 22:58 +00:00:     at Module.load (node:internal/modules/cjs/loader:1288:32)
2025-03-07 22:58 +00:00:     at Module._load (node:internal/modules/cjs/loader:1104:12)
2025-03-07 22:58 +00:00:     at Object.<anonymous> (/usr/local/lib/node_modules/pm2/lib/ProcessContainerFork.js:33:23)
2025-03-07 22:58 +00:00:     at Module._compile (node:internal/modules/cjs/loader:1469:14)
2025-03-07 22:58 +00:00:     at Module._extensions..js (node:internal/modules/cjs/loader:1548:10)
2025-03-07 22:58 +00:00:     at Module.load (node:internal/modules/cjs/loader:1288:32)
2025-03-07 22:58 +00:00:     at Module._load (node:internal/modules/cjs/loader:1104:12)
2025-03-07 22:58 +00:00: [2025-03-07T22:58:53.777Z] [AI-WARROOM] [WARN] OpenRouter API key not provided. AI agents will not be available.
2025-03-07 22:58 +00:00: [2025-03-07T22:58:53.789Z] [AI-WARROOM] [ERROR] Static path does not exist: /root/code-server/dist/node/src/browser/pages
2025-03-07 22:58 +00:00: TypeError: Application.start is not a function
2025-03-07 22:58 +00:00:     at Object.<anonymous> (/root/code-server/dist/node/server.js:83:13)
2025-03-07 22:58 +00:00:     at Module._compile (node:internal/modules/cjs/loader:1469:14)
2025-03-07 22:58 +00:00:     at Module._extensions..js (node:internal/modules/cjs/loader:1548:10)
2025-03-07 22:58 +00:00:     at Module.load (node:internal/modules/cjs/loader:1288:32)
2025-03-07 22:58 +00:00:     at Module._load (node:internal/modules/cjs/loader:1104:12)
2025-03-07 22:58 +00:00:     at Object.<anonymous> (/usr/local/lib/node_modules/pm2/lib/ProcessContainerFork.js:33:23)
2025-03-07 22:58 +00:00:     at Module._compile (node:internal/modules/cjs/loader:1469:14)
2025-03-07 22:58 +00:00:     at Module._extensions..js (node:internal/modules/cjs/loader:1548:10)
2025-03-07 22:58 +00:00:     at Module.load (node:internal/modules/cjs/loader:1288:32)
2025-03-07 22:58 +00:00:     at Module._load (node:internal/modules/cjs/loader:1104:12)
2025-03-07 22:58 +00:00: [2025-03-07T22:58:54.353Z] [AI-WARROOM] [WARN] OpenRouter API key not provided. AI agents will not be available.
2025-03-07 22:58 +00:00: [2025-03-07T22:58:54.357Z] [AI-WARROOM] [ERROR] Static path does not exist: /root/code-server/dist/node/src/browser/pages
2025-03-07 22:58 +00:00: TypeError: Application.start is not a function
2025-03-07 22:58 +00:00:     at Object.<anonymous> (/root/code-server/dist/node/server.js:83:13)
2025-03-07 22:58 +00:00:     at Module._compile (node:internal/modules/cjs/loader:1469:14)
2025-03-07 22:58 +00:00:     at Module._extensions..js (node:internal/modules/cjs/loader:1548:10)
2025-03-07 22:58 +00:00:     at Module.load (node:internal/modules/cjs/loader:1288:32)
2025-03-07 22:58 +00:00:     at Module._load (node:internal/modules/cjs/loader:1104:12)
2025-03-07 22:58 +00:00:     at Object.<anonymous> (/usr/local/lib/node_modules/pm2/lib/ProcessContainerFork.js:33:23)
2025-03-07 22:58 +00:00:     at Module._compile (node:internal/modules/cjs/loader:1469:14)
2025-03-07 22:58 +00:00:     at Module._extensions..js (node:internal/modules/cjs/loader:1548:10)
2025-03-07 22:58 +00:00:     at Module.load (node:internal/modules/cjs/loader:1288:32)
2025-03-07 22:58 +00:00:     at Module._load (node:internal/modules/cjs/loader:1104:12)
2025-03-07 22:58 +00:00: [2025-03-07T22:58:54.904Z] [AI-WARROOM] [WARN] OpenRouter API key not provided. AI agents will not be available.
2025-03-07 22:58 +00:00: [2025-03-07T22:58:54.909Z] [AI-WARROOM] [ERROR] Static path does not exist: /root/code-server/dist/node/src/browser/pages
2025-03-07 22:58 +00:00: TypeError: Application.start is not a function
2025-03-07 22:58 +00:00:     at Object.<anonymous> (/root/code-server/dist/node/server.js:83:13)
2025-03-07 22:58 +00:00:     at Module._compile (node:internal/modules/cjs/loader:1469:14)
2025-03-07 22:58 +00:00:     at Module._extensions..js (node:internal/modules/cjs/loader:1548:10)
2025-03-07 22:58 +00:00:     at Module.load (node:internal/modules/cjs/loader:1288:32)
2025-03-07 22:58 +00:00:     at Module._load (node:internal/modules/cjs/loader:1104:12)
2025-03-07 22:58 +00:00:     at Object.<anonymous> (/usr/local/lib/node_modules/pm2/lib/ProcessContainerFork.js:33:23)
2025-03-07 22:58 +00:00:     at Module._compile (node:internal/modules/cjs/loader:1469:14)
2025-03-07 22:58 +00:00:     at Module._extensions..js (node:internal/modules/cjs/loader:1548:10)
2025-03-07 22:58 +00:00:     at Module.load (node:internal/modules/cjs/loader:1288:32)
2025-03-07 22:58 +00:00:     at Module._load (node:internal/modules/cjs/loader:1104:12)
2025-03-07 22:58 +00:00: [2025-03-07T22:58:55.464Z] [AI-WARROOM] [WARN] OpenRouter API key not provided. AI agents will not be available.
2025-03-07 22:58 +00:00: [2025-03-07T22:58:55.469Z] [AI-WARROOM] [ERROR] Static path does not exist: /root/code-server/dist/node/src/browser/pages
2025-03-07 22:58 +00:00: TypeError: Application.start is not a function
2025-03-07 22:58 +00:00:     at Object.<anonymous> (/root/code-server/dist/node/server.js:83:13)
2025-03-07 22:58 +00:00:     at Module._compile (node:internal/modules/cjs/loader:1469:14)
2025-03-07 22:58 +00:00:     at Module._extensions..js (node:internal/modules/cjs/loader:1548:10)
2025-03-07 22:58 +00:00:     at Module.load (node:internal/modules/cjs/loader:1288:32)
2025-03-07 22:58 +00:00:     at Module._load (node:internal/modules/cjs/loader:1104:12)
2025-03-07 22:58 +00:00:     at Object.<anonymous> (/usr/local/lib/node_modules/pm2/lib/ProcessContainerFork.js:33:23)
2025-03-07 22:58 +00:00:     at Module._compile (node:internal/modules/cjs/loader:1469:14)
2025-03-07 22:58 +00:00:     at Module._extensions..js (node:internal/modules/cjs/loader:1548:10)
2025-03-07 22:58 +00:00:     at Module.load (node:internal/modules/cjs/loader:1288:32)
2025-03-07 22:58 +00:00:     at Module._load (node:internal/modules/cjs/loader:1104:12)
2025-03-07 22:58 +00:00: [2025-03-07T22:58:56.034Z] [AI-WARROOM] [WARN] OpenRouter API key not provided. AI agents will not be available.
2025-03-07 22:58 +00:00: [2025-03-07T22:58:56.048Z] [AI-WARROOM] [ERROR] Static path does not exist: /root/code-server/dist/node/src/browser/pages
2025-03-07 22:58 +00:00: TypeError: Application.start is not a function
2025-03-07 22:58 +00:00:     at Object.<anonymous> (/root/code-server/dist/node/server.js:83:13)
2025-03-07 22:58 +00:00:     at Module._compile (node:internal/modules/cjs/loader:1469:14)
2025-03-07 22:58 +00:00:     at Module._extensions..js (node:internal/modules/cjs/loader:1548:10)
2025-03-07 22:58 +00:00:     at Module.load (node:internal/modules/cjs/loader:1288:32)
2025-03-07 22:58 +00:00:     at Module._load (node:internal/modules/cjs/loader:1104:12)
2025-03-07 22:58 +00:00:     at Object.<anonymous> (/usr/local/lib/node_modules/pm2/lib/ProcessContainerFork.js:33:23)
2025-03-07 22:58 +00:00:     at Module._compile (node:internal/modules/cjs/loader:1469:14)
2025-03-07 22:58 +00:00:     at Module._extensions..js (node:internal/modules/cjs/loader:1548:10)
2025-03-07 22:58 +00:00:     at Module.load (node:internal/modules/cjs/loader:1288:32)
2025-03-07 22:58 +00:00:     at Module._load (node:internal/modules/cjs/loader:1104:12)
2025-03-07 22:58 +00:00: [2025-03-07T22:58:56.604Z] [AI-WARROOM] [WARN] OpenRouter API key not provided. AI agents will not be available.
2025-03-07 22:58 +00:00: [2025-03-07T22:58:56.611Z] [AI-WARROOM] [ERROR] Static path does not exist: /root/code-server/dist/node/src/browser/pages
2025-03-07 22:58 +00:00: TypeError: Application.start is not a function
2025-03-07 22:58 +00:00:     at Object.<anonymous> (/root/code-server/dist/node/server.js:83:13)
2025-03-07 22:58 +00:00:     at Module._compile (node:internal/modules/cjs/loader:1469:14)
2025-03-07 22:58 +00:00:     at Module._extensions..js (node:internal/modules/cjs/loader:1548:10)
2025-03-07 22:58 +00:00:     at Module.load (node:internal/modules/cjs/loader:1288:32)
2025-03-07 22:58 +00:00:     at Module._load (node:internal/modules/cjs/loader:1104:12)
2025-03-07 22:58 +00:00:     at Object.<anonymous> (/usr/local/lib/node_modules/pm2/lib/ProcessContainerFork.js:33:23)
2025-03-07 22:58 +00:00:     at Module._compile (node:internal/modules/cjs/loader:1469:14)
2025-03-07 22:58 +00:00:     at Module._extensions..js (node:internal/modules/cjs/loader:1548:10)
2025-03-07 22:58 +00:00:     at Module.load (node:internal/modules/cjs/loader:1288:32)
2025-03-07 22:58 +00:00:     at Module._load (node:internal/modules/cjs/loader:1104:12)
2025-03-07 22:58 +00:00: [2025-03-07T22:58:57.201Z] [AI-WARROOM] [WARN] OpenRouter API key not provided. AI agents will not be available.
2025-03-07 22:58 +00:00: [2025-03-07T22:58:57.206Z] [AI-WARROOM] [ERROR] Static path does not exist: /root/code-server/dist/node/src/browser/pages
2025-03-07 22:58 +00:00: TypeError: Application.start is not a function
2025-03-07 22:58 +00:00:     at Object.<anonymous> (/root/code-server/dist/node/server.js:83:13)
2025-03-07 22:58 +00:00:     at Module._compile (node:internal/modules/cjs/loader:1469:14)
2025-03-07 22:58 +00:00:     at Module._extensions..js (node:internal/modules/cjs/loader:1548:10)
2025-03-07 22:58 +00:00:     at Module.load (node:internal/modules/cjs/loader:1288:32)
2025-03-07 22:58 +00:00:     at Module._load (node:internal/modules/cjs/loader:1104:12)
2025-03-07 22:58 +00:00:     at Object.<anonymous> (/usr/local/lib/node_modules/pm2/lib/ProcessContainerFork.js:33:23)
2025-03-07 22:58 +00:00:     at Module._compile (node:internal/modules/cjs/loader:1469:14)
2025-03-07 22:58 +00:00:     at Module._extensions..js (node:internal/modules/cjs/loader:1548:10)
2025-03-07 22:58 +00:00:     at Module.load (node:internal/modules/cjs/loader:1288:32)
2025-03-07 22:58 +00:00:     at Module._load (node:internal/modules/cjs/loader:1104:12)
2025-03-07 22:58 +00:00: [2025-03-07T22:58:57.752Z] [AI-WARROOM] [WARN] OpenRouter API key not provided. AI agents will not be available.
2025-03-07 22:58 +00:00: [2025-03-07T22:58:57.757Z] [AI-WARROOM] [ERROR] Static path does not exist: /root/code-server/dist/node/src/browser/pages
2025-03-07 22:58 +00:00: TypeError: Application.start is not a function
2025-03-07 22:58 +00:00:     at Object.<anonymous> (/root/code-server/dist/node/server.js:83:13)
2025-03-07 22:58 +00:00:     at Module._compile (node:internal/modules/cjs/loader:1469:14)
2025-03-07 22:58 +00:00:     at Module._extensions..js (node:internal/modules/cjs/loader:1548:10)
2025-03-07 22:58 +00:00:     at Module.load (node:internal/modules/cjs/loader:1288:32)
2025-03-07 22:58 +00:00:     at Module._load (node:internal/modules/cjs/loader:1104:12)
2025-03-07 22:58 +00:00:     at Object.<anonymous> (/usr/local/lib/node_modules/pm2/lib/ProcessContainerFork.js:33:23)
2025-03-07 22:58 +00:00:     at Module._compile (node:internal/modules/cjs/loader:1469:14)
2025-03-07 22:58 +00:00:     at Module._extensions..js (node:internal/modules/cjs/loader:1548:10)
2025-03-07 22:58 +00:00:     at Module.load (node:internal/modules/cjs/loader:1288:32)
2025-03-07 22:58 +00:00:     at Module._load (node:internal/modules/cjs/loader:1104:12)
2025-03-07 22:58 +00:00: [2025-03-07T22:58:58.408Z] [AI-WARROOM] [WARN] OpenRouter API key not provided. AI agents will not be available.
2025-03-07 22:58 +00:00: [2025-03-07T22:58:58.414Z] [AI-WARROOM] [ERROR] Static path does not exist: /root/code-server/dist/node/src/browser/pages
2025-03-07 22:58 +00:00: TypeError: Application.start is not a function
2025-03-07 22:58 +00:00:     at Object.<anonymous> (/root/code-server/dist/node/server.js:83:13)
2025-03-07 22:58 +00:00:     at Module._compile (node:internal/modules/cjs/loader:1469:14)
2025-03-07 22:58 +00:00:     at Module._extensions..js (node:internal/modules/cjs/loader:1548:10)
2025-03-07 22:58 +00:00:     at Module.load (node:internal/modules/cjs/loader:1288:32)
2025-03-07 22:58 +00:00:     at Module._load (node:internal/modules/cjs/loader:1104:12)
2025-03-07 22:58 +00:00:     at Object.<anonymous> (/usr/local/lib/node_modules/pm2/lib/ProcessContainerFork.js:33:23)
2025-03-07 22:58 +00:00:     at Module._compile (node:internal/modules/cjs/loader:1469:14)
2025-03-07 22:58 +00:00:     at Module._extensions..js (node:internal/modules/cjs/loader:1548:10)
2025-03-07 22:58 +00:00:     at Module.load (node:internal/modules/cjs/loader:1288:32)
2025-03-07 22:58 +00:00:     at Module._load (node:internal/modules/cjs/loader:1104:12)
2025-03-07 22:58 +00:00: [2025-03-07T22:58:59.107Z] [AI-WARROOM] [WARN] OpenRouter API key not provided. AI agents will not be available.
2025-03-07 22:58 +00:00: [2025-03-07T22:58:59.120Z] [AI-WARROOM] [ERROR] Static path does not exist: /root/code-server/dist/node/src/browser/pages
2025-03-07 22:58 +00:00: TypeError: Application.start is not a function
2025-03-07 22:58 +00:00:     at Object.<anonymous> (/root/code-server/dist/node/server.js:83:13)
2025-03-07 22:58 +00:00:     at Module._compile (node:internal/modules/cjs/loader:1469:14)
2025-03-07 22:58 +00:00:     at Module._extensions..js (node:internal/modules/cjs/loader:1548:10)
2025-03-07 22:58 +00:00:     at Module.load (node:internal/modules/cjs/loader:1288:32)
2025-03-07 22:58 +00:00:     at Module._load (node:internal/modules/cjs/loader:1104:12)
2025-03-07 22:58 +00:00:     at Object.<anonymous> (/usr/local/lib/node_modules/pm2/lib/ProcessContainerFork.js:33:23)
2025-03-07 22:58 +00:00:     at Module._compile (node:internal/modules/cjs/loader:1469:14)
2025-03-07 22:58 +00:00:     at Module._extensions..js (node:internal/modules/cjs/loader:1548:10)
2025-03-07 22:58 +00:00:     at Module.load (node:internal/modules/cjs/loader:1288:32)
2025-03-07 22:58 +00:00:     at Module._load (node:internal/modules/cjs/loader:1104:12)
2025-03-07 22:58 +00:00: [2025-03-07T22:58:59.801Z] [AI-WARROOM] [WARN] OpenRouter API key not provided. AI agents will not be available.
2025-03-07 22:58 +00:00: [2025-03-07T22:58:59.813Z] [AI-WARROOM] [ERROR] Static path does not exist: /root/code-server/dist/node/src/browser/pages
2025-03-07 22:58 +00:00: TypeError: Application.start is not a function
2025-03-07 22:58 +00:00:     at Object.<anonymous> (/root/code-server/dist/node/server.js:83:13)
2025-03-07 22:58 +00:00:     at Module._compile (node:internal/modules/cjs/loader:1469:14)
2025-03-07 22:58 +00:00:     at Module._extensions..js (node:internal/modules/cjs/loader:1548:10)
2025-03-07 22:58 +00:00:     at Module.load (node:internal/modules/cjs/loader:1288:32)
2025-03-07 22:58 +00:00:     at Module._load (node:internal/modules/cjs/loader:1104:12)
2025-03-07 22:58 +00:00:     at Object.<anonymous> (/usr/local/lib/node_modules/pm2/lib/ProcessContainerFork.js:33:23)
2025-03-07 22:58 +00:00:     at Module._compile (node:internal/modules/cjs/loader:1469:14)
2025-03-07 22:58 +00:00:     at Module._extensions..js (node:internal/modules/cjs/loader:1548:10)
2025-03-07 22:58 +00:00:     at Module.load (node:internal/modules/cjs/loader:1288:32)
2025-03-07 22:58 +00:00:     at Module._load (node:internal/modules/cjs/loader:1104:12)
2025-03-07 22:59 +00:00: [2025-03-07T22:59:00.756Z] [AI-WARROOM] [WARN] OpenRouter API key not provided. AI agents will not be available.
2025-03-07 22:59 +00:00: [2025-03-07T22:59:00.775Z] [AI-WARROOM] [ERROR] Static path does not exist: /root/code-server/dist/node/src/browser/pages
2025-03-07 22:59 +00:00: TypeError: Application.start is not a function
2025-03-07 22:59 +00:00:     at Object.<anonymous> (/root/code-server/dist/node/server.js:83:13)
2025-03-07 22:59 +00:00:     at Module._compile (node:internal/modules/cjs/loader:1469:14)
2025-03-07 22:59 +00:00:     at Module._extensions..js (node:internal/modules/cjs/loader:1548:10)
2025-03-07 22:59 +00:00:     at Module.load (node:internal/modules/cjs/loader:1288:32)
2025-03-07 22:59 +00:00:     at Module._load (node:internal/modules/cjs/loader:1104:12)
2025-03-07 22:59 +00:00:     at Object.<anonymous> (/usr/local/lib/node_modules/pm2/lib/ProcessContainerFork.js:33:23)
2025-03-07 22:59 +00:00:     at Module._compile (node:internal/modules/cjs/loader:1469:14)
2025-03-07 22:59 +00:00:     at Module._extensions..js (node:internal/modules/cjs/loader:1548:10)
2025-03-07 22:59 +00:00:     at Module.load (node:internal/modules/cjs/loader:1288:32)
2025-03-07 22:59 +00:00:     at Module._load (node:internal/modules/cjs/loader:1104:12)
2025-03-07 22:59 +00:00: [2025-03-07T22:59:01.670Z] [AI-WARROOM] [WARN] OpenRouter API key not provided. AI agents will not be available.
2025-03-07 22:59 +00:00: [2025-03-07T22:59:01.683Z] [AI-WARROOM] [ERROR] Static path does not exist: /root/code-server/dist/node/src/browser/pages
2025-03-07 22:59 +00:00: TypeError: Application.start is not a function
2025-03-07 22:59 +00:00:     at Object.<anonymous> (/root/code-server/dist/node/server.js:83:13)
2025-03-07 22:59 +00:00:     at Module._compile (node:internal/modules/cjs/loader:1469:14)
2025-03-07 22:59 +00:00:     at Module._extensions..js (node:internal/modules/cjs/loader:1548:10)
2025-03-07 22:59 +00:00:     at Module.load (node:internal/modules/cjs/loader:1288:32)
2025-03-07 22:59 +00:00:     at Module._load (node:internal/modules/cjs/loader:1104:12)
2025-03-07 22:59 +00:00:     at Object.<anonymous> (/usr/local/lib/node_modules/pm2/lib/ProcessContainerFork.js:33:23)
2025-03-07 22:59 +00:00:     at Module._compile (node:internal/modules/cjs/loader:1469:14)
2025-03-07 22:59 +00:00:     at Module._extensions..js (node:internal/modules/cjs/loader:1548:10)
2025-03-07 22:59 +00:00:     at Module.load (node:internal/modules/cjs/loader:1288:32)
2025-03-07 22:59 +00:00:     at Module._load (node:internal/modules/cjs/loader:1104:12)
2025-03-07 22:59 +00:00: [2025-03-07T22:59:02.584Z] [AI-WARROOM] [WARN] OpenRouter API key not provided. AI agents will not be available.
2025-03-07 22:59 +00:00: [2025-03-07T22:59:02.591Z] [AI-WARROOM] [ERROR] Static path does not exist: /root/code-server/dist/node/src/browser/pages
2025-03-07 22:59 +00:00: TypeError: Application.start is not a function
2025-03-07 22:59 +00:00:     at Object.<anonymous> (/root/code-server/dist/node/server.js:83:13)
2025-03-07 22:59 +00:00:     at Module._compile (node:internal/modules/cjs/loader:1469:14)
2025-03-07 22:59 +00:00:     at Module._extensions..js (node:internal/modules/cjs/loader:1548:10)
2025-03-07 22:59 +00:00:     at Module.load (node:internal/modules/cjs/loader:1288:32)
2025-03-07 22:59 +00:00:     at Module._load (node:internal/modules/cjs/loader:1104:12)
2025-03-07 22:59 +00:00:     at Object.<anonymous> (/usr/local/lib/node_modules/pm2/lib/ProcessContainerFork.js:33:23)
2025-03-07 22:59 +00:00:     at Module._compile (node:internal/modules/cjs/loader:1469:14)
2025-03-07 22:59 +00:00:     at Module._extensions..js (node:internal/modules/cjs/loader:1548:10)
2025-03-07 22:59 +00:00:     at Module.load (node:internal/modules/cjs/loader:1288:32)
2025-03-07 22:59 +00:00:     at Module._load (node:internal/modules/cjs/loader:1104:12)
2025-03-07 22:59 +00:00: [2025-03-07T22:59:03.550Z] [AI-WARROOM] [WARN] OpenRouter API key not provided. AI agents will not be available.
2025-03-07 22:59 +00:00: [2025-03-07T22:59:03.555Z] [AI-WARROOM] [ERROR] Static path does not exist: /root/code-server/dist/node/src/browser/pages
2025-03-07 22:59 +00:00: TypeError: Application.start is not a function
2025-03-07 22:59 +00:00:     at Object.<anonymous> (/root/code-server/dist/node/server.js:83:13)
2025-03-07 22:59 +00:00:     at Module._compile (node:internal/modules/cjs/loader:1469:14)
2025-03-07 22:59 +00:00:     at Module._extensions..js (node:internal/modules/cjs/loader:1548:10)
2025-03-07 22:59 +00:00:     at Module.load (node:internal/modules/cjs/loader:1288:32)
2025-03-07 22:59 +00:00:     at Module._load (node:internal/modules/cjs/loader:1104:12)
2025-03-07 22:59 +00:00:     at Object.<anonymous> (/usr/local/lib/node_modules/pm2/lib/ProcessContainerFork.js:33:23)
2025-03-07 22:59 +00:00:     at Module._compile (node:internal/modules/cjs/loader:1469:14)
2025-03-07 22:59 +00:00:     at Module._extensions..js (node:internal/modules/cjs/loader:1548:10)
2025-03-07 22:59 +00:00:     at Module.load (node:internal/modules/cjs/loader:1288:32)
2025-03-07 22:59 +00:00:     at Module._load (node:internal/modules/cjs/loader:1104:12)
2025-03-07 22:59 +00:00: [2025-03-07T22:59:04.525Z] [AI-WARROOM] [WARN] OpenRouter API key not provided. AI agents will not be available.
2025-03-07 22:59 +00:00: [2025-03-07T22:59:04.529Z] [AI-WARROOM] [ERROR] Static path does not exist: /root/code-server/dist/node/src/browser/pages
2025-03-07 22:59 +00:00: TypeError: Application.start is not a function
2025-03-07 22:59 +00:00:     at Object.<anonymous> (/root/code-server/dist/node/server.js:83:13)
2025-03-07 22:59 +00:00:     at Module._compile (node:internal/modules/cjs/loader:1469:14)
2025-03-07 22:59 +00:00:     at Module._extensions..js (node:internal/modules/cjs/loader:1548:10)
2025-03-07 22:59 +00:00:     at Module.load (node:internal/modules/cjs/loader:1288:32)
2025-03-07 22:59 +00:00:     at Module._load (node:internal/modules/cjs/loader:1104:12)
2025-03-07 22:59 +00:00:     at Object.<anonymous> (/usr/local/lib/node_modules/pm2/lib/ProcessContainerFork.js:33:23)
2025-03-07 22:59 +00:00:     at Module._compile (node:internal/modules/cjs/loader:1469:14)
2025-03-07 22:59 +00:00:     at Module._extensions..js (node:internal/modules/cjs/loader:1548:10)
2025-03-07 22:59 +00:00:     at Module.load (node:internal/modules/cjs/loader:1288:32)
2025-03-07 22:59 +00:00:     at Module._load (node:internal/modules/cjs/loader:1104:12)
2025-03-07 22:59 +00:00: [2025-03-07T22:59:06.696Z] [AI-WARROOM] [WARN] OpenRouter API key not provided. AI agents will not be available.
2025-03-07 22:59 +00:00: [2025-03-07T22:59:06.706Z] [AI-WARROOM] [ERROR] Static path does not exist: /root/code-server/dist/node/src/browser/pages
2025-03-07 22:59 +00:00: TypeError: Application.start is not a function
2025-03-07 22:59 +00:00:     at Object.<anonymous> (/root/code-server/dist/node/server.js:83:13)
2025-03-07 22:59 +00:00:     at Module._compile (node:internal/modules/cjs/loader:1469:14)
2025-03-07 22:59 +00:00:     at Module._extensions..js (node:internal/modules/cjs/loader:1548:10)
2025-03-07 22:59 +00:00:     at Module.load (node:internal/modules/cjs/loader:1288:32)
2025-03-07 22:59 +00:00:     at Module._load (node:internal/modules/cjs/loader:1104:12)
2025-03-07 22:59 +00:00:     at Object.<anonymous> (/usr/local/lib/node_modules/pm2/lib/ProcessContainerFork.js:33:23)
2025-03-07 22:59 +00:00:     at Module._compile (node:internal/modules/cjs/loader:1469:14)
2025-03-07 22:59 +00:00:     at Module._extensions..js (node:internal/modules/cjs/loader:1548:10)
2025-03-07 22:59 +00:00:     at Module.load (node:internal/modules/cjs/loader:1288:32)
2025-03-07 22:59 +00:00:     at Module._load (node:internal/modules/cjs/loader:1104:12)
2025-03-07 22:59 +00:00: [2025-03-07T22:59:07.303Z] [AI-WARROOM] [WARN] OpenRouter API key not provided. AI agents will not be available.
2025-03-07 22:59 +00:00: [2025-03-07T22:59:07.316Z] [AI-WARROOM] [ERROR] Static path does not exist: /root/code-server/dist/node/src/browser/pages
2025-03-07 22:59 +00:00: TypeError: Application.start is not a function
2025-03-07 22:59 +00:00:     at Object.<anonymous> (/root/code-server/dist/node/server.js:83:13)
2025-03-07 22:59 +00:00:     at Module._compile (node:internal/modules/cjs/loader:1469:14)
2025-03-07 22:59 +00:00:     at Module._extensions..js (node:internal/modules/cjs/loader:1548:10)
2025-03-07 22:59 +00:00:     at Module.load (node:internal/modules/cjs/loader:1288:32)
2025-03-07 22:59 +00:00:     at Module._load (node:internal/modules/cjs/loader:1104:12)
2025-03-07 22:59 +00:00:     at Object.<anonymous> (/usr/local/lib/node_modules/pm2/lib/ProcessContainerFork.js:33:23)
2025-03-07 22:59 +00:00:     at Module._compile (node:internal/modules/cjs/loader:1469:14)
2025-03-07 22:59 +00:00:     at Module._extensions..js (node:internal/modules/cjs/loader:1548:10)
2025-03-07 22:59 +00:00:     at Module.load (node:internal/modules/cjs/loader:1288:32)
2025-03-07 22:59 +00:00:     at Module._load (node:internal/modules/cjs/loader:1104:12)
2025-03-07 22:59 +00:00: [2025-03-07T22:59:08.020Z] [AI-WARROOM] [WARN] OpenRouter API key not provided. AI agents will not be available.
2025-03-07 22:59 +00:00: [2025-03-07T22:59:08.024Z] [AI-WARROOM] [ERROR] Static path does not exist: /root/code-server/dist/node/src/browser/pages
2025-03-07 22:59 +00:00: TypeError: Application.start is not a function
2025-03-07 22:59 +00:00:     at Object.<anonymous> (/root/code-server/dist/node/server.js:83:13)
2025-03-07 22:59 +00:00:     at Module._compile (node:internal/modules/cjs/loader:1469:14)
2025-03-07 22:59 +00:00:     at Module._extensions..js (node:internal/modules/cjs/loader:1548:10)
2025-03-07 22:59 +00:00:     at Module.load (node:internal/modules/cjs/loader:1288:32)
2025-03-07 22:59 +00:00:     at Module._load (node:internal/modules/cjs/loader:1104:12)
2025-03-07 22:59 +00:00:     at Object.<anonymous> (/usr/local/lib/node_modules/pm2/lib/ProcessContainerFork.js:33:23)
2025-03-07 22:59 +00:00:     at Module._compile (node:internal/modules/cjs/loader:1469:14)
2025-03-07 22:59 +00:00:     at Module._extensions..js (node:internal/modules/cjs/loader:1548:10)
2025-03-07 22:59 +00:00:     at Module.load (node:internal/modules/cjs/loader:1288:32)
2025-03-07 22:59 +00:00:     at Module._load (node:internal/modules/cjs/loader:1104:12)
2025-03-07 22:59 +00:00: [2025-03-07T22:59:08.568Z] [AI-WARROOM] [WARN] OpenRouter API key not provided. AI agents will not be available.
2025-03-07 22:59 +00:00: [2025-03-07T22:59:08.576Z] [AI-WARROOM] [ERROR] Static path does not exist: /root/code-server/dist/node/src/browser/pages
2025-03-07 22:59 +00:00: TypeError: Application.start is not a function
2025-03-07 22:59 +00:00:     at Object.<anonymous> (/root/code-server/dist/node/server.js:83:13)
2025-03-07 22:59 +00:00:     at Module._compile (node:internal/modules/cjs/loader:1469:14)
2025-03-07 22:59 +00:00:     at Module._extensions..js (node:internal/modules/cjs/loader:1548:10)
2025-03-07 22:59 +00:00:     at Module.load (node:internal/modules/cjs/loader:1288:32)
2025-03-07 22:59 +00:00:     at Module._load (node:internal/modules/cjs/loader:1104:12)
2025-03-07 22:59 +00:00:     at Object.<anonymous> (/usr/local/lib/node_modules/pm2/lib/ProcessContainerFork.js:33:23)
2025-03-07 22:59 +00:00:     at Module._compile (node:internal/modules/cjs/loader:1469:14)
2025-03-07 22:59 +00:00:     at Module._extensions..js (node:internal/modules/cjs/loader:1548:10)
2025-03-07 22:59 +00:00:     at Module.load (node:internal/modules/cjs/loader:1288:32)
2025-03-07 22:59 +00:00:     at Module._load (node:internal/modules/cjs/loader:1104:12)
2025-03-07 22:59 +00:00: [2025-03-07T22:59:09.205Z] [AI-WARROOM] [WARN] OpenRouter API key not provided. AI agents will not be available.
2025-03-07 22:59 +00:00: [2025-03-07T22:59:09.210Z] [AI-WARROOM] [ERROR] Static path does not exist: /root/code-server/dist/node/src/browser/pages
2025-03-07 22:59 +00:00: TypeError: Application.start is not a function
2025-03-07 22:59 +00:00:     at Object.<anonymous> (/root/code-server/dist/node/server.js:83:13)
2025-03-07 22:59 +00:00:     at Module._compile (node:internal/modules/cjs/loader:1469:14)
2025-03-07 22:59 +00:00:     at Module._extensions..js (node:internal/modules/cjs/loader:1548:10)
2025-03-07 22:59 +00:00:     at Module.load (node:internal/modules/cjs/loader:1288:32)
2025-03-07 22:59 +00:00:     at Module._load (node:internal/modules/cjs/loader:1104:12)
2025-03-07 22:59 +00:00:     at Object.<anonymous> (/usr/local/lib/node_modules/pm2/lib/ProcessContainerFork.js:33:23)
2025-03-07 22:59 +00:00:     at Module._compile (node:internal/modules/cjs/loader:1469:14)
2025-03-07 22:59 +00:00:     at Module._extensions..js (node:internal/modules/cjs/loader:1548:10)
2025-03-07 22:59 +00:00:     at Module.load (node:internal/modules/cjs/loader:1288:32)
2025-03-07 22:59 +00:00:     at Module._load (node:internal/modules/cjs/loader:1104:12)
2025-03-07 22:59 +00:00: [2025-03-07T22:59:09.775Z] [AI-WARROOM] [WARN] OpenRouter API key not provided. AI agents will not be available.
2025-03-07 22:59 +00:00: [2025-03-07T22:59:09.784Z] [AI-WARROOM] [ERROR] Static path does not exist: /root/code-server/dist/node/src/browser/pages
2025-03-07 22:59 +00:00: TypeError: Application.start is not a function
2025-03-07 22:59 +00:00:     at Object.<anonymous> (/root/code-server/dist/node/server.js:83:13)
2025-03-07 22:59 +00:00:     at Module._compile (node:internal/modules/cjs/loader:1469:14)
2025-03-07 22:59 +00:00:     at Module._extensions..js (node:internal/modules/cjs/loader:1548:10)
2025-03-07 22:59 +00:00:     at Module.load (node:internal/modules/cjs/loader:1288:32)
2025-03-07 22:59 +00:00:     at Module._load (node:internal/modules/cjs/loader:1104:12)
2025-03-07 22:59 +00:00:     at Object.<anonymous> (/usr/local/lib/node_modules/pm2/lib/ProcessContainerFork.js:33:23)
2025-03-07 22:59 +00:00:     at Module._compile (node:internal/modules/cjs/loader:1469:14)
2025-03-07 22:59 +00:00:     at Module._extensions..js (node:internal/modules/cjs/loader:1548:10)
2025-03-07 22:59 +00:00:     at Module.load (node:internal/modules/cjs/loader:1288:32)
2025-03-07 22:59 +00:00:     at Module._load (node:internal/modules/cjs/loader:1104:12)
2025-03-07 22:59 +00:00: [2025-03-07T22:59:10.396Z] [AI-WARROOM] [WARN] OpenRouter API key not provided. AI agents will not be available.
2025-03-07 22:59 +00:00: [2025-03-07T22:59:10.400Z] [AI-WARROOM] [ERROR] Static path does not exist: /root/code-server/dist/node/src/browser/pages
2025-03-07 22:59 +00:00: TypeError: Application.start is not a function
2025-03-07 22:59 +00:00:     at Object.<anonymous> (/root/code-server/dist/node/server.js:83:13)
2025-03-07 22:59 +00:00:     at Module._compile (node:internal/modules/cjs/loader:1469:14)
2025-03-07 22:59 +00:00:     at Module._extensions..js (node:internal/modules/cjs/loader:1548:10)
2025-03-07 22:59 +00:00:     at Module.load (node:internal/modules/cjs/loader:1288:32)
2025-03-07 22:59 +00:00:     at Module._load (node:internal/modules/cjs/loader:1104:12)
2025-03-07 22:59 +00:00:     at Object.<anonymous> (/usr/local/lib/node_modules/pm2/lib/ProcessContainerFork.js:33:23)
2025-03-07 22:59 +00:00:     at Module._compile (node:internal/modules/cjs/loader:1469:14)
2025-03-07 22:59 +00:00:     at Module._extensions..js (node:internal/modules/cjs/loader:1548:10)
2025-03-07 22:59 +00:00:     at Module.load (node:internal/modules/cjs/loader:1288:32)
2025-03-07 22:59 +00:00:     at Module._load (node:internal/modules/cjs/loader:1104:12)
2025-03-07 22:59 +00:00: [2025-03-07T22:59:10.971Z] [AI-WARROOM] [WARN] OpenRouter API key not provided. AI agents will not be available.
2025-03-07 22:59 +00:00: [2025-03-07T22:59:10.976Z] [AI-WARROOM] [ERROR] Static path does not exist: /root/code-server/dist/node/src/browser/pages
2025-03-07 22:59 +00:00: TypeError: Application.start is not a function
2025-03-07 22:59 +00:00:     at Object.<anonymous> (/root/code-server/dist/node/server.js:83:13)
2025-03-07 22:59 +00:00:     at Module._compile (node:internal/modules/cjs/loader:1469:14)
2025-03-07 22:59 +00:00:     at Module._extensions..js (node:internal/modules/cjs/loader:1548:10)
2025-03-07 22:59 +00:00:     at Module.load (node:internal/modules/cjs/loader:1288:32)
2025-03-07 22:59 +00:00:     at Module._load (node:internal/modules/cjs/loader:1104:12)
2025-03-07 22:59 +00:00:     at Object.<anonymous> (/usr/local/lib/node_modules/pm2/lib/ProcessContainerFork.js:33:23)
2025-03-07 22:59 +00:00:     at Module._compile (node:internal/modules/cjs/loader:1469:14)
2025-03-07 22:59 +00:00:     at Module._extensions..js (node:internal/modules/cjs/loader:1548:10)
2025-03-07 22:59 +00:00:     at Module.load (node:internal/modules/cjs/loader:1288:32)
2025-03-07 22:59 +00:00:     at Module._load (node:internal/modules/cjs/loader:1104:12)
2025-03-07 22:59 +00:00: [2025-03-07T22:59:11.503Z] [AI-WARROOM] [WARN] OpenRouter API key not provided. AI agents will not be available.
2025-03-07 22:59 +00:00: [2025-03-07T22:59:11.511Z] [AI-WARROOM] [ERROR] Static path does not exist: /root/code-server/dist/node/src/browser/pages
2025-03-07 22:59 +00:00: TypeError: Application.start is not a function
2025-03-07 22:59 +00:00:     at Object.<anonymous> (/root/code-server/dist/node/server.js:83:13)
2025-03-07 22:59 +00:00:     at Module._compile (node:internal/modules/cjs/loader:1469:14)
2025-03-07 22:59 +00:00:     at Module._extensions..js (node:internal/modules/cjs/loader:1548:10)
2025-03-07 22:59 +00:00:     at Module.load (node:internal/modules/cjs/loader:1288:32)
2025-03-07 22:59 +00:00:     at Module._load (node:internal/modules/cjs/loader:1104:12)
2025-03-07 22:59 +00:00:     at Object.<anonymous> (/usr/local/lib/node_modules/pm2/lib/ProcessContainerFork.js:33:23)
2025-03-07 22:59 +00:00:     at Module._compile (node:internal/modules/cjs/loader:1469:14)
2025-03-07 22:59 +00:00:     at Module._extensions..js (node:internal/modules/cjs/loader:1548:10)
2025-03-07 22:59 +00:00:     at Module.load (node:internal/modules/cjs/loader:1288:32)
2025-03-07 22:59 +00:00:     at Module._load (node:internal/modules/cjs/loader:1104:12)
2025-03-07 22:59 +00:00: [2025-03-07T22:59:12.094Z] [AI-WARROOM] [WARN] OpenRouter API key not provided. AI agents will not be available.
2025-03-07 22:59 +00:00: [2025-03-07T22:59:12.098Z] [AI-WARROOM] [ERROR] Static path does not exist: /root/code-server/dist/node/src/browser/pages
2025-03-07 22:59 +00:00: TypeError: Application.start is not a function
2025-03-07 22:59 +00:00:     at Object.<anonymous> (/root/code-server/dist/node/server.js:83:13)
2025-03-07 22:59 +00:00:     at Module._compile (node:internal/modules/cjs/loader:1469:14)
2025-03-07 22:59 +00:00:     at Module._extensions..js (node:internal/modules/cjs/loader:1548:10)
2025-03-07 22:59 +00:00:     at Module.load (node:internal/modules/cjs/loader:1288:32)
2025-03-07 22:59 +00:00:     at Module._load (node:internal/modules/cjs/loader:1104:12)
2025-03-07 22:59 +00:00:     at Object.<anonymous> (/usr/local/lib/node_modules/pm2/lib/ProcessContainerFork.js:33:23)
2025-03-07 22:59 +00:00:     at Module._compile (node:internal/modules/cjs/loader:1469:14)
2025-03-07 22:59 +00:00:     at Module._extensions..js (node:internal/modules/cjs/loader:1548:10)
2025-03-07 22:59 +00:00:     at Module.load (node:internal/modules/cjs/loader:1288:32)
2025-03-07 22:59 +00:00:     at Module._load (node:internal/modules/cjs/loader:1104:12)
2025-03-07 22:59 +00:00: [2025-03-07T22:59:12.698Z] [AI-WARROOM] [WARN] OpenRouter API key not provided. AI agents will not be available.
2025-03-07 22:59 +00:00: [2025-03-07T22:59:12.702Z] [AI-WARROOM] [ERROR] Static path does not exist: /root/code-server/dist/node/src/browser/pages
2025-03-07 22:59 +00:00: TypeError: Application.start is not a function
2025-03-07 22:59 +00:00:     at Object.<anonymous> (/root/code-server/dist/node/server.js:83:13)
2025-03-07 22:59 +00:00:     at Module._compile (node:internal/modules/cjs/loader:1469:14)
2025-03-07 22:59 +00:00:     at Module._extensions..js (node:internal/modules/cjs/loader:1548:10)
2025-03-07 22:59 +00:00:     at Module.load (node:internal/modules/cjs/loader:1288:32)
2025-03-07 22:59 +00:00:     at Module._load (node:internal/modules/cjs/loader:1104:12)
2025-03-07 22:59 +00:00:     at Object.<anonymous> (/usr/local/lib/node_modules/pm2/lib/ProcessContainerFork.js:33:23)
2025-03-07 22:59 +00:00:     at Module._compile (node:internal/modules/cjs/loader:1469:14)
2025-03-07 22:59 +00:00:     at Module._extensions..js (node:internal/modules/cjs/loader:1548:10)
2025-03-07 22:59 +00:00:     at Module.load (node:internal/modules/cjs/loader:1288:32)
2025-03-07 22:59 +00:00:     at Module._load (node:internal/modules/cjs/loader:1104:12)
2025-03-07 22:59 +00:00: [2025-03-07T22:59:13.302Z] [AI-WARROOM] [WARN] OpenRouter API key not provided. AI agents will not be available.
2025-03-07 22:59 +00:00: [2025-03-07T22:59:13.306Z] [AI-WARROOM] [ERROR] Static path does not exist: /root/code-server/dist/node/src/browser/pages
2025-03-07 22:59 +00:00: TypeError: Application.start is not a function
2025-03-07 22:59 +00:00:     at Object.<anonymous> (/root/code-server/dist/node/server.js:83:13)
2025-03-07 22:59 +00:00:     at Module._compile (node:internal/modules/cjs/loader:1469:14)
2025-03-07 22:59 +00:00:     at Module._extensions..js (node:internal/modules/cjs/loader:1548:10)
2025-03-07 22:59 +00:00:     at Module.load (node:internal/modules/cjs/loader:1288:32)
2025-03-07 22:59 +00:00:     at Module._load (node:internal/modules/cjs/loader:1104:12)
2025-03-07 22:59 +00:00:     at Object.<anonymous> (/usr/local/lib/node_modules/pm2/lib/ProcessContainerFork.js:33:23)
2025-03-07 22:59 +00:00:     at Module._compile (node:internal/modules/cjs/loader:1469:14)
2025-03-07 22:59 +00:00:     at Module._extensions..js (node:internal/modules/cjs/loader:1548:10)
2025-03-07 22:59 +00:00:     at Module.load (node:internal/modules/cjs/loader:1288:32)
2025-03-07 22:59 +00:00:     at Module._load (node:internal/modules/cjs/loader:1104:12)
2025-03-07 22:59 +00:00: [2025-03-07T22:59:13.903Z] [AI-WARROOM] [WARN] OpenRouter API key not provided. AI agents will not be available.
2025-03-07 22:59 +00:00: [2025-03-07T22:59:13.908Z] [AI-WARROOM] [ERROR] Static path does not exist: /root/code-server/dist/node/src/browser/pages
2025-03-07 22:59 +00:00: TypeError: Application.start is not a function
2025-03-07 22:59 +00:00:     at Object.<anonymous> (/root/code-server/dist/node/server.js:83:13)
2025-03-07 22:59 +00:00:     at Module._compile (node:internal/modules/cjs/loader:1469:14)
2025-03-07 22:59 +00:00:     at Module._extensions..js (node:internal/modules/cjs/loader:1548:10)
2025-03-07 22:59 +00:00:     at Module.load (node:internal/modules/cjs/loader:1288:32)
2025-03-07 22:59 +00:00:     at Module._load (node:internal/modules/cjs/loader:1104:12)
2025-03-07 22:59 +00:00:     at Object.<anonymous> (/usr/local/lib/node_modules/pm2/lib/ProcessContainerFork.js:33:23)
2025-03-07 22:59 +00:00:     at Module._compile (node:internal/modules/cjs/loader:1469:14)
2025-03-07 22:59 +00:00:     at Module._extensions..js (node:internal/modules/cjs/loader:1548:10)
2025-03-07 22:59 +00:00:     at Module.load (node:internal/modules/cjs/loader:1288:32)
2025-03-07 22:59 +00:00:     at Module._load (node:internal/modules/cjs/loader:1104:12)
2025-03-07 22:59 +00:00: [2025-03-07T22:59:14.530Z] [AI-WARROOM] [WARN] OpenRouter API key not provided. AI agents will not be available.
2025-03-07 22:59 +00:00: [2025-03-07T22:59:14.552Z] [AI-WARROOM] [ERROR] Static path does not exist: /root/code-server/dist/node/src/browser/pages
2025-03-07 22:59 +00:00: TypeError: Application.start is not a function
2025-03-07 22:59 +00:00:     at Object.<anonymous> (/root/code-server/dist/node/server.js:83:13)
2025-03-07 22:59 +00:00:     at Module._compile (node:internal/modules/cjs/loader:1469:14)
2025-03-07 22:59 +00:00:     at Module._extensions..js (node:internal/modules/cjs/loader:1548:10)
2025-03-07 22:59 +00:00:     at Module.load (node:internal/modules/cjs/loader:1288:32)
2025-03-07 22:59 +00:00:     at Module._load (node:internal/modules/cjs/loader:1104:12)
2025-03-07 22:59 +00:00:     at Object.<anonymous> (/usr/local/lib/node_modules/pm2/lib/ProcessContainerFork.js:33:23)
2025-03-07 22:59 +00:00:     at Module._compile (node:internal/modules/cjs/loader:1469:14)
2025-03-07 22:59 +00:00:     at Module._extensions..js (node:internal/modules/cjs/loader:1548:10)
2025-03-07 22:59 +00:00:     at Module.load (node:internal/modules/cjs/loader:1288:32)
2025-03-07 22:59 +00:00:     at Module._load (node:internal/modules/cjs/loader:1104:12)
2025-03-07 22:59 +00:00: [2025-03-07T22:59:15.160Z] [AI-WARROOM] [WARN] OpenRouter API key not provided. AI agents will not be available.
2025-03-07 22:59 +00:00: [2025-03-07T22:59:15.169Z] [AI-WARROOM] [ERROR] Static path does not exist: /root/code-server/dist/node/src/browser/pages
2025-03-07 22:59 +00:00: TypeError: Application.start is not a function
2025-03-07 22:59 +00:00:     at Object.<anonymous> (/root/code-server/dist/node/server.js:83:13)
2025-03-07 22:59 +00:00:     at Module._compile (node:internal/modules/cjs/loader:1469:14)
2025-03-07 22:59 +00:00:     at Module._extensions..js (node:internal/modules/cjs/loader:1548:10)
2025-03-07 22:59 +00:00:     at Module.load (node:internal/modules/cjs/loader:1288:32)
2025-03-07 22:59 +00:00:     at Module._load (node:internal/modules/cjs/loader:1104:12)
2025-03-07 22:59 +00:00:     at Object.<anonymous> (/usr/local/lib/node_modules/pm2/lib/ProcessContainerFork.js:33:23)
2025-03-07 22:59 +00:00:     at Module._compile (node:internal/modules/cjs/loader:1469:14)
2025-03-07 22:59 +00:00:     at Module._extensions..js (node:internal/modules/cjs/loader:1548:10)
2025-03-07 22:59 +00:00:     at Module.load (node:internal/modules/cjs/loader:1288:32)
2025-03-07 22:59 +00:00:     at Module._load (node:internal/modules/cjs/loader:1104:12)
2025-03-07 22:59 +00:00: [2025-03-07T22:59:15.869Z] [AI-WARROOM] [WARN] OpenRouter API key not provided. AI agents will not be available.
2025-03-07 22:59 +00:00: [2025-03-07T22:59:15.886Z] [AI-WARROOM] [ERROR] Static path does not exist: /root/code-server/dist/node/src/browser/pages
2025-03-07 22:59 +00:00: TypeError: Application.start is not a function
2025-03-07 22:59 +00:00:     at Object.<anonymous> (/root/code-server/dist/node/server.js:83:13)
2025-03-07 22:59 +00:00:     at Module._compile (node:internal/modules/cjs/loader:1469:14)
2025-03-07 22:59 +00:00:     at Module._extensions..js (node:internal/modules/cjs/loader:1548:10)
2025-03-07 22:59 +00:00:     at Module.load (node:internal/modules/cjs/loader:1288:32)
2025-03-07 22:59 +00:00:     at Module._load (node:internal/modules/cjs/loader:1104:12)
2025-03-07 22:59 +00:00:     at Object.<anonymous> (/usr/local/lib/node_modules/pm2/lib/ProcessContainerFork.js:33:23)
2025-03-07 22:59 +00:00:     at Module._compile (node:internal/modules/cjs/loader:1469:14)
2025-03-07 22:59 +00:00:     at Module._extensions..js (node:internal/modules/cjs/loader:1548:10)
2025-03-07 22:59 +00:00:     at Module.load (node:internal/modules/cjs/loader:1288:32)
2025-03-07 22:59 +00:00:     at Module._load (node:internal/modules/cjs/loader:1104:12)
2025-03-07 22:59 +00:00: [2025-03-07T22:59:16.562Z] [AI-WARROOM] [WARN] OpenRouter API key not provided. AI agents will not be available.
2025-03-07 22:59 +00:00: [2025-03-07T22:59:16.568Z] [AI-WARROOM] [ERROR] Static path does not exist: /root/code-server/dist/node/src/browser/pages
2025-03-07 22:59 +00:00: TypeError: Application.start is not a function
2025-03-07 22:59 +00:00:     at Object.<anonymous> (/root/code-server/dist/node/server.js:83:13)
2025-03-07 22:59 +00:00:     at Module._compile (node:internal/modules/cjs/loader:1469:14)
2025-03-07 22:59 +00:00:     at Module._extensions..js (node:internal/modules/cjs/loader:1548:10)
2025-03-07 22:59 +00:00:     at Module.load (node:internal/modules/cjs/loader:1288:32)
2025-03-07 22:59 +00:00:     at Module._load (node:internal/modules/cjs/loader:1104:12)
2025-03-07 22:59 +00:00:     at Object.<anonymous> (/usr/local/lib/node_modules/pm2/lib/ProcessContainerFork.js:33:23)
2025-03-07 22:59 +00:00:     at Module._compile (node:internal/modules/cjs/loader:1469:14)
2025-03-07 22:59 +00:00:     at Module._extensions..js (node:internal/modules/cjs/loader:1548:10)
2025-03-07 22:59 +00:00:     at Module.load (node:internal/modules/cjs/loader:1288:32)
2025-03-07 22:59 +00:00:     at Module._load (node:internal/modules/cjs/loader:1104:12)
2025-03-07 22:59 +00:00: [2025-03-07T22:59:17.222Z] [AI-WARROOM] [WARN] OpenRouter API key not provided. AI agents will not be available.
2025-03-07 22:59 +00:00: [2025-03-07T22:59:17.227Z] [AI-WARROOM] [ERROR] Static path does not exist: /root/code-server/dist/node/src/browser/pages
2025-03-07 22:59 +00:00: TypeError: Application.start is not a function
2025-03-07 22:59 +00:00:     at Object.<anonymous> (/root/code-server/dist/node/server.js:83:13)
2025-03-07 22:59 +00:00:     at Module._compile (node:internal/modules/cjs/loader:1469:14)
2025-03-07 22:59 +00:00:     at Module._extensions..js (node:internal/modules/cjs/loader:1548:10)
2025-03-07 22:59 +00:00:     at Module.load (node:internal/modules/cjs/loader:1288:32)
2025-03-07 22:59 +00:00:     at Module._load (node:internal/modules/cjs/loader:1104:12)
2025-03-07 22:59 +00:00:     at Object.<anonymous> (/usr/local/lib/node_modules/pm2/lib/ProcessContainerFork.js:33:23)
2025-03-07 22:59 +00:00:     at Module._compile (node:internal/modules/cjs/loader:1469:14)
2025-03-07 22:59 +00:00:     at Module._extensions..js (node:internal/modules/cjs/loader:1548:10)
2025-03-07 22:59 +00:00:     at Module.load (node:internal/modules/cjs/loader:1288:32)
2025-03-07 22:59 +00:00:     at Module._load (node:internal/modules/cjs/loader:1104:12)
2025-03-07 22:59 +00:00: [2025-03-07T22:59:17.799Z] [AI-WARROOM] [WARN] OpenRouter API key not provided. AI agents will not be available.
2025-03-07 22:59 +00:00: [2025-03-07T22:59:17.805Z] [AI-WARROOM] [ERROR] Static path does not exist: /root/code-server/dist/node/src/browser/pages
2025-03-07 22:59 +00:00: TypeError: Application.start is not a function
2025-03-07 22:59 +00:00:     at Object.<anonymous> (/root/code-server/dist/node/server.js:83:13)
2025-03-07 22:59 +00:00:     at Module._compile (node:internal/modules/cjs/loader:1469:14)
2025-03-07 22:59 +00:00:     at Module._extensions..js (node:internal/modules/cjs/loader:1548:10)
2025-03-07 22:59 +00:00:     at Module.load (node:internal/modules/cjs/loader:1288:32)
2025-03-07 22:59 +00:00:     at Module._load (node:internal/modules/cjs/loader:1104:12)
2025-03-07 22:59 +00:00:     at Object.<anonymous> (/usr/local/lib/node_modules/pm2/lib/ProcessContainerFork.js:33:23)
2025-03-07 22:59 +00:00:     at Module._compile (node:internal/modules/cjs/loader:1469:14)
2025-03-07 22:59 +00:00:     at Module._extensions..js (node:internal/modules/cjs/loader:1548:10)
2025-03-07 22:59 +00:00:     at Module.load (node:internal/modules/cjs/loader:1288:32)
2025-03-07 22:59 +00:00:     at Module._load (node:internal/modules/cjs/loader:1104:12)
2025-03-07 22:59 +00:00: [2025-03-07T22:59:18.502Z] [AI-WARROOM] [WARN] OpenRouter API key not provided. AI agents will not be available.
2025-03-07 22:59 +00:00: [2025-03-07T22:59:18.507Z] [AI-WARROOM] [ERROR] Static path does not exist: /root/code-server/dist/node/src/browser/pages
2025-03-07 22:59 +00:00: TypeError: Application.start is not a function
2025-03-07 22:59 +00:00:     at Object.<anonymous> (/root/code-server/dist/node/server.js:83:13)
2025-03-07 22:59 +00:00:     at Module._compile (node:internal/modules/cjs/loader:1469:14)
2025-03-07 22:59 +00:00:     at Module._extensions..js (node:internal/modules/cjs/loader:1548:10)
2025-03-07 22:59 +00:00:     at Module.load (node:internal/modules/cjs/loader:1288:32)
2025-03-07 22:59 +00:00:     at Module._load (node:internal/modules/cjs/loader:1104:12)
2025-03-07 22:59 +00:00:     at Object.<anonymous> (/usr/local/lib/node_modules/pm2/lib/ProcessContainerFork.js:33:23)
2025-03-07 22:59 +00:00:     at Module._compile (node:internal/modules/cjs/loader:1469:14)
2025-03-07 22:59 +00:00:     at Module._extensions..js (node:internal/modules/cjs/loader:1548:10)
2025-03-07 22:59 +00:00:     at Module.load (node:internal/modules/cjs/loader:1288:32)
2025-03-07 22:59 +00:00:     at Module._load (node:internal/modules/cjs/loader:1104:12)
2025-03-07 22:59 +00:00: [2025-03-07T22:59:19.150Z] [AI-WARROOM] [WARN] OpenRouter API key not provided. AI agents will not be available.
2025-03-07 22:59 +00:00: [2025-03-07T22:59:19.162Z] [AI-WARROOM] [ERROR] Static path does not exist: /root/code-server/dist/node/src/browser/pages
2025-03-07 22:59 +00:00: TypeError: Application.start is not a function
2025-03-07 22:59 +00:00:     at Object.<anonymous> (/root/code-server/dist/node/server.js:83:13)
2025-03-07 22:59 +00:00:     at Module._compile (node:internal/modules/cjs/loader:1469:14)
2025-03-07 22:59 +00:00:     at Module._extensions..js (node:internal/modules/cjs/loader:1548:10)
2025-03-07 22:59 +00:00:     at Module.load (node:internal/modules/cjs/loader:1288:32)
2025-03-07 22:59 +00:00:     at Module._load (node:internal/modules/cjs/loader:1104:12)
2025-03-07 22:59 +00:00:     at Object.<anonymous> (/usr/local/lib/node_modules/pm2/lib/ProcessContainerFork.js:33:23)
2025-03-07 22:59 +00:00:     at Module._compile (node:internal/modules/cjs/loader:1469:14)
2025-03-07 22:59 +00:00:     at Module._extensions..js (node:internal/modules/cjs/loader:1548:10)
2025-03-07 22:59 +00:00:     at Module.load (node:internal/modules/cjs/loader:1288:32)
2025-03-07 22:59 +00:00:     at Module._load (node:internal/modules/cjs/loader:1104:12)
2025-03-07 22:59 +00:00: [2025-03-07T22:59:19.731Z] [AI-WARROOM] [WARN] OpenRouter API key not provided. AI agents will not be available.
2025-03-07 22:59 +00:00: [2025-03-07T22:59:19.735Z] [AI-WARROOM] [ERROR] Static path does not exist: /root/code-server/dist/node/src/browser/pages
2025-03-07 22:59 +00:00: TypeError: Application.start is not a function
2025-03-07 22:59 +00:00:     at Object.<anonymous> (/root/code-server/dist/node/server.js:83:13)
2025-03-07 22:59 +00:00:     at Module._compile (node:internal/modules/cjs/loader:1469:14)
2025-03-07 22:59 +00:00:     at Module._extensions..js (node:internal/modules/cjs/loader:1548:10)
2025-03-07 22:59 +00:00:     at Module.load (node:internal/modules/cjs/loader:1288:32)
2025-03-07 22:59 +00:00:     at Module._load (node:internal/modules/cjs/loader:1104:12)
2025-03-07 22:59 +00:00:     at Object.<anonymous> (/usr/local/lib/node_modules/pm2/lib/ProcessContainerFork.js:33:23)
2025-03-07 22:59 +00:00:     at Module._compile (node:internal/modules/cjs/loader:1469:14)
2025-03-07 22:59 +00:00:     at Module._extensions..js (node:internal/modules/cjs/loader:1548:10)
2025-03-07 22:59 +00:00:     at Module.load (node:internal/modules/cjs/loader:1288:32)
2025-03-07 22:59 +00:00:     at Module._load (node:internal/modules/cjs/loader:1104:12)
2025-03-07 22:59 +00:00: [2025-03-07T22:59:20.300Z] [AI-WARROOM] [WARN] OpenRouter API key not provided. AI agents will not be available.
2025-03-07 22:59 +00:00: [2025-03-07T22:59:20.305Z] [AI-WARROOM] [ERROR] Static path does not exist: /root/code-server/dist/node/src/browser/pages
2025-03-07 22:59 +00:00: TypeError: Application.start is not a function
2025-03-07 22:59 +00:00:     at Object.<anonymous> (/root/code-server/dist/node/server.js:83:13)
2025-03-07 22:59 +00:00:     at Module._compile (node:internal/modules/cjs/loader:1469:14)
2025-03-07 22:59 +00:00:     at Module._extensions..js (node:internal/modules/cjs/loader:1548:10)
2025-03-07 22:59 +00:00:     at Module.load (node:internal/modules/cjs/loader:1288:32)
2025-03-07 22:59 +00:00:     at Module._load (node:internal/modules/cjs/loader:1104:12)
2025-03-07 22:59 +00:00:     at Object.<anonymous> (/usr/local/lib/node_modules/pm2/lib/ProcessContainerFork.js:33:23)
2025-03-07 22:59 +00:00:     at Module._compile (node:internal/modules/cjs/loader:1469:14)
2025-03-07 22:59 +00:00:     at Module._extensions..js (node:internal/modules/cjs/loader:1548:10)
2025-03-07 22:59 +00:00:     at Module.load (node:internal/modules/cjs/loader:1288:32)
2025-03-07 22:59 +00:00:     at Module._load (node:internal/modules/cjs/loader:1104:12)
2025-03-07 22:59 +00:00: [2025-03-07T22:59:20.840Z] [AI-WARROOM] [WARN] OpenRouter API key not provided. AI agents will not be available.
2025-03-07 22:59 +00:00: [2025-03-07T22:59:20.850Z] [AI-WARROOM] [ERROR] Static path does not exist: /root/code-server/dist/node/src/browser/pages
2025-03-07 22:59 +00:00: TypeError: Application.start is not a function
2025-03-07 22:59 +00:00:     at Object.<anonymous> (/root/code-server/dist/node/server.js:83:13)
2025-03-07 22:59 +00:00:     at Module._compile (node:internal/modules/cjs/loader:1469:14)
2025-03-07 22:59 +00:00:     at Module._extensions..js (node:internal/modules/cjs/loader:1548:10)
2025-03-07 22:59 +00:00:     at Module.load (node:internal/modules/cjs/loader:1288:32)
2025-03-07 22:59 +00:00:     at Module._load (node:internal/modules/cjs/loader:1104:12)
2025-03-07 22:59 +00:00:     at Object.<anonymous> (/usr/local/lib/node_modules/pm2/lib/ProcessContainerFork.js:33:23)
2025-03-07 22:59 +00:00:     at Module._compile (node:internal/modules/cjs/loader:1469:14)
2025-03-07 22:59 +00:00:     at Module._extensions..js (node:internal/modules/cjs/loader:1548:10)
2025-03-07 22:59 +00:00:     at Module.load (node:internal/modules/cjs/loader:1288:32)
2025-03-07 22:59 +00:00:     at Module._load (node:internal/modules/cjs/loader:1104:12)
2025-03-07 22:59 +00:00: [2025-03-07T22:59:21.382Z] [AI-WARROOM] [WARN] OpenRouter API key not provided. AI agents will not be available.
2025-03-07 22:59 +00:00: [2025-03-07T22:59:21.386Z] [AI-WARROOM] [ERROR] Static path does not exist: /root/code-server/dist/node/src/browser/pages
2025-03-07 22:59 +00:00: TypeError: Application.start is not a function
2025-03-07 22:59 +00:00:     at Object.<anonymous> (/root/code-server/dist/node/server.js:83:13)
2025-03-07 22:59 +00:00:     at Module._compile (node:internal/modules/cjs/loader:1469:14)
2025-03-07 22:59 +00:00:     at Module._extensions..js (node:internal/modules/cjs/loader:1548:10)
2025-03-07 22:59 +00:00:     at Module.load (node:internal/modules/cjs/loader:1288:32)
2025-03-07 22:59 +00:00:     at Module._load (node:internal/modules/cjs/loader:1104:12)
2025-03-07 22:59 +00:00:     at Object.<anonymous> (/usr/local/lib/node_modules/pm2/lib/ProcessContainerFork.js:33:23)
2025-03-07 22:59 +00:00:     at Module._compile (node:internal/modules/cjs/loader:1469:14)
2025-03-07 22:59 +00:00:     at Module._extensions..js (node:internal/modules/cjs/loader:1548:10)
2025-03-07 22:59 +00:00:     at Module.load (node:internal/modules/cjs/loader:1288:32)
2025-03-07 22:59 +00:00:     at Module._load (node:internal/modules/cjs/loader:1104:12)
2025-03-07 22:59 +00:00: [2025-03-07T22:59:21.904Z] [AI-WARROOM] [WARN] OpenRouter API key not provided. AI agents will not be available.
2025-03-07 22:59 +00:00: [2025-03-07T22:59:21.913Z] [AI-WARROOM] [ERROR] Static path does not exist: /root/code-server/dist/node/src/browser/pages
2025-03-07 22:59 +00:00: TypeError: Application.start is not a function
2025-03-07 22:59 +00:00:     at Object.<anonymous> (/root/code-server/dist/node/server.js:83:13)
2025-03-07 22:59 +00:00:     at Module._compile (node:internal/modules/cjs/loader:1469:14)
2025-03-07 22:59 +00:00:     at Module._extensions..js (node:internal/modules/cjs/loader:1548:10)
2025-03-07 22:59 +00:00:     at Module.load (node:internal/modules/cjs/loader:1288:32)
2025-03-07 22:59 +00:00:     at Module._load (node:internal/modules/cjs/loader:1104:12)
2025-03-07 22:59 +00:00:     at Object.<anonymous> (/usr/local/lib/node_modules/pm2/lib/ProcessContainerFork.js:33:23)
2025-03-07 22:59 +00:00:     at Module._compile (node:internal/modules/cjs/loader:1469:14)
2025-03-07 22:59 +00:00:     at Module._extensions..js (node:internal/modules/cjs/loader:1548:10)
2025-03-07 22:59 +00:00:     at Module.load (node:internal/modules/cjs/loader:1288:32)
2025-03-07 22:59 +00:00:     at Module._load (node:internal/modules/cjs/loader:1104:12)
2025-03-07 22:59 +00:00: [2025-03-07T22:59:22.422Z] [AI-WARROOM] [WARN] OpenRouter API key not provided. AI agents will not be available.
2025-03-07 22:59 +00:00: [2025-03-07T22:59:22.427Z] [AI-WARROOM] [ERROR] Static path does not exist: /root/code-server/dist/node/src/browser/pages
2025-03-07 22:59 +00:00: TypeError: Application.start is not a function
2025-03-07 22:59 +00:00:     at Object.<anonymous> (/root/code-server/dist/node/server.js:83:13)
2025-03-07 22:59 +00:00:     at Module._compile (node:internal/modules/cjs/loader:1469:14)
2025-03-07 22:59 +00:00:     at Module._extensions..js (node:internal/modules/cjs/loader:1548:10)
2025-03-07 22:59 +00:00:     at Module.load (node:internal/modules/cjs/loader:1288:32)
2025-03-07 22:59 +00:00:     at Module._load (node:internal/modules/cjs/loader:1104:12)
2025-03-07 22:59 +00:00:     at Object.<anonymous> (/usr/local/lib/node_modules/pm2/lib/ProcessContainerFork.js:33:23)
2025-03-07 22:59 +00:00:     at Module._compile (node:internal/modules/cjs/loader:1469:14)
2025-03-07 22:59 +00:00:     at Module._extensions..js (node:internal/modules/cjs/loader:1548:10)
2025-03-07 22:59 +00:00:     at Module.load (node:internal/modules/cjs/loader:1288:32)
2025-03-07 22:59 +00:00:     at Module._load (node:internal/modules/cjs/loader:1104:12)
2025-03-07 22:59 +00:00: [2025-03-07T22:59:22.959Z] [AI-WARROOM] [WARN] OpenRouter API key not provided. AI agents will not be available.
2025-03-07 22:59 +00:00: [2025-03-07T22:59:22.977Z] [AI-WARROOM] [ERROR] Static path does not exist: /root/code-server/dist/node/src/browser/pages
2025-03-07 22:59 +00:00: TypeError: Application.start is not a function
2025-03-07 22:59 +00:00:     at Object.<anonymous> (/root/code-server/dist/node/server.js:83:13)
2025-03-07 22:59 +00:00:     at Module._compile (node:internal/modules/cjs/loader:1469:14)
2025-03-07 22:59 +00:00:     at Module._extensions..js (node:internal/modules/cjs/loader:1548:10)
2025-03-07 22:59 +00:00:     at Module.load (node:internal/modules/cjs/loader:1288:32)
2025-03-07 22:59 +00:00:     at Module._load (node:internal/modules/cjs/loader:1104:12)
2025-03-07 22:59 +00:00:     at Object.<anonymous> (/usr/local/lib/node_modules/pm2/lib/ProcessContainerFork.js:33:23)
2025-03-07 22:59 +00:00:     at Module._compile (node:internal/modules/cjs/loader:1469:14)
2025-03-07 22:59 +00:00:     at Module._extensions..js (node:internal/modules/cjs/loader:1548:10)
2025-03-07 22:59 +00:00:     at Module.load (node:internal/modules/cjs/loader:1288:32)
2025-03-07 22:59 +00:00:     at Module._load (node:internal/modules/cjs/loader:1104:12)
2025-03-07 22:59 +00:00: [2025-03-07T22:59:23.521Z] [AI-WARROOM] [WARN] OpenRouter API key not provided. AI agents will not be available.
2025-03-07 22:59 +00:00: [2025-03-07T22:59:23.532Z] [AI-WARROOM] [ERROR] Static path does not exist: /root/code-server/dist/node/src/browser/pages
2025-03-07 22:59 +00:00: TypeError: Application.start is not a function
2025-03-07 22:59 +00:00:     at Object.<anonymous> (/root/code-server/dist/node/server.js:83:13)
2025-03-07 22:59 +00:00:     at Module._compile (node:internal/modules/cjs/loader:1469:14)
2025-03-07 22:59 +00:00:     at Module._extensions..js (node:internal/modules/cjs/loader:1548:10)
2025-03-07 22:59 +00:00:     at Module.load (node:internal/modules/cjs/loader:1288:32)
2025-03-07 22:59 +00:00:     at Module._load (node:internal/modules/cjs/loader:1104:12)
2025-03-07 22:59 +00:00:     at Object.<anonymous> (/usr/local/lib/node_modules/pm2/lib/ProcessContainerFork.js:33:23)
2025-03-07 22:59 +00:00:     at Module._compile (node:internal/modules/cjs/loader:1469:14)
2025-03-07 22:59 +00:00:     at Module._extensions..js (node:internal/modules/cjs/loader:1548:10)
2025-03-07 22:59 +00:00:     at Module.load (node:internal/modules/cjs/loader:1288:32)
2025-03-07 22:59 +00:00:     at Module._load (node:internal/modules/cjs/loader:1104:12)
2025-03-07 22:59 +00:00: [2025-03-07T22:59:24.048Z] [AI-WARROOM] [WARN] OpenRouter API key not provided. AI agents will not be available.
2025-03-07 22:59 +00:00: [2025-03-07T22:59:24.051Z] [AI-WARROOM] [ERROR] Static path does not exist: /root/code-server/dist/node/src/browser/pages
2025-03-07 22:59 +00:00: TypeError: Application.start is not a function
2025-03-07 22:59 +00:00:     at Object.<anonymous> (/root/code-server/dist/node/server.js:83:13)
2025-03-07 22:59 +00:00:     at Module._compile (node:internal/modules/cjs/loader:1469:14)
2025-03-07 22:59 +00:00:     at Module._extensions..js (node:internal/modules/cjs/loader:1548:10)
2025-03-07 22:59 +00:00:     at Module.load (node:internal/modules/cjs/loader:1288:32)
2025-03-07 22:59 +00:00:     at Module._load (node:internal/modules/cjs/loader:1104:12)
2025-03-07 22:59 +00:00:     at Object.<anonymous> (/usr/local/lib/node_modules/pm2/lib/ProcessContainerFork.js:33:23)
2025-03-07 22:59 +00:00:     at Module._compile (node:internal/modules/cjs/loader:1469:14)
2025-03-07 22:59 +00:00:     at Module._extensions..js (node:internal/modules/cjs/loader:1548:10)
2025-03-07 22:59 +00:00:     at Module.load (node:internal/modules/cjs/loader:1288:32)
2025-03-07 22:59 +00:00:     at Module._load (node:internal/modules/cjs/loader:1104:12)
2025-03-07 22:59 +00:00: [2025-03-07T22:59:24.568Z] [AI-WARROOM] [WARN] OpenRouter API key not provided. AI agents will not be available.
2025-03-07 22:59 +00:00: [2025-03-07T22:59:24.576Z] [AI-WARROOM] [ERROR] Static path does not exist: /root/code-server/dist/node/src/browser/pages
2025-03-07 22:59 +00:00: TypeError: Application.start is not a function
2025-03-07 22:59 +00:00:     at Object.<anonymous> (/root/code-server/dist/node/server.js:83:13)
2025-03-07 22:59 +00:00:     at Module._compile (node:internal/modules/cjs/loader:1469:14)
2025-03-07 22:59 +00:00:     at Module._extensions..js (node:internal/modules/cjs/loader:1548:10)
2025-03-07 22:59 +00:00:     at Module.load (node:internal/modules/cjs/loader:1288:32)
2025-03-07 22:59 +00:00:     at Module._load (node:internal/modules/cjs/loader:1104:12)
2025-03-07 22:59 +00:00:     at Object.<anonymous> (/usr/local/lib/node_modules/pm2/lib/ProcessContainerFork.js:33:23)
2025-03-07 22:59 +00:00:     at Module._compile (node:internal/modules/cjs/loader:1469:14)
2025-03-07 22:59 +00:00:     at Module._extensions..js (node:internal/modules/cjs/loader:1548:10)
2025-03-07 22:59 +00:00:     at Module.load (node:internal/modules/cjs/loader:1288:32)
2025-03-07 22:59 +00:00:     at Module._load (node:internal/modules/cjs/loader:1104:12)
2025-03-07 22:59 +00:00: [2025-03-07T22:59:25.130Z] [AI-WARROOM] [WARN] OpenRouter API key not provided. AI agents will not be available.
2025-03-07 22:59 +00:00: [2025-03-07T22:59:25.133Z] [AI-WARROOM] [ERROR] Static path does not exist: /root/code-server/dist/node/src/browser/pages
2025-03-07 22:59 +00:00: TypeError: Application.start is not a function
2025-03-07 22:59 +00:00:     at Object.<anonymous> (/root/code-server/dist/node/server.js:83:13)
2025-03-07 22:59 +00:00:     at Module._compile (node:internal/modules/cjs/loader:1469:14)
2025-03-07 22:59 +00:00:     at Module._extensions..js (node:internal/modules/cjs/loader:1548:10)
2025-03-07 22:59 +00:00:     at Module.load (node:internal/modules/cjs/loader:1288:32)
2025-03-07 22:59 +00:00:     at Module._load (node:internal/modules/cjs/loader:1104:12)
2025-03-07 22:59 +00:00:     at Object.<anonymous> (/usr/local/lib/node_modules/pm2/lib/ProcessContainerFork.js:33:23)
2025-03-07 22:59 +00:00:     at Module._compile (node:internal/modules/cjs/loader:1469:14)
2025-03-07 22:59 +00:00:     at Module._extensions..js (node:internal/modules/cjs/loader:1548:10)
2025-03-07 22:59 +00:00:     at Module.load (node:internal/modules/cjs/loader:1288:32)
2025-03-07 22:59 +00:00:     at Module._load (node:internal/modules/cjs/loader:1104:12)
2025-03-07 22:59 +00:00: [2025-03-07T22:59:25.694Z] [AI-WARROOM] [WARN] OpenRouter API key not provided. AI agents will not be available.
2025-03-07 22:59 +00:00: [2025-03-07T22:59:25.699Z] [AI-WARROOM] [ERROR] Static path does not exist: /root/code-server/dist/node/src/browser/pages
2025-03-07 22:59 +00:00: TypeError: Application.start is not a function
2025-03-07 22:59 +00:00:     at Object.<anonymous> (/root/code-server/dist/node/server.js:83:13)
2025-03-07 22:59 +00:00:     at Module._compile (node:internal/modules/cjs/loader:1469:14)
2025-03-07 22:59 +00:00:     at Module._extensions..js (node:internal/modules/cjs/loader:1548:10)
2025-03-07 22:59 +00:00:     at Module.load (node:internal/modules/cjs/loader:1288:32)
2025-03-07 22:59 +00:00:     at Module._load (node:internal/modules/cjs/loader:1104:12)
2025-03-07 22:59 +00:00:     at Object.<anonymous> (/usr/local/lib/node_modules/pm2/lib/ProcessContainerFork.js:33:23)
2025-03-07 22:59 +00:00:     at Module._compile (node:internal/modules/cjs/loader:1469:14)
2025-03-07 22:59 +00:00:     at Module._extensions..js (node:internal/modules/cjs/loader:1548:10)
2025-03-07 22:59 +00:00:     at Module.load (node:internal/modules/cjs/loader:1288:32)
2025-03-07 22:59 +00:00:     at Module._load (node:internal/modules/cjs/loader:1104:12)
2025-03-07 22:59 +00:00: [2025-03-07T22:59:26.328Z] [AI-WARROOM] [WARN] OpenRouter API key not provided. AI agents will not be available.
2025-03-07 22:59 +00:00: [2025-03-07T22:59:26.332Z] [AI-WARROOM] [ERROR] Static path does not exist: /root/code-server/dist/node/src/browser/pages
2025-03-07 22:59 +00:00: TypeError: Application.start is not a function
2025-03-07 22:59 +00:00:     at Object.<anonymous> (/root/code-server/dist/node/server.js:83:13)
2025-03-07 22:59 +00:00:     at Module._compile (node:internal/modules/cjs/loader:1469:14)
2025-03-07 22:59 +00:00:     at Module._extensions..js (node:internal/modules/cjs/loader:1548:10)
2025-03-07 22:59 +00:00:     at Module.load (node:internal/modules/cjs/loader:1288:32)
2025-03-07 22:59 +00:00:     at Module._load (node:internal/modules/cjs/loader:1104:12)
2025-03-07 22:59 +00:00:     at Object.<anonymous> (/usr/local/lib/node_modules/pm2/lib/ProcessContainerFork.js:33:23)
2025-03-07 22:59 +00:00:     at Module._compile (node:internal/modules/cjs/loader:1469:14)
2025-03-07 22:59 +00:00:     at Module._extensions..js (node:internal/modules/cjs/loader:1548:10)
2025-03-07 22:59 +00:00:     at Module.load (node:internal/modules/cjs/loader:1288:32)
2025-03-07 22:59 +00:00:     at Module._load (node:internal/modules/cjs/loader:1104:12)
2025-03-07 22:59 +00:00: [2025-03-07T22:59:26.877Z] [AI-WARROOM] [WARN] OpenRouter API key not provided. AI agents will not be available.
2025-03-07 22:59 +00:00: [2025-03-07T22:59:26.883Z] [AI-WARROOM] [ERROR] Static path does not exist: /root/code-server/dist/node/src/browser/pages
2025-03-07 22:59 +00:00: TypeError: Application.start is not a function
2025-03-07 22:59 +00:00:     at Object.<anonymous> (/root/code-server/dist/node/server.js:83:13)
2025-03-07 22:59 +00:00:     at Module._compile (node:internal/modules/cjs/loader:1469:14)
2025-03-07 22:59 +00:00:     at Module._extensions..js (node:internal/modules/cjs/loader:1548:10)
2025-03-07 22:59 +00:00:     at Module.load (node:internal/modules/cjs/loader:1288:32)
2025-03-07 22:59 +00:00:     at Module._load (node:internal/modules/cjs/loader:1104:12)
2025-03-07 22:59 +00:00:     at Object.<anonymous> (/usr/local/lib/node_modules/pm2/lib/ProcessContainerFork.js:33:23)
2025-03-07 22:59 +00:00:     at Module._compile (node:internal/modules/cjs/loader:1469:14)
2025-03-07 22:59 +00:00:     at Module._extensions..js (node:internal/modules/cjs/loader:1548:10)
2025-03-07 22:59 +00:00:     at Module.load (node:internal/modules/cjs/loader:1288:32)
2025-03-07 22:59 +00:00:     at Module._load (node:internal/modules/cjs/loader:1104:12)
2025-03-07 22:59 +00:00: [2025-03-07T22:59:27.478Z] [AI-WARROOM] [WARN] OpenRouter API key not provided. AI agents will not be available.
2025-03-07 22:59 +00:00: [2025-03-07T22:59:27.481Z] [AI-WARROOM] [ERROR] Static path does not exist: /root/code-server/dist/node/src/browser/pages
2025-03-07 22:59 +00:00: TypeError: Application.start is not a function
2025-03-07 22:59 +00:00:     at Object.<anonymous> (/root/code-server/dist/node/server.js:83:13)
2025-03-07 22:59 +00:00:     at Module._compile (node:internal/modules/cjs/loader:1469:14)
2025-03-07 22:59 +00:00:     at Module._extensions..js (node:internal/modules/cjs/loader:1548:10)
2025-03-07 22:59 +00:00:     at Module.load (node:internal/modules/cjs/loader:1288:32)
2025-03-07 22:59 +00:00:     at Module._load (node:internal/modules/cjs/loader:1104:12)
2025-03-07 22:59 +00:00:     at Object.<anonymous> (/usr/local/lib/node_modules/pm2/lib/ProcessContainerFork.js:33:23)
2025-03-07 22:59 +00:00:     at Module._compile (node:internal/modules/cjs/loader:1469:14)
2025-03-07 22:59 +00:00:     at Module._extensions..js (node:internal/modules/cjs/loader:1548:10)
2025-03-07 22:59 +00:00:     at Module.load (node:internal/modules/cjs/loader:1288:32)
2025-03-07 22:59 +00:00:     at Module._load (node:internal/modules/cjs/loader:1104:12)
2025-03-07 22:59 +00:00: [2025-03-07T22:59:28.064Z] [AI-WARROOM] [WARN] OpenRouter API key not provided. AI agents will not be available.
2025-03-07 22:59 +00:00: [2025-03-07T22:59:28.069Z] [AI-WARROOM] [ERROR] Static path does not exist: /root/code-server/dist/node/src/browser/pages
2025-03-07 22:59 +00:00: TypeError: Application.start is not a function
2025-03-07 22:59 +00:00:     at Object.<anonymous> (/root/code-server/dist/node/server.js:83:13)
2025-03-07 22:59 +00:00:     at Module._compile (node:internal/modules/cjs/loader:1469:14)
2025-03-07 22:59 +00:00:     at Module._extensions..js (node:internal/modules/cjs/loader:1548:10)
2025-03-07 22:59 +00:00:     at Module.load (node:internal/modules/cjs/loader:1288:32)
2025-03-07 22:59 +00:00:     at Module._load (node:internal/modules/cjs/loader:1104:12)
2025-03-07 22:59 +00:00:     at Object.<anonymous> (/usr/local/lib/node_modules/pm2/lib/ProcessContainerFork.js:33:23)
2025-03-07 22:59 +00:00:     at Module._compile (node:internal/modules/cjs/loader:1469:14)
2025-03-07 22:59 +00:00:     at Module._extensions..js (node:internal/modules/cjs/loader:1548:10)
2025-03-07 22:59 +00:00:     at Module.load (node:internal/modules/cjs/loader:1288:32)
2025-03-07 22:59 +00:00:     at Module._load (node:internal/modules/cjs/loader:1104:12)
2025-03-07 22:59 +00:00: [2025-03-07T22:59:28.609Z] [AI-WARROOM] [WARN] OpenRouter API key not provided. AI agents will not be available.
2025-03-07 22:59 +00:00: [2025-03-07T22:59:28.613Z] [AI-WARROOM] [ERROR] Static path does not exist: /root/code-server/dist/node/src/browser/pages
2025-03-07 22:59 +00:00: TypeError: Application.start is not a function
2025-03-07 22:59 +00:00:     at Object.<anonymous> (/root/code-server/dist/node/server.js:83:13)
2025-03-07 22:59 +00:00:     at Module._compile (node:internal/modules/cjs/loader:1469:14)
2025-03-07 22:59 +00:00:     at Module._extensions..js (node:internal/modules/cjs/loader:1548:10)
2025-03-07 22:59 +00:00:     at Module.load (node:internal/modules/cjs/loader:1288:32)
2025-03-07 22:59 +00:00:     at Module._load (node:internal/modules/cjs/loader:1104:12)
2025-03-07 22:59 +00:00:     at Object.<anonymous> (/usr/local/lib/node_modules/pm2/lib/ProcessContainerFork.js:33:23)
2025-03-07 22:59 +00:00:     at Module._compile (node:internal/modules/cjs/loader:1469:14)
2025-03-07 22:59 +00:00:     at Module._extensions..js (node:internal/modules/cjs/loader:1548:10)
2025-03-07 22:59 +00:00:     at Module.load (node:internal/modules/cjs/loader:1288:32)
2025-03-07 22:59 +00:00:     at Module._load (node:internal/modules/cjs/loader:1104:12)
2025-03-07 22:59 +00:00: [2025-03-07T22:59:29.212Z] [AI-WARROOM] [WARN] OpenRouter API key not provided. AI agents will not be available.
2025-03-07 22:59 +00:00: [2025-03-07T22:59:29.218Z] [AI-WARROOM] [ERROR] Static path does not exist: /root/code-server/dist/node/src/browser/pages
2025-03-07 22:59 +00:00: TypeError: Application.start is not a function
2025-03-07 22:59 +00:00:     at Object.<anonymous> (/root/code-server/dist/node/server.js:83:13)
2025-03-07 22:59 +00:00:     at Module._compile (node:internal/modules/cjs/loader:1469:14)
2025-03-07 22:59 +00:00:     at Module._extensions..js (node:internal/modules/cjs/loader:1548:10)
2025-03-07 22:59 +00:00:     at Module.load (node:internal/modules/cjs/loader:1288:32)
2025-03-07 22:59 +00:00:     at Module._load (node:internal/modules/cjs/loader:1104:12)
2025-03-07 22:59 +00:00:     at Object.<anonymous> (/usr/local/lib/node_modules/pm2/lib/ProcessContainerFork.js:33:23)
2025-03-07 22:59 +00:00:     at Module._compile (node:internal/modules/cjs/loader:1469:14)
2025-03-07 22:59 +00:00:     at Module._extensions..js (node:internal/modules/cjs/loader:1548:10)
2025-03-07 22:59 +00:00:     at Module.load (node:internal/modules/cjs/loader:1288:32)
2025-03-07 22:59 +00:00:     at Module._load (node:internal/modules/cjs/loader:1104:12)
2025-03-07 22:59 +00:00: [2025-03-07T22:59:29.756Z] [AI-WARROOM] [WARN] OpenRouter API key not provided. AI agents will not be available.
2025-03-07 22:59 +00:00: [2025-03-07T22:59:29.760Z] [AI-WARROOM] [ERROR] Static path does not exist: /root/code-server/dist/node/src/browser/pages
2025-03-07 22:59 +00:00: TypeError: Application.start is not a function
2025-03-07 22:59 +00:00:     at Object.<anonymous> (/root/code-server/dist/node/server.js:83:13)
2025-03-07 22:59 +00:00:     at Module._compile (node:internal/modules/cjs/loader:1469:14)
2025-03-07 22:59 +00:00:     at Module._extensions..js (node:internal/modules/cjs/loader:1548:10)
2025-03-07 22:59 +00:00:     at Module.load (node:internal/modules/cjs/loader:1288:32)
2025-03-07 22:59 +00:00:     at Module._load (node:internal/modules/cjs/loader:1104:12)
2025-03-07 22:59 +00:00:     at Object.<anonymous> (/usr/local/lib/node_modules/pm2/lib/ProcessContainerFork.js:33:23)
2025-03-07 22:59 +00:00:     at Module._compile (node:internal/modules/cjs/loader:1469:14)
2025-03-07 22:59 +00:00:     at Module._extensions..js (node:internal/modules/cjs/loader:1548:10)
2025-03-07 22:59 +00:00:     at Module.load (node:internal/modules/cjs/loader:1288:32)
2025-03-07 22:59 +00:00:     at Module._load (node:internal/modules/cjs/loader:1104:12)
2025-03-07 22:59 +00:00: [2025-03-07T22:59:30.347Z] [AI-WARROOM] [WARN] OpenRouter API key not provided. AI agents will not be available.
2025-03-07 22:59 +00:00: [2025-03-07T22:59:30.351Z] [AI-WARROOM] [ERROR] Static path does not exist: /root/code-server/dist/node/src/browser/pages
2025-03-07 22:59 +00:00: TypeError: Application.start is not a function
2025-03-07 22:59 +00:00:     at Object.<anonymous> (/root/code-server/dist/node/server.js:83:13)
2025-03-07 22:59 +00:00:     at Module._compile (node:internal/modules/cjs/loader:1469:14)
2025-03-07 22:59 +00:00:     at Module._extensions..js (node:internal/modules/cjs/loader:1548:10)
2025-03-07 22:59 +00:00:     at Module.load (node:internal/modules/cjs/loader:1288:32)
2025-03-07 22:59 +00:00:     at Module._load (node:internal/modules/cjs/loader:1104:12)
2025-03-07 22:59 +00:00:     at Object.<anonymous> (/usr/local/lib/node_modules/pm2/lib/ProcessContainerFork.js:33:23)
2025-03-07 22:59 +00:00:     at Module._compile (node:internal/modules/cjs/loader:1469:14)
2025-03-07 22:59 +00:00:     at Module._extensions..js (node:internal/modules/cjs/loader:1548:10)
2025-03-07 22:59 +00:00:     at Module.load (node:internal/modules/cjs/loader:1288:32)
2025-03-07 22:59 +00:00:     at Module._load (node:internal/modules/cjs/loader:1104:12)
2025-03-07 22:59 +00:00: [2025-03-07T22:59:30.812Z] [AI-WARROOM] [WARN] OpenRouter API key not provided. AI agents will not be available.
2025-03-07 22:59 +00:00: [2025-03-07T22:59:30.828Z] [AI-WARROOM] [ERROR] Static path does not exist: /root/code-server/dist/node/src/browser/pages
2025-03-07 22:59 +00:00: TypeError: Application.start is not a function
2025-03-07 22:59 +00:00:     at Object.<anonymous> (/root/code-server/dist/node/server.js:83:13)
2025-03-07 22:59 +00:00:     at Module._compile (node:internal/modules/cjs/loader:1469:14)
2025-03-07 22:59 +00:00:     at Module._extensions..js (node:internal/modules/cjs/loader:1548:10)
2025-03-07 22:59 +00:00:     at Module.load (node:internal/modules/cjs/loader:1288:32)
2025-03-07 22:59 +00:00:     at Module._load (node:internal/modules/cjs/loader:1104:12)
2025-03-07 22:59 +00:00:     at Object.<anonymous> (/usr/local/lib/node_modules/pm2/lib/ProcessContainerFork.js:33:23)
2025-03-07 22:59 +00:00:     at Module._compile (node:internal/modules/cjs/loader:1469:14)
2025-03-07 22:59 +00:00:     at Module._extensions..js (node:internal/modules/cjs/loader:1548:10)
2025-03-07 22:59 +00:00:     at Module.load (node:internal/modules/cjs/loader:1288:32)
2025-03-07 22:59 +00:00:     at Module._load (node:internal/modules/cjs/loader:1104:12)
2025-03-07 22:59 +00:00: [2025-03-07T22:59:31.341Z] [AI-WARROOM] [WARN] OpenRouter API key not provided. AI agents will not be available.
2025-03-07 22:59 +00:00: [2025-03-07T22:59:31.348Z] [AI-WARROOM] [ERROR] Static path does not exist: /root/code-server/dist/node/src/browser/pages
2025-03-07 22:59 +00:00: TypeError: Application.start is not a function
2025-03-07 22:59 +00:00:     at Object.<anonymous> (/root/code-server/dist/node/server.js:83:13)
2025-03-07 22:59 +00:00:     at Module._compile (node:internal/modules/cjs/loader:1469:14)
2025-03-07 22:59 +00:00:     at Module._extensions..js (node:internal/modules/cjs/loader:1548:10)
2025-03-07 22:59 +00:00:     at Module.load (node:internal/modules/cjs/loader:1288:32)
2025-03-07 22:59 +00:00:     at Module._load (node:internal/modules/cjs/loader:1104:12)
2025-03-07 22:59 +00:00:     at Object.<anonymous> (/usr/local/lib/node_modules/pm2/lib/ProcessContainerFork.js:33:23)
2025-03-07 22:59 +00:00:     at Module._compile (node:internal/modules/cjs/loader:1469:14)
2025-03-07 22:59 +00:00:     at Module._extensions..js (node:internal/modules/cjs/loader:1548:10)
2025-03-07 22:59 +00:00:     at Module.load (node:internal/modules/cjs/loader:1288:32)
2025-03-07 22:59 +00:00:     at Module._load (node:internal/modules/cjs/loader:1104:12)
2025-03-07 22:59 +00:00: [2025-03-07T22:59:31.939Z] [AI-WARROOM] [WARN] OpenRouter API key not provided. AI agents will not be available.
2025-03-07 22:59 +00:00: [2025-03-07T22:59:31.942Z] [AI-WARROOM] [ERROR] Static path does not exist: /root/code-server/dist/node/src/browser/pages
2025-03-07 22:59 +00:00: TypeError: Application.start is not a function
2025-03-07 22:59 +00:00:     at Object.<anonymous> (/root/code-server/dist/node/server.js:83:13)
2025-03-07 22:59 +00:00:     at Module._compile (node:internal/modules/cjs/loader:1469:14)
2025-03-07 22:59 +00:00:     at Module._extensions..js (node:internal/modules/cjs/loader:1548:10)
2025-03-07 22:59 +00:00:     at Module.load (node:internal/modules/cjs/loader:1288:32)
2025-03-07 22:59 +00:00:     at Module._load (node:internal/modules/cjs/loader:1104:12)
2025-03-07 22:59 +00:00:     at Object.<anonymous> (/usr/local/lib/node_modules/pm2/lib/ProcessContainerFork.js:33:23)
2025-03-07 22:59 +00:00:     at Module._compile (node:internal/modules/cjs/loader:1469:14)
2025-03-07 22:59 +00:00:     at Module._extensions..js (node:internal/modules/cjs/loader:1548:10)
2025-03-07 22:59 +00:00:     at Module.load (node:internal/modules/cjs/loader:1288:32)
2025-03-07 22:59 +00:00:     at Module._load (node:internal/modules/cjs/loader:1104:12)
2025-03-07 22:59 +00:00: [2025-03-07T22:59:32.530Z] [AI-WARROOM] [WARN] OpenRouter API key not provided. AI agents will not be available.
2025-03-07 22:59 +00:00: [2025-03-07T22:59:32.535Z] [AI-WARROOM] [ERROR] Static path does not exist: /root/code-server/dist/node/src/browser/pages
2025-03-07 22:59 +00:00: TypeError: Application.start is not a function
2025-03-07 22:59 +00:00:     at Object.<anonymous> (/root/code-server/dist/node/server.js:83:13)
2025-03-07 22:59 +00:00:     at Module._compile (node:internal/modules/cjs/loader:1469:14)
2025-03-07 22:59 +00:00:     at Module._extensions..js (node:internal/modules/cjs/loader:1548:10)
2025-03-07 22:59 +00:00:     at Module.load (node:internal/modules/cjs/loader:1288:32)
2025-03-07 22:59 +00:00:     at Module._load (node:internal/modules/cjs/loader:1104:12)
2025-03-07 22:59 +00:00:     at Object.<anonymous> (/usr/local/lib/node_modules/pm2/lib/ProcessContainerFork.js:33:23)
2025-03-07 22:59 +00:00:     at Module._compile (node:internal/modules/cjs/loader:1469:14)
2025-03-07 22:59 +00:00:     at Module._extensions..js (node:internal/modules/cjs/loader:1548:10)
2025-03-07 22:59 +00:00:     at Module.load (node:internal/modules/cjs/loader:1288:32)
2025-03-07 22:59 +00:00:     at Module._load (node:internal/modules/cjs/loader:1104:12)
2025-03-07 22:59 +00:00: [2025-03-07T22:59:33.114Z] [AI-WARROOM] [WARN] OpenRouter API key not provided. AI agents will not be available.
2025-03-07 22:59 +00:00: [2025-03-07T22:59:33.118Z] [AI-WARROOM] [ERROR] Static path does not exist: /root/code-server/dist/node/src/browser/pages
2025-03-07 22:59 +00:00: TypeError: Application.start is not a function
2025-03-07 22:59 +00:00:     at Object.<anonymous> (/root/code-server/dist/node/server.js:83:13)
2025-03-07 22:59 +00:00:     at Module._compile (node:internal/modules/cjs/loader:1469:14)
2025-03-07 22:59 +00:00:     at Module._extensions..js (node:internal/modules/cjs/loader:1548:10)
2025-03-07 22:59 +00:00:     at Module.load (node:internal/modules/cjs/loader:1288:32)
2025-03-07 22:59 +00:00:     at Module._load (node:internal/modules/cjs/loader:1104:12)
2025-03-07 22:59 +00:00:     at Object.<anonymous> (/usr/local/lib/node_modules/pm2/lib/ProcessContainerFork.js:33:23)
2025-03-07 22:59 +00:00:     at Module._compile (node:internal/modules/cjs/loader:1469:14)
2025-03-07 22:59 +00:00:     at Module._extensions..js (node:internal/modules/cjs/loader:1548:10)
2025-03-07 22:59 +00:00:     at Module.load (node:internal/modules/cjs/loader:1288:32)
2025-03-07 22:59 +00:00:     at Module._load (node:internal/modules/cjs/loader:1104:12)
2025-03-07 22:59 +00:00: [2025-03-07T22:59:33.743Z] [AI-WARROOM] [WARN] OpenRouter API key not provided. AI agents will not be available.
2025-03-07 22:59 +00:00: [2025-03-07T22:59:33.746Z] [AI-WARROOM] [ERROR] Static path does not exist: /root/code-server/dist/node/src/browser/pages
2025-03-07 22:59 +00:00: TypeError: Application.start is not a function
2025-03-07 22:59 +00:00:     at Object.<anonymous> (/root/code-server/dist/node/server.js:83:13)
2025-03-07 22:59 +00:00:     at Module._compile (node:internal/modules/cjs/loader:1469:14)
2025-03-07 22:59 +00:00:     at Module._extensions..js (node:internal/modules/cjs/loader:1548:10)
2025-03-07 22:59 +00:00:     at Module.load (node:internal/modules/cjs/loader:1288:32)
2025-03-07 22:59 +00:00:     at Module._load (node:internal/modules/cjs/loader:1104:12)
2025-03-07 22:59 +00:00:     at Object.<anonymous> (/usr/local/lib/node_modules/pm2/lib/ProcessContainerFork.js:33:23)
2025-03-07 22:59 +00:00:     at Module._compile (node:internal/modules/cjs/loader:1469:14)
2025-03-07 22:59 +00:00:     at Module._extensions..js (node:internal/modules/cjs/loader:1548:10)
2025-03-07 22:59 +00:00:     at Module.load (node:internal/modules/cjs/loader:1288:32)
2025-03-07 22:59 +00:00:     at Module._load (node:internal/modules/cjs/loader:1104:12)
2025-03-07 22:59 +00:00: [2025-03-07T22:59:34.296Z] [AI-WARROOM] [WARN] OpenRouter API key not provided. AI agents will not be available.
2025-03-07 22:59 +00:00: [2025-03-07T22:59:34.301Z] [AI-WARROOM] [ERROR] Static path does not exist: /root/code-server/dist/node/src/browser/pages
2025-03-07 22:59 +00:00: TypeError: Application.start is not a function
2025-03-07 22:59 +00:00:     at Object.<anonymous> (/root/code-server/dist/node/server.js:83:13)
2025-03-07 22:59 +00:00:     at Module._compile (node:internal/modules/cjs/loader:1469:14)
2025-03-07 22:59 +00:00:     at Module._extensions..js (node:internal/modules/cjs/loader:1548:10)
2025-03-07 22:59 +00:00:     at Module.load (node:internal/modules/cjs/loader:1288:32)
2025-03-07 22:59 +00:00:     at Module._load (node:internal/modules/cjs/loader:1104:12)
2025-03-07 22:59 +00:00:     at Object.<anonymous> (/usr/local/lib/node_modules/pm2/lib/ProcessContainerFork.js:33:23)
2025-03-07 22:59 +00:00:     at Module._compile (node:internal/modules/cjs/loader:1469:14)
2025-03-07 22:59 +00:00:     at Module._extensions..js (node:internal/modules/cjs/loader:1548:10)
2025-03-07 22:59 +00:00:     at Module.load (node:internal/modules/cjs/loader:1288:32)
2025-03-07 22:59 +00:00:     at Module._load (node:internal/modules/cjs/loader:1104:12)
2025-03-07 22:59 +00:00: [2025-03-07T22:59:34.876Z] [AI-WARROOM] [WARN] OpenRouter API key not provided. AI agents will not be available.
2025-03-07 22:59 +00:00: [2025-03-07T22:59:34.897Z] [AI-WARROOM] [ERROR] Static path does not exist: /root/code-server/dist/node/src/browser/pages
2025-03-07 22:59 +00:00: TypeError: Application.start is not a function
2025-03-07 22:59 +00:00:     at Object.<anonymous> (/root/code-server/dist/node/server.js:83:13)
2025-03-07 22:59 +00:00:     at Module._compile (node:internal/modules/cjs/loader:1469:14)
2025-03-07 22:59 +00:00:     at Module._extensions..js (node:internal/modules/cjs/loader:1548:10)
2025-03-07 22:59 +00:00:     at Module.load (node:internal/modules/cjs/loader:1288:32)
2025-03-07 22:59 +00:00:     at Module._load (node:internal/modules/cjs/loader:1104:12)
2025-03-07 22:59 +00:00:     at Object.<anonymous> (/usr/local/lib/node_modules/pm2/lib/ProcessContainerFork.js:33:23)
2025-03-07 22:59 +00:00:     at Module._compile (node:internal/modules/cjs/loader:1469:14)
2025-03-07 22:59 +00:00:     at Module._extensions..js (node:internal/modules/cjs/loader:1548:10)
2025-03-07 22:59 +00:00:     at Module.load (node:internal/modules/cjs/loader:1288:32)
2025-03-07 22:59 +00:00:     at Module._load (node:internal/modules/cjs/loader:1104:12)
2025-03-07 22:59 +00:00: [2025-03-07T22:59:35.474Z] [AI-WARROOM] [WARN] OpenRouter API key not provided. AI agents will not be available.
2025-03-07 22:59 +00:00: [2025-03-07T22:59:35.479Z] [AI-WARROOM] [ERROR] Static path does not exist: /root/code-server/dist/node/src/browser/pages
2025-03-07 22:59 +00:00: TypeError: Application.start is not a function
2025-03-07 22:59 +00:00:     at Object.<anonymous> (/root/code-server/dist/node/server.js:83:13)
2025-03-07 22:59 +00:00:     at Module._compile (node:internal/modules/cjs/loader:1469:14)
2025-03-07 22:59 +00:00:     at Module._extensions..js (node:internal/modules/cjs/loader:1548:10)
2025-03-07 22:59 +00:00:     at Module.load (node:internal/modules/cjs/loader:1288:32)
2025-03-07 22:59 +00:00:     at Module._load (node:internal/modules/cjs/loader:1104:12)
2025-03-07 22:59 +00:00:     at Object.<anonymous> (/usr/local/lib/node_modules/pm2/lib/ProcessContainerFork.js:33:23)
2025-03-07 22:59 +00:00:     at Module._compile (node:internal/modules/cjs/loader:1469:14)
2025-03-07 22:59 +00:00:     at Module._extensions..js (node:internal/modules/cjs/loader:1548:10)
2025-03-07 22:59 +00:00:     at Module.load (node:internal/modules/cjs/loader:1288:32)
2025-03-07 22:59 +00:00:     at Module._load (node:internal/modules/cjs/loader:1104:12)
2025-03-07 22:59 +00:00: [2025-03-07T22:59:36.072Z] [AI-WARROOM] [WARN] OpenRouter API key not provided. AI agents will not be available.
2025-03-07 22:59 +00:00: [2025-03-07T22:59:36.076Z] [AI-WARROOM] [ERROR] Static path does not exist: /root/code-server/dist/node/src/browser/pages
2025-03-07 22:59 +00:00: TypeError: Application.start is not a function
2025-03-07 22:59 +00:00:     at Object.<anonymous> (/root/code-server/dist/node/server.js:83:13)
2025-03-07 22:59 +00:00:     at Module._compile (node:internal/modules/cjs/loader:1469:14)
2025-03-07 22:59 +00:00:     at Module._extensions..js (node:internal/modules/cjs/loader:1548:10)
2025-03-07 22:59 +00:00:     at Module.load (node:internal/modules/cjs/loader:1288:32)
2025-03-07 22:59 +00:00:     at Module._load (node:internal/modules/cjs/loader:1104:12)
2025-03-07 22:59 +00:00:     at Object.<anonymous> (/usr/local/lib/node_modules/pm2/lib/ProcessContainerFork.js:33:23)
2025-03-07 22:59 +00:00:     at Module._compile (node:internal/modules/cjs/loader:1469:14)
2025-03-07 22:59 +00:00:     at Module._extensions..js (node:internal/modules/cjs/loader:1548:10)
2025-03-07 22:59 +00:00:     at Module.load (node:internal/modules/cjs/loader:1288:32)
2025-03-07 22:59 +00:00:     at Module._load (node:internal/modules/cjs/loader:1104:12)
2025-03-07 22:59 +00:00: [2025-03-07T22:59:36.611Z] [AI-WARROOM] [WARN] OpenRouter API key not provided. AI agents will not be available.
2025-03-07 22:59 +00:00: [2025-03-07T22:59:36.614Z] [AI-WARROOM] [ERROR] Static path does not exist: /root/code-server/dist/node/src/browser/pages
2025-03-07 22:59 +00:00: TypeError: Application.start is not a function
2025-03-07 22:59 +00:00:     at Object.<anonymous> (/root/code-server/dist/node/server.js:83:13)
2025-03-07 22:59 +00:00:     at Module._compile (node:internal/modules/cjs/loader:1469:14)
2025-03-07 22:59 +00:00:     at Module._extensions..js (node:internal/modules/cjs/loader:1548:10)
2025-03-07 22:59 +00:00:     at Module.load (node:internal/modules/cjs/loader:1288:32)
2025-03-07 22:59 +00:00:     at Module._load (node:internal/modules/cjs/loader:1104:12)
2025-03-07 22:59 +00:00:     at Object.<anonymous> (/usr/local/lib/node_modules/pm2/lib/ProcessContainerFork.js:33:23)
2025-03-07 22:59 +00:00:     at Module._compile (node:internal/modules/cjs/loader:1469:14)
2025-03-07 22:59 +00:00:     at Module._extensions..js (node:internal/modules/cjs/loader:1548:10)
2025-03-07 22:59 +00:00:     at Module.load (node:internal/modules/cjs/loader:1288:32)
2025-03-07 22:59 +00:00:     at Module._load (node:internal/modules/cjs/loader:1104:12)
2025-03-07 22:59 +00:00: [2025-03-07T22:59:37.187Z] [AI-WARROOM] [WARN] OpenRouter API key not provided. AI agents will not be available.
2025-03-07 22:59 +00:00: [2025-03-07T22:59:37.192Z] [AI-WARROOM] [ERROR] Static path does not exist: /root/code-server/dist/node/src/browser/pages
2025-03-07 22:59 +00:00: TypeError: Application.start is not a function
2025-03-07 22:59 +00:00:     at Object.<anonymous> (/root/code-server/dist/node/server.js:83:13)
2025-03-07 22:59 +00:00:     at Module._compile (node:internal/modules/cjs/loader:1469:14)
2025-03-07 22:59 +00:00:     at Module._extensions..js (node:internal/modules/cjs/loader:1548:10)
2025-03-07 22:59 +00:00:     at Module.load (node:internal/modules/cjs/loader:1288:32)
2025-03-07 22:59 +00:00:     at Module._load (node:internal/modules/cjs/loader:1104:12)
2025-03-07 22:59 +00:00:     at Object.<anonymous> (/usr/local/lib/node_modules/pm2/lib/ProcessContainerFork.js:33:23)
2025-03-07 22:59 +00:00:     at Module._compile (node:internal/modules/cjs/loader:1469:14)
2025-03-07 22:59 +00:00:     at Module._extensions..js (node:internal/modules/cjs/loader:1548:10)
2025-03-07 22:59 +00:00:     at Module.load (node:internal/modules/cjs/loader:1288:32)
2025-03-07 22:59 +00:00:     at Module._load (node:internal/modules/cjs/loader:1104:12)
2025-03-07 22:59 +00:00: [2025-03-07T22:59:37.873Z] [AI-WARROOM] [WARN] OpenRouter API key not provided. AI agents will not be available.
2025-03-07 22:59 +00:00: [2025-03-07T22:59:37.878Z] [AI-WARROOM] [ERROR] Static path does not exist: /root/code-server/dist/node/src/browser/pages
2025-03-07 22:59 +00:00: TypeError: Application.start is not a function
2025-03-07 22:59 +00:00:     at Object.<anonymous> (/root/code-server/dist/node/server.js:83:13)
2025-03-07 22:59 +00:00:     at Module._compile (node:internal/modules/cjs/loader:1469:14)
2025-03-07 22:59 +00:00:     at Module._extensions..js (node:internal/modules/cjs/loader:1548:10)
2025-03-07 22:59 +00:00:     at Module.load (node:internal/modules/cjs/loader:1288:32)
2025-03-07 22:59 +00:00:     at Module._load (node:internal/modules/cjs/loader:1104:12)
2025-03-07 22:59 +00:00:     at Object.<anonymous> (/usr/local/lib/node_modules/pm2/lib/ProcessContainerFork.js:33:23)
2025-03-07 22:59 +00:00:     at Module._compile (node:internal/modules/cjs/loader:1469:14)
2025-03-07 22:59 +00:00:     at Module._extensions..js (node:internal/modules/cjs/loader:1548:10)
2025-03-07 22:59 +00:00:     at Module.load (node:internal/modules/cjs/loader:1288:32)
2025-03-07 22:59 +00:00:     at Module._load (node:internal/modules/cjs/loader:1104:12)
2025-03-07 22:59 +00:00: [2025-03-07T22:59:38.457Z] [AI-WARROOM] [WARN] OpenRouter API key not provided. AI agents will not be available.
2025-03-07 22:59 +00:00: [2025-03-07T22:59:38.460Z] [AI-WARROOM] [ERROR] Static path does not exist: /root/code-server/dist/node/src/browser/pages
2025-03-07 22:59 +00:00: TypeError: Application.start is not a function
2025-03-07 22:59 +00:00:     at Object.<anonymous> (/root/code-server/dist/node/server.js:83:13)
2025-03-07 22:59 +00:00:     at Module._compile (node:internal/modules/cjs/loader:1469:14)
2025-03-07 22:59 +00:00:     at Module._extensions..js (node:internal/modules/cjs/loader:1548:10)
2025-03-07 22:59 +00:00:     at Module.load (node:internal/modules/cjs/loader:1288:32)
2025-03-07 22:59 +00:00:     at Module._load (node:internal/modules/cjs/loader:1104:12)
2025-03-07 22:59 +00:00:     at Object.<anonymous> (/usr/local/lib/node_modules/pm2/lib/ProcessContainerFork.js:33:23)
2025-03-07 22:59 +00:00:     at Module._compile (node:internal/modules/cjs/loader:1469:14)
2025-03-07 22:59 +00:00:     at Module._extensions..js (node:internal/modules/cjs/loader:1548:10)
2025-03-07 22:59 +00:00:     at Module.load (node:internal/modules/cjs/loader:1288:32)
2025-03-07 22:59 +00:00:     at Module._load (node:internal/modules/cjs/loader:1104:12)
2025-03-07 22:59 +00:00: [2025-03-07T22:59:39.020Z] [AI-WARROOM] [WARN] OpenRouter API key not provided. AI agents will not be available.
2025-03-07 22:59 +00:00: [2025-03-07T22:59:39.027Z] [AI-WARROOM] [ERROR] Static path does not exist: /root/code-server/dist/node/src/browser/pages
2025-03-07 22:59 +00:00: TypeError: Application.start is not a function
2025-03-07 22:59 +00:00:     at Object.<anonymous> (/root/code-server/dist/node/server.js:83:13)
2025-03-07 22:59 +00:00:     at Module._compile (node:internal/modules/cjs/loader:1469:14)
2025-03-07 22:59 +00:00:     at Module._extensions..js (node:internal/modules/cjs/loader:1548:10)
2025-03-07 22:59 +00:00:     at Module.load (node:internal/modules/cjs/loader:1288:32)
2025-03-07 22:59 +00:00:     at Module._load (node:internal/modules/cjs/loader:1104:12)
2025-03-07 22:59 +00:00:     at Object.<anonymous> (/usr/local/lib/node_modules/pm2/lib/ProcessContainerFork.js:33:23)
2025-03-07 22:59 +00:00:     at Module._compile (node:internal/modules/cjs/loader:1469:14)
2025-03-07 22:59 +00:00:     at Module._extensions..js (node:internal/modules/cjs/loader:1548:10)
2025-03-07 22:59 +00:00:     at Module.load (node:internal/modules/cjs/loader:1288:32)
2025-03-07 22:59 +00:00:     at Module._load (node:internal/modules/cjs/loader:1104:12)
2025-03-07 22:59 +00:00: [2025-03-07T22:59:39.591Z] [AI-WARROOM] [WARN] OpenRouter API key not provided. AI agents will not be available.
2025-03-07 22:59 +00:00: [2025-03-07T22:59:39.595Z] [AI-WARROOM] [ERROR] Static path does not exist: /root/code-server/dist/node/src/browser/pages
2025-03-07 22:59 +00:00: TypeError: Application.start is not a function
2025-03-07 22:59 +00:00:     at Object.<anonymous> (/root/code-server/dist/node/server.js:83:13)
2025-03-07 22:59 +00:00:     at Module._compile (node:internal/modules/cjs/loader:1469:14)
2025-03-07 22:59 +00:00:     at Module._extensions..js (node:internal/modules/cjs/loader:1548:10)
2025-03-07 22:59 +00:00:     at Module.load (node:internal/modules/cjs/loader:1288:32)
2025-03-07 22:59 +00:00:     at Module._load (node:internal/modules/cjs/loader:1104:12)
2025-03-07 22:59 +00:00:     at Object.<anonymous> (/usr/local/lib/node_modules/pm2/lib/ProcessContainerFork.js:33:23)
2025-03-07 22:59 +00:00:     at Module._compile (node:internal/modules/cjs/loader:1469:14)
2025-03-07 22:59 +00:00:     at Module._extensions..js (node:internal/modules/cjs/loader:1548:10)
2025-03-07 22:59 +00:00:     at Module.load (node:internal/modules/cjs/loader:1288:32)
2025-03-07 22:59 +00:00:     at Module._load (node:internal/modules/cjs/loader:1104:12)
2025-03-07 22:59 +00:00: [2025-03-07T22:59:40.207Z] [AI-WARROOM] [WARN] OpenRouter API key not provided. AI agents will not be available.
2025-03-07 22:59 +00:00: [2025-03-07T22:59:40.212Z] [AI-WARROOM] [ERROR] Static path does not exist: /root/code-server/dist/node/src/browser/pages
2025-03-07 22:59 +00:00: TypeError: Application.start is not a function
2025-03-07 22:59 +00:00:     at Object.<anonymous> (/root/code-server/dist/node/server.js:83:13)
2025-03-07 22:59 +00:00:     at Module._compile (node:internal/modules/cjs/loader:1469:14)
2025-03-07 22:59 +00:00:     at Module._extensions..js (node:internal/modules/cjs/loader:1548:10)
2025-03-07 22:59 +00:00:     at Module.load (node:internal/modules/cjs/loader:1288:32)
2025-03-07 22:59 +00:00:     at Module._load (node:internal/modules/cjs/loader:1104:12)
2025-03-07 22:59 +00:00:     at Object.<anonymous> (/usr/local/lib/node_modules/pm2/lib/ProcessContainerFork.js:33:23)
2025-03-07 22:59 +00:00:     at Module._compile (node:internal/modules/cjs/loader:1469:14)
2025-03-07 22:59 +00:00:     at Module._extensions..js (node:internal/modules/cjs/loader:1548:10)
2025-03-07 22:59 +00:00:     at Module.load (node:internal/modules/cjs/loader:1288:32)
2025-03-07 22:59 +00:00:     at Module._load (node:internal/modules/cjs/loader:1104:12)
2025-03-07 22:59 +00:00: [2025-03-07T22:59:40.758Z] [AI-WARROOM] [WARN] OpenRouter API key not provided. AI agents will not be available.
2025-03-07 22:59 +00:00: [2025-03-07T22:59:40.762Z] [AI-WARROOM] [ERROR] Static path does not exist: /root/code-server/dist/node/src/browser/pages
2025-03-07 22:59 +00:00: TypeError: Application.start is not a function
2025-03-07 22:59 +00:00:     at Object.<anonymous> (/root/code-server/dist/node/server.js:83:13)
2025-03-07 22:59 +00:00:     at Module._compile (node:internal/modules/cjs/loader:1469:14)
2025-03-07 22:59 +00:00:     at Module._extensions..js (node:internal/modules/cjs/loader:1548:10)
2025-03-07 22:59 +00:00:     at Module.load (node:internal/modules/cjs/loader:1288:32)
2025-03-07 22:59 +00:00:     at Module._load (node:internal/modules/cjs/loader:1104:12)
2025-03-07 22:59 +00:00:     at Object.<anonymous> (/usr/local/lib/node_modules/pm2/lib/ProcessContainerFork.js:33:23)
2025-03-07 22:59 +00:00:     at Module._compile (node:internal/modules/cjs/loader:1469:14)
2025-03-07 22:59 +00:00:     at Module._extensions..js (node:internal/modules/cjs/loader:1548:10)
2025-03-07 22:59 +00:00:     at Module.load (node:internal/modules/cjs/loader:1288:32)
2025-03-07 22:59 +00:00:     at Module._load (node:internal/modules/cjs/loader:1104:12)
2025-03-07 22:59 +00:00: [2025-03-07T22:59:41.333Z] [AI-WARROOM] [WARN] OpenRouter API key not provided. AI agents will not be available.
2025-03-07 22:59 +00:00: [2025-03-07T22:59:41.339Z] [AI-WARROOM] [ERROR] Static path does not exist: /root/code-server/dist/node/src/browser/pages
2025-03-07 22:59 +00:00: TypeError: Application.start is not a function
2025-03-07 22:59 +00:00:     at Object.<anonymous> (/root/code-server/dist/node/server.js:83:13)
2025-03-07 22:59 +00:00:     at Module._compile (node:internal/modules/cjs/loader:1469:14)
2025-03-07 22:59 +00:00:     at Module._extensions..js (node:internal/modules/cjs/loader:1548:10)
2025-03-07 22:59 +00:00:     at Module.load (node:internal/modules/cjs/loader:1288:32)
2025-03-07 22:59 +00:00:     at Module._load (node:internal/modules/cjs/loader:1104:12)
2025-03-07 22:59 +00:00:     at Object.<anonymous> (/usr/local/lib/node_modules/pm2/lib/ProcessContainerFork.js:33:23)
2025-03-07 22:59 +00:00:     at Module._compile (node:internal/modules/cjs/loader:1469:14)
2025-03-07 22:59 +00:00:     at Module._extensions..js (node:internal/modules/cjs/loader:1548:10)
2025-03-07 22:59 +00:00:     at Module.load (node:internal/modules/cjs/loader:1288:32)
2025-03-07 22:59 +00:00:     at Module._load (node:internal/modules/cjs/loader:1104:12)
2025-03-07 22:59 +00:00: [2025-03-07T22:59:41.877Z] [AI-WARROOM] [WARN] OpenRouter API key not provided. AI agents will not be available.
2025-03-07 22:59 +00:00: [2025-03-07T22:59:41.890Z] [AI-WARROOM] [ERROR] Static path does not exist: /root/code-server/dist/node/src/browser/pages
2025-03-07 22:59 +00:00: TypeError: Application.start is not a function
2025-03-07 22:59 +00:00:     at Object.<anonymous> (/root/code-server/dist/node/server.js:83:13)
2025-03-07 22:59 +00:00:     at Module._compile (node:internal/modules/cjs/loader:1469:14)
2025-03-07 22:59 +00:00:     at Module._extensions..js (node:internal/modules/cjs/loader:1548:10)
2025-03-07 22:59 +00:00:     at Module.load (node:internal/modules/cjs/loader:1288:32)
2025-03-07 22:59 +00:00:     at Module._load (node:internal/modules/cjs/loader:1104:12)
2025-03-07 22:59 +00:00:     at Object.<anonymous> (/usr/local/lib/node_modules/pm2/lib/ProcessContainerFork.js:33:23)
2025-03-07 22:59 +00:00:     at Module._compile (node:internal/modules/cjs/loader:1469:14)
2025-03-07 22:59 +00:00:     at Module._extensions..js (node:internal/modules/cjs/loader:1548:10)
2025-03-07 22:59 +00:00:     at Module.load (node:internal/modules/cjs/loader:1288:32)
2025-03-07 22:59 +00:00:     at Module._load (node:internal/modules/cjs/loader:1104:12)
2025-03-07 22:59 +00:00: [2025-03-07T22:59:42.397Z] [AI-WARROOM] [WARN] OpenRouter API key not provided. AI agents will not be available.
2025-03-07 22:59 +00:00: [2025-03-07T22:59:42.402Z] [AI-WARROOM] [ERROR] Static path does not exist: /root/code-server/dist/node/src/browser/pages
2025-03-07 22:59 +00:00: TypeError: Application.start is not a function
2025-03-07 22:59 +00:00:     at Object.<anonymous> (/root/code-server/dist/node/server.js:83:13)
2025-03-07 22:59 +00:00:     at Module._compile (node:internal/modules/cjs/loader:1469:14)
2025-03-07 22:59 +00:00:     at Module._extensions..js (node:internal/modules/cjs/loader:1548:10)
2025-03-07 22:59 +00:00:     at Module.load (node:internal/modules/cjs/loader:1288:32)
2025-03-07 22:59 +00:00:     at Module._load (node:internal/modules/cjs/loader:1104:12)
2025-03-07 22:59 +00:00:     at Object.<anonymous> (/usr/local/lib/node_modules/pm2/lib/ProcessContainerFork.js:33:23)
2025-03-07 22:59 +00:00:     at Module._compile (node:internal/modules/cjs/loader:1469:14)
2025-03-07 22:59 +00:00:     at Module._extensions..js (node:internal/modules/cjs/loader:1548:10)
2025-03-07 22:59 +00:00:     at Module.load (node:internal/modules/cjs/loader:1288:32)
2025-03-07 22:59 +00:00:     at Module._load (node:internal/modules/cjs/loader:1104:12)
2025-03-07 22:59 +00:00: [2025-03-07T22:59:42.928Z] [AI-WARROOM] [WARN] OpenRouter API key not provided. AI agents will not be available.
2025-03-07 22:59 +00:00: [2025-03-07T22:59:42.940Z] [AI-WARROOM] [ERROR] Static path does not exist: /root/code-server/dist/node/src/browser/pages
2025-03-07 22:59 +00:00: TypeError: Application.start is not a function
2025-03-07 22:59 +00:00:     at Object.<anonymous> (/root/code-server/dist/node/server.js:83:13)
2025-03-07 22:59 +00:00:     at Module._compile (node:internal/modules/cjs/loader:1469:14)
2025-03-07 22:59 +00:00:     at Module._extensions..js (node:internal/modules/cjs/loader:1548:10)
2025-03-07 22:59 +00:00:     at Module.load (node:internal/modules/cjs/loader:1288:32)
2025-03-07 22:59 +00:00:     at Module._load (node:internal/modules/cjs/loader:1104:12)
2025-03-07 22:59 +00:00:     at Object.<anonymous> (/usr/local/lib/node_modules/pm2/lib/ProcessContainerFork.js:33:23)
2025-03-07 22:59 +00:00:     at Module._compile (node:internal/modules/cjs/loader:1469:14)
2025-03-07 22:59 +00:00:     at Module._extensions..js (node:internal/modules/cjs/loader:1548:10)
2025-03-07 22:59 +00:00:     at Module.load (node:internal/modules/cjs/loader:1288:32)
2025-03-07 22:59 +00:00:     at Module._load (node:internal/modules/cjs/loader:1104:12)
2025-03-07 22:59 +00:00: [2025-03-07T22:59:43.460Z] [AI-WARROOM] [WARN] OpenRouter API key not provided. AI agents will not be available.
2025-03-07 22:59 +00:00: [2025-03-07T22:59:43.466Z] [AI-WARROOM] [ERROR] Static path does not exist: /root/code-server/dist/node/src/browser/pages
2025-03-07 22:59 +00:00: TypeError: Application.start is not a function
2025-03-07 22:59 +00:00:     at Object.<anonymous> (/root/code-server/dist/node/server.js:83:13)
2025-03-07 22:59 +00:00:     at Module._compile (node:internal/modules/cjs/loader:1469:14)
2025-03-07 22:59 +00:00:     at Module._extensions..js (node:internal/modules/cjs/loader:1548:10)
2025-03-07 22:59 +00:00:     at Module.load (node:internal/modules/cjs/loader:1288:32)
2025-03-07 22:59 +00:00:     at Module._load (node:internal/modules/cjs/loader:1104:12)
2025-03-07 22:59 +00:00:     at Object.<anonymous> (/usr/local/lib/node_modules/pm2/lib/ProcessContainerFork.js:33:23)
2025-03-07 22:59 +00:00:     at Module._compile (node:internal/modules/cjs/loader:1469:14)
2025-03-07 22:59 +00:00:     at Module._extensions..js (node:internal/modules/cjs/loader:1548:10)
2025-03-07 22:59 +00:00:     at Module.load (node:internal/modules/cjs/loader:1288:32)
2025-03-07 22:59 +00:00:     at Module._load (node:internal/modules/cjs/loader:1104:12)
2025-03-07 22:59 +00:00: [2025-03-07T22:59:44.029Z] [AI-WARROOM] [WARN] OpenRouter API key not provided. AI agents will not be available.
2025-03-07 22:59 +00:00: [2025-03-07T22:59:44.036Z] [AI-WARROOM] [ERROR] Static path does not exist: /root/code-server/dist/node/src/browser/pages
2025-03-07 22:59 +00:00: TypeError: Application.start is not a function
2025-03-07 22:59 +00:00:     at Object.<anonymous> (/root/code-server/dist/node/server.js:83:13)
2025-03-07 22:59 +00:00:     at Module._compile (node:internal/modules/cjs/loader:1469:14)
2025-03-07 22:59 +00:00:     at Module._extensions..js (node:internal/modules/cjs/loader:1548:10)
2025-03-07 22:59 +00:00:     at Module.load (node:internal/modules/cjs/loader:1288:32)
2025-03-07 22:59 +00:00:     at Module._load (node:internal/modules/cjs/loader:1104:12)
2025-03-07 22:59 +00:00:     at Object.<anonymous> (/usr/local/lib/node_modules/pm2/lib/ProcessContainerFork.js:33:23)
2025-03-07 22:59 +00:00:     at Module._compile (node:internal/modules/cjs/loader:1469:14)
2025-03-07 22:59 +00:00:     at Module._extensions..js (node:internal/modules/cjs/loader:1548:10)
2025-03-07 22:59 +00:00:     at Module.load (node:internal/modules/cjs/loader:1288:32)
2025-03-07 22:59 +00:00:     at Module._load (node:internal/modules/cjs/loader:1104:12)
2025-03-07 22:59 +00:00: [2025-03-07T22:59:44.603Z] [AI-WARROOM] [WARN] OpenRouter API key not provided. AI agents will not be available.
2025-03-07 22:59 +00:00: [2025-03-07T22:59:44.609Z] [AI-WARROOM] [ERROR] Static path does not exist: /root/code-server/dist/node/src/browser/pages
2025-03-07 22:59 +00:00: TypeError: Application.start is not a function
2025-03-07 22:59 +00:00:     at Object.<anonymous> (/root/code-server/dist/node/server.js:83:13)
2025-03-07 22:59 +00:00:     at Module._compile (node:internal/modules/cjs/loader:1469:14)
2025-03-07 22:59 +00:00:     at Module._extensions..js (node:internal/modules/cjs/loader:1548:10)
2025-03-07 22:59 +00:00:     at Module.load (node:internal/modules/cjs/loader:1288:32)
2025-03-07 22:59 +00:00:     at Module._load (node:internal/modules/cjs/loader:1104:12)
2025-03-07 22:59 +00:00:     at Object.<anonymous> (/usr/local/lib/node_modules/pm2/lib/ProcessContainerFork.js:33:23)
2025-03-07 22:59 +00:00:     at Module._compile (node:internal/modules/cjs/loader:1469:14)
2025-03-07 22:59 +00:00:     at Module._extensions..js (node:internal/modules/cjs/loader:1548:10)
2025-03-07 22:59 +00:00:     at Module.load (node:internal/modules/cjs/loader:1288:32)
2025-03-07 22:59 +00:00:     at Module._load (node:internal/modules/cjs/loader:1104:12)
2025-03-07 22:59 +00:00: [2025-03-07T22:59:45.164Z] [AI-WARROOM] [WARN] OpenRouter API key not provided. AI agents will not be available.
2025-03-07 22:59 +00:00: [2025-03-07T22:59:45.175Z] [AI-WARROOM] [ERROR] Static path does not exist: /root/code-server/dist/node/src/browser/pages
2025-03-07 22:59 +00:00: TypeError: Application.start is not a function
2025-03-07 22:59 +00:00:     at Object.<anonymous> (/root/code-server/dist/node/server.js:83:13)
2025-03-07 22:59 +00:00:     at Module._compile (node:internal/modules/cjs/loader:1469:14)
2025-03-07 22:59 +00:00:     at Module._extensions..js (node:internal/modules/cjs/loader:1548:10)
2025-03-07 22:59 +00:00:     at Module.load (node:internal/modules/cjs/loader:1288:32)
2025-03-07 22:59 +00:00:     at Module._load (node:internal/modules/cjs/loader:1104:12)
2025-03-07 22:59 +00:00:     at Object.<anonymous> (/usr/local/lib/node_modules/pm2/lib/ProcessContainerFork.js:33:23)
2025-03-07 22:59 +00:00:     at Module._compile (node:internal/modules/cjs/loader:1469:14)
2025-03-07 22:59 +00:00:     at Module._extensions..js (node:internal/modules/cjs/loader:1548:10)
2025-03-07 22:59 +00:00:     at Module.load (node:internal/modules/cjs/loader:1288:32)
2025-03-07 22:59 +00:00:     at Module._load (node:internal/modules/cjs/loader:1104:12)
2025-03-07 22:59 +00:00: [2025-03-07T22:59:45.693Z] [AI-WARROOM] [WARN] OpenRouter API key not provided. AI agents will not be available.
2025-03-07 22:59 +00:00: [2025-03-07T22:59:45.697Z] [AI-WARROOM] [ERROR] Static path does not exist: /root/code-server/dist/node/src/browser/pages
2025-03-07 22:59 +00:00: TypeError: Application.start is not a function
2025-03-07 22:59 +00:00:     at Object.<anonymous> (/root/code-server/dist/node/server.js:83:13)
2025-03-07 22:59 +00:00:     at Module._compile (node:internal/modules/cjs/loader:1469:14)
2025-03-07 22:59 +00:00:     at Module._extensions..js (node:internal/modules/cjs/loader:1548:10)
2025-03-07 22:59 +00:00:     at Module.load (node:internal/modules/cjs/loader:1288:32)
2025-03-07 22:59 +00:00:     at Module._load (node:internal/modules/cjs/loader:1104:12)
2025-03-07 22:59 +00:00:     at Object.<anonymous> (/usr/local/lib/node_modules/pm2/lib/ProcessContainerFork.js:33:23)
2025-03-07 22:59 +00:00:     at Module._compile (node:internal/modules/cjs/loader:1469:14)
2025-03-07 22:59 +00:00:     at Module._extensions..js (node:internal/modules/cjs/loader:1548:10)
2025-03-07 22:59 +00:00:     at Module.load (node:internal/modules/cjs/loader:1288:32)
2025-03-07 22:59 +00:00:     at Module._load (node:internal/modules/cjs/loader:1104:12)
2025-03-07 22:59 +00:00: [2025-03-07T22:59:46.265Z] [AI-WARROOM] [WARN] OpenRouter API key not provided. AI agents will not be available.
2025-03-07 22:59 +00:00: [2025-03-07T22:59:46.269Z] [AI-WARROOM] [ERROR] Static path does not exist: /root/code-server/dist/node/src/browser/pages
2025-03-07 22:59 +00:00: TypeError: Application.start is not a function
2025-03-07 22:59 +00:00:     at Object.<anonymous> (/root/code-server/dist/node/server.js:83:13)
2025-03-07 22:59 +00:00:     at Module._compile (node:internal/modules/cjs/loader:1469:14)
2025-03-07 22:59 +00:00:     at Module._extensions..js (node:internal/modules/cjs/loader:1548:10)
2025-03-07 22:59 +00:00:     at Module.load (node:internal/modules/cjs/loader:1288:32)
2025-03-07 22:59 +00:00:     at Module._load (node:internal/modules/cjs/loader:1104:12)
2025-03-07 22:59 +00:00:     at Object.<anonymous> (/usr/local/lib/node_modules/pm2/lib/ProcessContainerFork.js:33:23)
2025-03-07 22:59 +00:00:     at Module._compile (node:internal/modules/cjs/loader:1469:14)
2025-03-07 22:59 +00:00:     at Module._extensions..js (node:internal/modules/cjs/loader:1548:10)
2025-03-07 22:59 +00:00:     at Module.load (node:internal/modules/cjs/loader:1288:32)
2025-03-07 22:59 +00:00:     at Module._load (node:internal/modules/cjs/loader:1104:12)
2025-03-07 22:59 +00:00: [2025-03-07T22:59:46.799Z] [AI-WARROOM] [WARN] OpenRouter API key not provided. AI agents will not be available.
2025-03-07 22:59 +00:00: [2025-03-07T22:59:46.805Z] [AI-WARROOM] [ERROR] Static path does not exist: /root/code-server/dist/node/src/browser/pages
2025-03-07 22:59 +00:00: TypeError: Application.start is not a function
2025-03-07 22:59 +00:00:     at Object.<anonymous> (/root/code-server/dist/node/server.js:83:13)
2025-03-07 22:59 +00:00:     at Module._compile (node:internal/modules/cjs/loader:1469:14)
2025-03-07 22:59 +00:00:     at Module._extensions..js (node:internal/modules/cjs/loader:1548:10)
2025-03-07 22:59 +00:00:     at Module.load (node:internal/modules/cjs/loader:1288:32)
2025-03-07 22:59 +00:00:     at Module._load (node:internal/modules/cjs/loader:1104:12)
2025-03-07 22:59 +00:00:     at Object.<anonymous> (/usr/local/lib/node_modules/pm2/lib/ProcessContainerFork.js:33:23)
2025-03-07 22:59 +00:00:     at Module._compile (node:internal/modules/cjs/loader:1469:14)
2025-03-07 22:59 +00:00:     at Module._extensions..js (node:internal/modules/cjs/loader:1548:10)
2025-03-07 22:59 +00:00:     at Module.load (node:internal/modules/cjs/loader:1288:32)
2025-03-07 22:59 +00:00:     at Module._load (node:internal/modules/cjs/loader:1104:12)
2025-03-07 22:59 +00:00: [2025-03-07T22:59:47.377Z] [AI-WARROOM] [WARN] OpenRouter API key not provided. AI agents will not be available.
2025-03-07 22:59 +00:00: [2025-03-07T22:59:47.382Z] [AI-WARROOM] [ERROR] Static path does not exist: /root/code-server/dist/node/src/browser/pages
2025-03-07 22:59 +00:00: TypeError: Application.start is not a function
2025-03-07 22:59 +00:00:     at Object.<anonymous> (/root/code-server/dist/node/server.js:83:13)
2025-03-07 22:59 +00:00:     at Module._compile (node:internal/modules/cjs/loader:1469:14)
2025-03-07 22:59 +00:00:     at Module._extensions..js (node:internal/modules/cjs/loader:1548:10)
2025-03-07 22:59 +00:00:     at Module.load (node:internal/modules/cjs/loader:1288:32)
2025-03-07 22:59 +00:00:     at Module._load (node:internal/modules/cjs/loader:1104:12)
2025-03-07 22:59 +00:00:     at Object.<anonymous> (/usr/local/lib/node_modules/pm2/lib/ProcessContainerFork.js:33:23)
2025-03-07 22:59 +00:00:     at Module._compile (node:internal/modules/cjs/loader:1469:14)
2025-03-07 22:59 +00:00:     at Module._extensions..js (node:internal/modules/cjs/loader:1548:10)
2025-03-07 22:59 +00:00:     at Module.load (node:internal/modules/cjs/loader:1288:32)
2025-03-07 22:59 +00:00:     at Module._load (node:internal/modules/cjs/loader:1104:12)
2025-03-07 22:59 +00:00: [2025-03-07T22:59:47.919Z] [AI-WARROOM] [WARN] OpenRouter API key not provided. AI agents will not be available.
2025-03-07 22:59 +00:00: [2025-03-07T22:59:47.923Z] [AI-WARROOM] [ERROR] Static path does not exist: /root/code-server/dist/node/src/browser/pages
2025-03-07 22:59 +00:00: TypeError: Application.start is not a function
2025-03-07 22:59 +00:00:     at Object.<anonymous> (/root/code-server/dist/node/server.js:83:13)
2025-03-07 22:59 +00:00:     at Module._compile (node:internal/modules/cjs/loader:1469:14)
2025-03-07 22:59 +00:00:     at Module._extensions..js (node:internal/modules/cjs/loader:1548:10)
2025-03-07 22:59 +00:00:     at Module.load (node:internal/modules/cjs/loader:1288:32)
2025-03-07 22:59 +00:00:     at Module._load (node:internal/modules/cjs/loader:1104:12)
2025-03-07 22:59 +00:00:     at Object.<anonymous> (/usr/local/lib/node_modules/pm2/lib/ProcessContainerFork.js:33:23)
2025-03-07 22:59 +00:00:     at Module._compile (node:internal/modules/cjs/loader:1469:14)
2025-03-07 22:59 +00:00:     at Module._extensions..js (node:internal/modules/cjs/loader:1548:10)
2025-03-07 22:59 +00:00:     at Module.load (node:internal/modules/cjs/loader:1288:32)
2025-03-07 22:59 +00:00:     at Module._load (node:internal/modules/cjs/loader:1104:12)
2025-03-07 22:59 +00:00: [2025-03-07T22:59:48.481Z] [AI-WARROOM] [WARN] OpenRouter API key not provided. AI agents will not be available.
2025-03-07 22:59 +00:00: [2025-03-07T22:59:48.487Z] [AI-WARROOM] [ERROR] Static path does not exist: /root/code-server/dist/node/src/browser/pages
2025-03-07 22:59 +00:00: TypeError: Application.start is not a function
2025-03-07 22:59 +00:00:     at Object.<anonymous> (/root/code-server/dist/node/server.js:83:13)
2025-03-07 22:59 +00:00:     at Module._compile (node:internal/modules/cjs/loader:1469:14)
2025-03-07 22:59 +00:00:     at Module._extensions..js (node:internal/modules/cjs/loader:1548:10)
2025-03-07 22:59 +00:00:     at Module.load (node:internal/modules/cjs/loader:1288:32)
2025-03-07 22:59 +00:00:     at Module._load (node:internal/modules/cjs/loader:1104:12)
2025-03-07 22:59 +00:00:     at Object.<anonymous> (/usr/local/lib/node_modules/pm2/lib/ProcessContainerFork.js:33:23)
2025-03-07 22:59 +00:00:     at Module._compile (node:internal/modules/cjs/loader:1469:14)
2025-03-07 22:59 +00:00:     at Module._extensions..js (node:internal/modules/cjs/loader:1548:10)
2025-03-07 22:59 +00:00:     at Module.load (node:internal/modules/cjs/loader:1288:32)
2025-03-07 22:59 +00:00:     at Module._load (node:internal/modules/cjs/loader:1104:12)
2025-03-07 22:59 +00:00: [2025-03-07T22:59:49.017Z] [AI-WARROOM] [WARN] OpenRouter API key not provided. AI agents will not be available.
2025-03-07 22:59 +00:00: [2025-03-07T22:59:49.022Z] [AI-WARROOM] [ERROR] Static path does not exist: /root/code-server/dist/node/src/browser/pages
2025-03-07 22:59 +00:00: TypeError: Application.start is not a function
2025-03-07 22:59 +00:00:     at Object.<anonymous> (/root/code-server/dist/node/server.js:83:13)
2025-03-07 22:59 +00:00:     at Module._compile (node:internal/modules/cjs/loader:1469:14)
2025-03-07 22:59 +00:00:     at Module._extensions..js (node:internal/modules/cjs/loader:1548:10)
2025-03-07 22:59 +00:00:     at Module.load (node:internal/modules/cjs/loader:1288:32)
2025-03-07 22:59 +00:00:     at Module._load (node:internal/modules/cjs/loader:1104:12)
2025-03-07 22:59 +00:00:     at Object.<anonymous> (/usr/local/lib/node_modules/pm2/lib/ProcessContainerFork.js:33:23)
2025-03-07 22:59 +00:00:     at Module._compile (node:internal/modules/cjs/loader:1469:14)
2025-03-07 22:59 +00:00:     at Module._extensions..js (node:internal/modules/cjs/loader:1548:10)
2025-03-07 22:59 +00:00:     at Module.load (node:internal/modules/cjs/loader:1288:32)
2025-03-07 22:59 +00:00:     at Module._load (node:internal/modules/cjs/loader:1104:12)
2025-03-07 22:59 +00:00: [2025-03-07T22:59:49.536Z] [AI-WARROOM] [WARN] OpenRouter API key not provided. AI agents will not be available.
2025-03-07 22:59 +00:00: [2025-03-07T22:59:49.539Z] [AI-WARROOM] [ERROR] Static path does not exist: /root/code-server/dist/node/src/browser/pages
2025-03-07 22:59 +00:00: TypeError: Application.start is not a function
2025-03-07 22:59 +00:00:     at Object.<anonymous> (/root/code-server/dist/node/server.js:83:13)
2025-03-07 22:59 +00:00:     at Module._compile (node:internal/modules/cjs/loader:1469:14)
2025-03-07 22:59 +00:00:     at Module._extensions..js (node:internal/modules/cjs/loader:1548:10)
2025-03-07 22:59 +00:00:     at Module.load (node:internal/modules/cjs/loader:1288:32)
2025-03-07 22:59 +00:00:     at Module._load (node:internal/modules/cjs/loader:1104:12)
2025-03-07 22:59 +00:00:     at Object.<anonymous> (/usr/local/lib/node_modules/pm2/lib/ProcessContainerFork.js:33:23)
2025-03-07 22:59 +00:00:     at Module._compile (node:internal/modules/cjs/loader:1469:14)
2025-03-07 22:59 +00:00:     at Module._extensions..js (node:internal/modules/cjs/loader:1548:10)
2025-03-07 22:59 +00:00:     at Module.load (node:internal/modules/cjs/loader:1288:32)
2025-03-07 22:59 +00:00:     at Module._load (node:internal/modules/cjs/loader:1104:12)
2025-03-07 22:59 +00:00: [2025-03-07T22:59:50.102Z] [AI-WARROOM] [WARN] OpenRouter API key not provided. AI agents will not be available.
2025-03-07 22:59 +00:00: [2025-03-07T22:59:50.107Z] [AI-WARROOM] [ERROR] Static path does not exist: /root/code-server/dist/node/src/browser/pages
2025-03-07 22:59 +00:00: TypeError: Application.start is not a function
2025-03-07 22:59 +00:00:     at Object.<anonymous> (/root/code-server/dist/node/server.js:83:13)
2025-03-07 22:59 +00:00:     at Module._compile (node:internal/modules/cjs/loader:1469:14)
2025-03-07 22:59 +00:00:     at Module._extensions..js (node:internal/modules/cjs/loader:1548:10)
2025-03-07 22:59 +00:00:     at Module.load (node:internal/modules/cjs/loader:1288:32)
2025-03-07 22:59 +00:00:     at Module._load (node:internal/modules/cjs/loader:1104:12)
2025-03-07 22:59 +00:00:     at Object.<anonymous> (/usr/local/lib/node_modules/pm2/lib/ProcessContainerFork.js:33:23)
2025-03-07 22:59 +00:00:     at Module._compile (node:internal/modules/cjs/loader:1469:14)
2025-03-07 22:59 +00:00:     at Module._extensions..js (node:internal/modules/cjs/loader:1548:10)
2025-03-07 22:59 +00:00:     at Module.load (node:internal/modules/cjs/loader:1288:32)
2025-03-07 22:59 +00:00:     at Module._load (node:internal/modules/cjs/loader:1104:12)
2025-03-07 22:59 +00:00: [2025-03-07T22:59:50.619Z] [AI-WARROOM] [WARN] OpenRouter API key not provided. AI agents will not be available.
2025-03-07 22:59 +00:00: [2025-03-07T22:59:50.623Z] [AI-WARROOM] [ERROR] Static path does not exist: /root/code-server/dist/node/src/browser/pages
2025-03-07 22:59 +00:00: TypeError: Application.start is not a function
2025-03-07 22:59 +00:00:     at Object.<anonymous> (/root/code-server/dist/node/server.js:83:13)
2025-03-07 22:59 +00:00:     at Module._compile (node:internal/modules/cjs/loader:1469:14)
2025-03-07 22:59 +00:00:     at Module._extensions..js (node:internal/modules/cjs/loader:1548:10)
2025-03-07 22:59 +00:00:     at Module.load (node:internal/modules/cjs/loader:1288:32)
2025-03-07 22:59 +00:00:     at Module._load (node:internal/modules/cjs/loader:1104:12)
2025-03-07 22:59 +00:00:     at Object.<anonymous> (/usr/local/lib/node_modules/pm2/lib/ProcessContainerFork.js:33:23)
2025-03-07 22:59 +00:00:     at Module._compile (node:internal/modules/cjs/loader:1469:14)
2025-03-07 22:59 +00:00:     at Module._extensions..js (node:internal/modules/cjs/loader:1548:10)
2025-03-07 22:59 +00:00:     at Module.load (node:internal/modules/cjs/loader:1288:32)
2025-03-07 22:59 +00:00:     at Module._load (node:internal/modules/cjs/loader:1104:12)
2025-03-07 22:59 +00:00: [2025-03-07T22:59:51.183Z] [AI-WARROOM] [WARN] OpenRouter API key not provided. AI agents will not be available.
2025-03-07 22:59 +00:00: [2025-03-07T22:59:51.195Z] [AI-WARROOM] [ERROR] Static path does not exist: /root/code-server/dist/node/src/browser/pages
2025-03-07 22:59 +00:00: TypeError: Application.start is not a function
2025-03-07 22:59 +00:00:     at Object.<anonymous> (/root/code-server/dist/node/server.js:83:13)
2025-03-07 22:59 +00:00:     at Module._compile (node:internal/modules/cjs/loader:1469:14)
2025-03-07 22:59 +00:00:     at Module._extensions..js (node:internal/modules/cjs/loader:1548:10)
2025-03-07 22:59 +00:00:     at Module.load (node:internal/modules/cjs/loader:1288:32)
2025-03-07 22:59 +00:00:     at Module._load (node:internal/modules/cjs/loader:1104:12)
2025-03-07 22:59 +00:00:     at Object.<anonymous> (/usr/local/lib/node_modules/pm2/lib/ProcessContainerFork.js:33:23)
2025-03-07 22:59 +00:00:     at Module._compile (node:internal/modules/cjs/loader:1469:14)
2025-03-07 22:59 +00:00:     at Module._extensions..js (node:internal/modules/cjs/loader:1548:10)
2025-03-07 22:59 +00:00:     at Module.load (node:internal/modules/cjs/loader:1288:32)
2025-03-07 22:59 +00:00:     at Module._load (node:internal/modules/cjs/loader:1104:12)
2025-03-07 22:59 +00:00: [2025-03-07T22:59:51.698Z] [AI-WARROOM] [WARN] OpenRouter API key not provided. AI agents will not be available.
2025-03-07 22:59 +00:00: [2025-03-07T22:59:51.702Z] [AI-WARROOM] [ERROR] Static path does not exist: /root/code-server/dist/node/src/browser/pages
2025-03-07 22:59 +00:00: TypeError: Application.start is not a function
2025-03-07 22:59 +00:00:     at Object.<anonymous> (/root/code-server/dist/node/server.js:83:13)
2025-03-07 22:59 +00:00:     at Module._compile (node:internal/modules/cjs/loader:1469:14)
2025-03-07 22:59 +00:00:     at Module._extensions..js (node:internal/modules/cjs/loader:1548:10)
2025-03-07 22:59 +00:00:     at Module.load (node:internal/modules/cjs/loader:1288:32)
2025-03-07 22:59 +00:00:     at Module._load (node:internal/modules/cjs/loader:1104:12)
2025-03-07 22:59 +00:00:     at Object.<anonymous> (/usr/local/lib/node_modules/pm2/lib/ProcessContainerFork.js:33:23)
2025-03-07 22:59 +00:00:     at Module._compile (node:internal/modules/cjs/loader:1469:14)
2025-03-07 22:59 +00:00:     at Module._extensions..js (node:internal/modules/cjs/loader:1548:10)
2025-03-07 22:59 +00:00:     at Module.load (node:internal/modules/cjs/loader:1288:32)
2025-03-07 22:59 +00:00:     at Module._load (node:internal/modules/cjs/loader:1104:12)
2025-03-07 22:59 +00:00: [2025-03-07T22:59:52.251Z] [AI-WARROOM] [WARN] OpenRouter API key not provided. AI agents will not be available.
2025-03-07 22:59 +00:00: [2025-03-07T22:59:52.255Z] [AI-WARROOM] [ERROR] Static path does not exist: /root/code-server/dist/node/src/browser/pages
2025-03-07 22:59 +00:00: TypeError: Application.start is not a function
2025-03-07 22:59 +00:00:     at Object.<anonymous> (/root/code-server/dist/node/server.js:83:13)
2025-03-07 22:59 +00:00:     at Module._compile (node:internal/modules/cjs/loader:1469:14)
2025-03-07 22:59 +00:00:     at Module._extensions..js (node:internal/modules/cjs/loader:1548:10)
2025-03-07 22:59 +00:00:     at Module.load (node:internal/modules/cjs/loader:1288:32)
2025-03-07 22:59 +00:00:     at Module._load (node:internal/modules/cjs/loader:1104:12)
2025-03-07 22:59 +00:00:     at Object.<anonymous> (/usr/local/lib/node_modules/pm2/lib/ProcessContainerFork.js:33:23)
2025-03-07 22:59 +00:00:     at Module._compile (node:internal/modules/cjs/loader:1469:14)
2025-03-07 22:59 +00:00:     at Module._extensions..js (node:internal/modules/cjs/loader:1548:10)
2025-03-07 22:59 +00:00:     at Module.load (node:internal/modules/cjs/loader:1288:32)
2025-03-07 22:59 +00:00:     at Module._load (node:internal/modules/cjs/loader:1104:12)
2025-03-07 22:59 +00:00: [2025-03-07T22:59:52.815Z] [AI-WARROOM] [WARN] OpenRouter API key not provided. AI agents will not be available.
2025-03-07 22:59 +00:00: [2025-03-07T22:59:52.820Z] [AI-WARROOM] [ERROR] Static path does not exist: /root/code-server/dist/node/src/browser/pages
2025-03-07 22:59 +00:00: TypeError: Application.start is not a function
2025-03-07 22:59 +00:00:     at Object.<anonymous> (/root/code-server/dist/node/server.js:83:13)
2025-03-07 22:59 +00:00:     at Module._compile (node:internal/modules/cjs/loader:1469:14)
2025-03-07 22:59 +00:00:     at Module._extensions..js (node:internal/modules/cjs/loader:1548:10)
2025-03-07 22:59 +00:00:     at Module.load (node:internal/modules/cjs/loader:1288:32)
2025-03-07 22:59 +00:00:     at Module._load (node:internal/modules/cjs/loader:1104:12)
2025-03-07 22:59 +00:00:     at Object.<anonymous> (/usr/local/lib/node_modules/pm2/lib/ProcessContainerFork.js:33:23)
2025-03-07 22:59 +00:00:     at Module._compile (node:internal/modules/cjs/loader:1469:14)
2025-03-07 22:59 +00:00:     at Module._extensions..js (node:internal/modules/cjs/loader:1548:10)
2025-03-07 22:59 +00:00:     at Module.load (node:internal/modules/cjs/loader:1288:32)
2025-03-07 22:59 +00:00:     at Module._load (node:internal/modules/cjs/loader:1104:12)
2025-03-07 22:59 +00:00: [2025-03-07T22:59:53.393Z] [AI-WARROOM] [WARN] OpenRouter API key not provided. AI agents will not be available.
2025-03-07 22:59 +00:00: [2025-03-07T22:59:53.399Z] [AI-WARROOM] [ERROR] Static path does not exist: /root/code-server/dist/node/src/browser/pages
2025-03-07 22:59 +00:00: TypeError: Application.start is not a function
2025-03-07 22:59 +00:00:     at Object.<anonymous> (/root/code-server/dist/node/server.js:83:13)
2025-03-07 22:59 +00:00:     at Module._compile (node:internal/modules/cjs/loader:1469:14)
2025-03-07 22:59 +00:00:     at Module._extensions..js (node:internal/modules/cjs/loader:1548:10)
2025-03-07 22:59 +00:00:     at Module.load (node:internal/modules/cjs/loader:1288:32)
2025-03-07 22:59 +00:00:     at Module._load (node:internal/modules/cjs/loader:1104:12)
2025-03-07 22:59 +00:00:     at Object.<anonymous> (/usr/local/lib/node_modules/pm2/lib/ProcessContainerFork.js:33:23)
2025-03-07 22:59 +00:00:     at Module._compile (node:internal/modules/cjs/loader:1469:14)
2025-03-07 22:59 +00:00:     at Module._extensions..js (node:internal/modules/cjs/loader:1548:10)
2025-03-07 22:59 +00:00:     at Module.load (node:internal/modules/cjs/loader:1288:32)
2025-03-07 22:59 +00:00:     at Module._load (node:internal/modules/cjs/loader:1104:12)
2025-03-07 22:59 +00:00: [2025-03-07T22:59:53.965Z] [AI-WARROOM] [WARN] OpenRouter API key not provided. AI agents will not be available.
2025-03-07 22:59 +00:00: [2025-03-07T22:59:53.969Z] [AI-WARROOM] [ERROR] Static path does not exist: /root/code-server/dist/node/src/browser/pages
2025-03-07 22:59 +00:00: TypeError: Application.start is not a function
2025-03-07 22:59 +00:00:     at Object.<anonymous> (/root/code-server/dist/node/server.js:83:13)
2025-03-07 22:59 +00:00:     at Module._compile (node:internal/modules/cjs/loader:1469:14)
2025-03-07 22:59 +00:00:     at Module._extensions..js (node:internal/modules/cjs/loader:1548:10)
2025-03-07 22:59 +00:00:     at Module.load (node:internal/modules/cjs/loader:1288:32)
2025-03-07 22:59 +00:00:     at Module._load (node:internal/modules/cjs/loader:1104:12)
2025-03-07 22:59 +00:00:     at Object.<anonymous> (/usr/local/lib/node_modules/pm2/lib/ProcessContainerFork.js:33:23)
2025-03-07 22:59 +00:00:     at Module._compile (node:internal/modules/cjs/loader:1469:14)
2025-03-07 22:59 +00:00:     at Module._extensions..js (node:internal/modules/cjs/loader:1548:10)
2025-03-07 22:59 +00:00:     at Module.load (node:internal/modules/cjs/loader:1288:32)
2025-03-07 22:59 +00:00:     at Module._load (node:internal/modules/cjs/loader:1104:12)
2025-03-07 22:59 +00:00: [2025-03-07T22:59:54.495Z] [AI-WARROOM] [WARN] OpenRouter API key not provided. AI agents will not be available.
2025-03-07 22:59 +00:00: [2025-03-07T22:59:54.498Z] [AI-WARROOM] [ERROR] Static path does not exist: /root/code-server/dist/node/src/browser/pages
2025-03-07 22:59 +00:00: TypeError: Application.start is not a function
2025-03-07 22:59 +00:00:     at Object.<anonymous> (/root/code-server/dist/node/server.js:83:13)
2025-03-07 22:59 +00:00:     at Module._compile (node:internal/modules/cjs/loader:1469:14)
2025-03-07 22:59 +00:00:     at Module._extensions..js (node:internal/modules/cjs/loader:1548:10)
2025-03-07 22:59 +00:00:     at Module.load (node:internal/modules/cjs/loader:1288:32)
2025-03-07 22:59 +00:00:     at Module._load (node:internal/modules/cjs/loader:1104:12)
2025-03-07 22:59 +00:00:     at Object.<anonymous> (/usr/local/lib/node_modules/pm2/lib/ProcessContainerFork.js:33:23)
2025-03-07 22:59 +00:00:     at Module._compile (node:internal/modules/cjs/loader:1469:14)
2025-03-07 22:59 +00:00:     at Module._extensions..js (node:internal/modules/cjs/loader:1548:10)
2025-03-07 22:59 +00:00:     at Module.load (node:internal/modules/cjs/loader:1288:32)
2025-03-07 22:59 +00:00:     at Module._load (node:internal/modules/cjs/loader:1104:12)
2025-03-07 22:59 +00:00: [2025-03-07T22:59:55.034Z] [AI-WARROOM] [WARN] OpenRouter API key not provided. AI agents will not be available.
2025-03-07 22:59 +00:00: [2025-03-07T22:59:55.045Z] [AI-WARROOM] [ERROR] Static path does not exist: /root/code-server/dist/node/src/browser/pages
2025-03-07 22:59 +00:00: TypeError: Application.start is not a function
2025-03-07 22:59 +00:00:     at Object.<anonymous> (/root/code-server/dist/node/server.js:83:13)
2025-03-07 22:59 +00:00:     at Module._compile (node:internal/modules/cjs/loader:1469:14)
2025-03-07 22:59 +00:00:     at Module._extensions..js (node:internal/modules/cjs/loader:1548:10)
2025-03-07 22:59 +00:00:     at Module.load (node:internal/modules/cjs/loader:1288:32)
2025-03-07 22:59 +00:00:     at Module._load (node:internal/modules/cjs/loader:1104:12)
2025-03-07 22:59 +00:00:     at Object.<anonymous> (/usr/local/lib/node_modules/pm2/lib/ProcessContainerFork.js:33:23)
2025-03-07 22:59 +00:00:     at Module._compile (node:internal/modules/cjs/loader:1469:14)
2025-03-07 22:59 +00:00:     at Module._extensions..js (node:internal/modules/cjs/loader:1548:10)
2025-03-07 22:59 +00:00:     at Module.load (node:internal/modules/cjs/loader:1288:32)
2025-03-07 22:59 +00:00:     at Module._load (node:internal/modules/cjs/loader:1104:12)
2025-03-07 22:59 +00:00: [2025-03-07T22:59:55.554Z] [AI-WARROOM] [WARN] OpenRouter API key not provided. AI agents will not be available.
2025-03-07 22:59 +00:00: [2025-03-07T22:59:55.558Z] [AI-WARROOM] [ERROR] Static path does not exist: /root/code-server/dist/node/src/browser/pages
2025-03-07 22:59 +00:00: TypeError: Application.start is not a function
2025-03-07 22:59 +00:00:     at Object.<anonymous> (/root/code-server/dist/node/server.js:83:13)
2025-03-07 22:59 +00:00:     at Module._compile (node:internal/modules/cjs/loader:1469:14)
2025-03-07 22:59 +00:00:     at Module._extensions..js (node:internal/modules/cjs/loader:1548:10)
2025-03-07 22:59 +00:00:     at Module.load (node:internal/modules/cjs/loader:1288:32)
2025-03-07 22:59 +00:00:     at Module._load (node:internal/modules/cjs/loader:1104:12)
2025-03-07 22:59 +00:00:     at Object.<anonymous> (/usr/local/lib/node_modules/pm2/lib/ProcessContainerFork.js:33:23)
2025-03-07 22:59 +00:00:     at Module._compile (node:internal/modules/cjs/loader:1469:14)
2025-03-07 22:59 +00:00:     at Module._extensions..js (node:internal/modules/cjs/loader:1548:10)
2025-03-07 22:59 +00:00:     at Module.load (node:internal/modules/cjs/loader:1288:32)
2025-03-07 22:59 +00:00:     at Module._load (node:internal/modules/cjs/loader:1104:12)
2025-03-07 22:59 +00:00: [2025-03-07T22:59:56.139Z] [AI-WARROOM] [WARN] OpenRouter API key not provided. AI agents will not be available.
2025-03-07 22:59 +00:00: [2025-03-07T22:59:56.154Z] [AI-WARROOM] [ERROR] Static path does not exist: /root/code-server/dist/node/src/browser/pages
2025-03-07 22:59 +00:00: TypeError: Application.start is not a function
2025-03-07 22:59 +00:00:     at Object.<anonymous> (/root/code-server/dist/node/server.js:83:13)
2025-03-07 22:59 +00:00:     at Module._compile (node:internal/modules/cjs/loader:1469:14)
2025-03-07 22:59 +00:00:     at Module._extensions..js (node:internal/modules/cjs/loader:1548:10)
2025-03-07 22:59 +00:00:     at Module.load (node:internal/modules/cjs/loader:1288:32)
2025-03-07 22:59 +00:00:     at Module._load (node:internal/modules/cjs/loader:1104:12)
2025-03-07 22:59 +00:00:     at Object.<anonymous> (/usr/local/lib/node_modules/pm2/lib/ProcessContainerFork.js:33:23)
2025-03-07 22:59 +00:00:     at Module._compile (node:internal/modules/cjs/loader:1469:14)
2025-03-07 22:59 +00:00:     at Module._extensions..js (node:internal/modules/cjs/loader:1548:10)
2025-03-07 22:59 +00:00:     at Module.load (node:internal/modules/cjs/loader:1288:32)
2025-03-07 22:59 +00:00:     at Module._load (node:internal/modules/cjs/loader:1104:12)
2025-03-07 22:59 +00:00: [2025-03-07T22:59:56.664Z] [AI-WARROOM] [WARN] OpenRouter API key not provided. AI agents will not be available.
2025-03-07 22:59 +00:00: [2025-03-07T22:59:56.668Z] [AI-WARROOM] [ERROR] Static path does not exist: /root/code-server/dist/node/src/browser/pages
2025-03-07 22:59 +00:00: TypeError: Application.start is not a function
2025-03-07 22:59 +00:00:     at Object.<anonymous> (/root/code-server/dist/node/server.js:83:13)
2025-03-07 22:59 +00:00:     at Module._compile (node:internal/modules/cjs/loader:1469:14)
2025-03-07 22:59 +00:00:     at Module._extensions..js (node:internal/modules/cjs/loader:1548:10)
2025-03-07 22:59 +00:00:     at Module.load (node:internal/modules/cjs/loader:1288:32)
2025-03-07 22:59 +00:00:     at Module._load (node:internal/modules/cjs/loader:1104:12)
2025-03-07 22:59 +00:00:     at Object.<anonymous> (/usr/local/lib/node_modules/pm2/lib/ProcessContainerFork.js:33:23)
2025-03-07 22:59 +00:00:     at Module._compile (node:internal/modules/cjs/loader:1469:14)
2025-03-07 22:59 +00:00:     at Module._extensions..js (node:internal/modules/cjs/loader:1548:10)
2025-03-07 22:59 +00:00:     at Module.load (node:internal/modules/cjs/loader:1288:32)
2025-03-07 22:59 +00:00:     at Module._load (node:internal/modules/cjs/loader:1104:12)
2025-03-07 22:59 +00:00: [2025-03-07T22:59:57.190Z] [AI-WARROOM] [WARN] OpenRouter API key not provided. AI agents will not be available.
2025-03-07 22:59 +00:00: [2025-03-07T22:59:57.195Z] [AI-WARROOM] [ERROR] Static path does not exist: /root/code-server/dist/node/src/browser/pages
2025-03-07 22:59 +00:00: TypeError: Application.start is not a function
2025-03-07 22:59 +00:00:     at Object.<anonymous> (/root/code-server/dist/node/server.js:83:13)
2025-03-07 22:59 +00:00:     at Module._compile (node:internal/modules/cjs/loader:1469:14)
2025-03-07 22:59 +00:00:     at Module._extensions..js (node:internal/modules/cjs/loader:1548:10)
2025-03-07 22:59 +00:00:     at Module.load (node:internal/modules/cjs/loader:1288:32)
2025-03-07 22:59 +00:00:     at Module._load (node:internal/modules/cjs/loader:1104:12)
2025-03-07 22:59 +00:00:     at Object.<anonymous> (/usr/local/lib/node_modules/pm2/lib/ProcessContainerFork.js:33:23)
2025-03-07 22:59 +00:00:     at Module._compile (node:internal/modules/cjs/loader:1469:14)
2025-03-07 22:59 +00:00:     at Module._extensions..js (node:internal/modules/cjs/loader:1548:10)
2025-03-07 22:59 +00:00:     at Module.load (node:internal/modules/cjs/loader:1288:32)
2025-03-07 22:59 +00:00:     at Module._load (node:internal/modules/cjs/loader:1104:12)
2025-03-07 22:59 +00:00: [2025-03-07T22:59:57.715Z] [AI-WARROOM] [WARN] OpenRouter API key not provided. AI agents will not be available.
2025-03-07 22:59 +00:00: [2025-03-07T22:59:57.721Z] [AI-WARROOM] [ERROR] Static path does not exist: /root/code-server/dist/node/src/browser/pages
2025-03-07 22:59 +00:00: TypeError: Application.start is not a function
2025-03-07 22:59 +00:00:     at Object.<anonymous> (/root/code-server/dist/node/server.js:83:13)
2025-03-07 22:59 +00:00:     at Module._compile (node:internal/modules/cjs/loader:1469:14)
2025-03-07 22:59 +00:00:     at Module._extensions..js (node:internal/modules/cjs/loader:1548:10)
2025-03-07 22:59 +00:00:     at Module.load (node:internal/modules/cjs/loader:1288:32)
2025-03-07 22:59 +00:00:     at Module._load (node:internal/modules/cjs/loader:1104:12)
2025-03-07 22:59 +00:00:     at Object.<anonymous> (/usr/local/lib/node_modules/pm2/lib/ProcessContainerFork.js:33:23)
2025-03-07 22:59 +00:00:     at Module._compile (node:internal/modules/cjs/loader:1469:14)
2025-03-07 22:59 +00:00:     at Module._extensions..js (node:internal/modules/cjs/loader:1548:10)
2025-03-07 22:59 +00:00:     at Module.load (node:internal/modules/cjs/loader:1288:32)
2025-03-07 22:59 +00:00:     at Module._load (node:internal/modules/cjs/loader:1104:12)
2025-03-07 22:59 +00:00: [2025-03-07T22:59:58.274Z] [AI-WARROOM] [WARN] OpenRouter API key not provided. AI agents will not be available.
2025-03-07 22:59 +00:00: [2025-03-07T22:59:58.278Z] [AI-WARROOM] [ERROR] Static path does not exist: /root/code-server/dist/node/src/browser/pages
2025-03-07 22:59 +00:00: TypeError: Application.start is not a function
2025-03-07 22:59 +00:00:     at Object.<anonymous> (/root/code-server/dist/node/server.js:83:13)
2025-03-07 22:59 +00:00:     at Module._compile (node:internal/modules/cjs/loader:1469:14)
2025-03-07 22:59 +00:00:     at Module._extensions..js (node:internal/modules/cjs/loader:1548:10)
2025-03-07 22:59 +00:00:     at Module.load (node:internal/modules/cjs/loader:1288:32)
2025-03-07 22:59 +00:00:     at Module._load (node:internal/modules/cjs/loader:1104:12)
2025-03-07 22:59 +00:00:     at Object.<anonymous> (/usr/local/lib/node_modules/pm2/lib/ProcessContainerFork.js:33:23)
2025-03-07 22:59 +00:00:     at Module._compile (node:internal/modules/cjs/loader:1469:14)
2025-03-07 22:59 +00:00:     at Module._extensions..js (node:internal/modules/cjs/loader:1548:10)
2025-03-07 22:59 +00:00:     at Module.load (node:internal/modules/cjs/loader:1288:32)
2025-03-07 22:59 +00:00:     at Module._load (node:internal/modules/cjs/loader:1104:12)
2025-03-07 22:59 +00:00: [2025-03-07T22:59:58.804Z] [AI-WARROOM] [WARN] OpenRouter API key not provided. AI agents will not be available.
2025-03-07 22:59 +00:00: [2025-03-07T22:59:58.815Z] [AI-WARROOM] [ERROR] Static path does not exist: /root/code-server/dist/node/src/browser/pages
2025-03-07 22:59 +00:00: TypeError: Application.start is not a function
2025-03-07 22:59 +00:00:     at Object.<anonymous> (/root/code-server/dist/node/server.js:83:13)
2025-03-07 22:59 +00:00:     at Module._compile (node:internal/modules/cjs/loader:1469:14)
2025-03-07 22:59 +00:00:     at Module._extensions..js (node:internal/modules/cjs/loader:1548:10)
2025-03-07 22:59 +00:00:     at Module.load (node:internal/modules/cjs/loader:1288:32)
2025-03-07 22:59 +00:00:     at Module._load (node:internal/modules/cjs/loader:1104:12)
2025-03-07 22:59 +00:00:     at Object.<anonymous> (/usr/local/lib/node_modules/pm2/lib/ProcessContainerFork.js:33:23)
2025-03-07 22:59 +00:00:     at Module._compile (node:internal/modules/cjs/loader:1469:14)
2025-03-07 22:59 +00:00:     at Module._extensions..js (node:internal/modules/cjs/loader:1548:10)
2025-03-07 22:59 +00:00:     at Module.load (node:internal/modules/cjs/loader:1288:32)
2025-03-07 22:59 +00:00:     at Module._load (node:internal/modules/cjs/loader:1104:12)
2025-03-07 22:59 +00:00: [2025-03-07T22:59:59.307Z] [AI-WARROOM] [WARN] OpenRouter API key not provided. AI agents will not be available.
2025-03-07 22:59 +00:00: [2025-03-07T22:59:59.311Z] [AI-WARROOM] [ERROR] Static path does not exist: /root/code-server/dist/node/src/browser/pages
2025-03-07 22:59 +00:00: TypeError: Application.start is not a function
2025-03-07 22:59 +00:00:     at Object.<anonymous> (/root/code-server/dist/node/server.js:83:13)
2025-03-07 22:59 +00:00:     at Module._compile (node:internal/modules/cjs/loader:1469:14)
2025-03-07 22:59 +00:00:     at Module._extensions..js (node:internal/modules/cjs/loader:1548:10)
2025-03-07 22:59 +00:00:     at Module.load (node:internal/modules/cjs/loader:1288:32)
2025-03-07 22:59 +00:00:     at Module._load (node:internal/modules/cjs/loader:1104:12)
2025-03-07 22:59 +00:00:     at Object.<anonymous> (/usr/local/lib/node_modules/pm2/lib/ProcessContainerFork.js:33:23)
2025-03-07 22:59 +00:00:     at Module._compile (node:internal/modules/cjs/loader:1469:14)
2025-03-07 22:59 +00:00:     at Module._extensions..js (node:internal/modules/cjs/loader:1548:10)
2025-03-07 22:59 +00:00:     at Module.load (node:internal/modules/cjs/loader:1288:32)
2025-03-07 22:59 +00:00:     at Module._load (node:internal/modules/cjs/loader:1104:12)
2025-03-07 22:59 +00:00: [2025-03-07T22:59:59.851Z] [AI-WARROOM] [WARN] OpenRouter API key not provided. AI agents will not be available.
2025-03-07 22:59 +00:00: [2025-03-07T22:59:59.854Z] [AI-WARROOM] [ERROR] Static path does not exist: /root/code-server/dist/node/src/browser/pages
2025-03-07 22:59 +00:00: TypeError: Application.start is not a function
2025-03-07 22:59 +00:00:     at Object.<anonymous> (/root/code-server/dist/node/server.js:83:13)
2025-03-07 22:59 +00:00:     at Module._compile (node:internal/modules/cjs/loader:1469:14)
2025-03-07 22:59 +00:00:     at Module._extensions..js (node:internal/modules/cjs/loader:1548:10)
2025-03-07 22:59 +00:00:     at Module.load (node:internal/modules/cjs/loader:1288:32)
2025-03-07 22:59 +00:00:     at Module._load (node:internal/modules/cjs/loader:1104:12)
2025-03-07 22:59 +00:00:     at Object.<anonymous> (/usr/local/lib/node_modules/pm2/lib/ProcessContainerFork.js:33:23)
2025-03-07 22:59 +00:00:     at Module._compile (node:internal/modules/cjs/loader:1469:14)
2025-03-07 22:59 +00:00:     at Module._extensions..js (node:internal/modules/cjs/loader:1548:10)
2025-03-07 22:59 +00:00:     at Module.load (node:internal/modules/cjs/loader:1288:32)
2025-03-07 22:59 +00:00:     at Module._load (node:internal/modules/cjs/loader:1104:12)
2025-03-07 23:00 +00:00: [2025-03-07T23:00:00.392Z] [AI-WARROOM] [WARN] OpenRouter API key not provided. AI agents will not be available.
2025-03-07 23:00 +00:00: [2025-03-07T23:00:00.400Z] [AI-WARROOM] [ERROR] Static path does not exist: /root/code-server/dist/node/src/browser/pages
2025-03-07 23:00 +00:00: TypeError: Application.start is not a function
2025-03-07 23:00 +00:00:     at Object.<anonymous> (/root/code-server/dist/node/server.js:83:13)
2025-03-07 23:00 +00:00:     at Module._compile (node:internal/modules/cjs/loader:1469:14)
2025-03-07 23:00 +00:00:     at Module._extensions..js (node:internal/modules/cjs/loader:1548:10)
2025-03-07 23:00 +00:00:     at Module.load (node:internal/modules/cjs/loader:1288:32)
2025-03-07 23:00 +00:00:     at Module._load (node:internal/modules/cjs/loader:1104:12)
2025-03-07 23:00 +00:00:     at Object.<anonymous> (/usr/local/lib/node_modules/pm2/lib/ProcessContainerFork.js:33:23)
2025-03-07 23:00 +00:00:     at Module._compile (node:internal/modules/cjs/loader:1469:14)
2025-03-07 23:00 +00:00:     at Module._extensions..js (node:internal/modules/cjs/loader:1548:10)
2025-03-07 23:00 +00:00:     at Module.load (node:internal/modules/cjs/loader:1288:32)
2025-03-07 23:00 +00:00:     at Module._load (node:internal/modules/cjs/loader:1104:12)
2025-03-07 23:00 +00:00: [2025-03-07T23:00:00.941Z] [AI-WARROOM] [WARN] OpenRouter API key not provided. AI agents will not be available.
2025-03-07 23:00 +00:00: [2025-03-07T23:00:00.948Z] [AI-WARROOM] [ERROR] Static path does not exist: /root/code-server/dist/node/src/browser/pages
2025-03-07 23:00 +00:00: TypeError: Application.start is not a function
2025-03-07 23:00 +00:00:     at Object.<anonymous> (/root/code-server/dist/node/server.js:83:13)
2025-03-07 23:00 +00:00:     at Module._compile (node:internal/modules/cjs/loader:1469:14)
2025-03-07 23:00 +00:00:     at Module._extensions..js (node:internal/modules/cjs/loader:1548:10)
2025-03-07 23:00 +00:00:     at Module.load (node:internal/modules/cjs/loader:1288:32)
2025-03-07 23:00 +00:00:     at Module._load (node:internal/modules/cjs/loader:1104:12)
2025-03-07 23:00 +00:00:     at Object.<anonymous> (/usr/local/lib/node_modules/pm2/lib/ProcessContainerFork.js:33:23)
2025-03-07 23:00 +00:00:     at Module._compile (node:internal/modules/cjs/loader:1469:14)
2025-03-07 23:00 +00:00:     at Module._extensions..js (node:internal/modules/cjs/loader:1548:10)
2025-03-07 23:00 +00:00:     at Module.load (node:internal/modules/cjs/loader:1288:32)
2025-03-07 23:00 +00:00:     at Module._load (node:internal/modules/cjs/loader:1104:12)
2025-03-07 23:00 +00:00: [2025-03-07T23:00:01.484Z] [AI-WARROOM] [WARN] OpenRouter API key not provided. AI agents will not be available.
2025-03-07 23:00 +00:00: [2025-03-07T23:00:01.492Z] [AI-WARROOM] [ERROR] Static path does not exist: /root/code-server/dist/node/src/browser/pages
2025-03-07 23:00 +00:00: TypeError: Application.start is not a function
2025-03-07 23:00 +00:00:     at Object.<anonymous> (/root/code-server/dist/node/server.js:83:13)
2025-03-07 23:00 +00:00:     at Module._compile (node:internal/modules/cjs/loader:1469:14)
2025-03-07 23:00 +00:00:     at Module._extensions..js (node:internal/modules/cjs/loader:1548:10)
2025-03-07 23:00 +00:00:     at Module.load (node:internal/modules/cjs/loader:1288:32)
2025-03-07 23:00 +00:00:     at Module._load (node:internal/modules/cjs/loader:1104:12)
2025-03-07 23:00 +00:00:     at Object.<anonymous> (/usr/local/lib/node_modules/pm2/lib/ProcessContainerFork.js:33:23)
2025-03-07 23:00 +00:00:     at Module._compile (node:internal/modules/cjs/loader:1469:14)
2025-03-07 23:00 +00:00:     at Module._extensions..js (node:internal/modules/cjs/loader:1548:10)
2025-03-07 23:00 +00:00:     at Module.load (node:internal/modules/cjs/loader:1288:32)
2025-03-07 23:00 +00:00:     at Module._load (node:internal/modules/cjs/loader:1104:12)
2025-03-07 23:00 +00:00: [2025-03-07T23:00:02.033Z] [AI-WARROOM] [WARN] OpenRouter API key not provided. AI agents will not be available.
2025-03-07 23:00 +00:00: [2025-03-07T23:00:02.039Z] [AI-WARROOM] [ERROR] Static path does not exist: /root/code-server/dist/node/src/browser/pages
2025-03-07 23:00 +00:00: TypeError: Application.start is not a function
2025-03-07 23:00 +00:00:     at Object.<anonymous> (/root/code-server/dist/node/server.js:83:13)
2025-03-07 23:00 +00:00:     at Module._compile (node:internal/modules/cjs/loader:1469:14)
2025-03-07 23:00 +00:00:     at Module._extensions..js (node:internal/modules/cjs/loader:1548:10)
2025-03-07 23:00 +00:00:     at Module.load (node:internal/modules/cjs/loader:1288:32)
2025-03-07 23:00 +00:00:     at Module._load (node:internal/modules/cjs/loader:1104:12)
2025-03-07 23:00 +00:00:     at Object.<anonymous> (/usr/local/lib/node_modules/pm2/lib/ProcessContainerFork.js:33:23)
2025-03-07 23:00 +00:00:     at Module._compile (node:internal/modules/cjs/loader:1469:14)
2025-03-07 23:00 +00:00:     at Module._extensions..js (node:internal/modules/cjs/loader:1548:10)
2025-03-07 23:00 +00:00:     at Module.load (node:internal/modules/cjs/loader:1288:32)
2025-03-07 23:00 +00:00:     at Module._load (node:internal/modules/cjs/loader:1104:12)
2025-03-07 23:00 +00:00: [2025-03-07T23:00:02.575Z] [AI-WARROOM] [WARN] OpenRouter API key not provided. AI agents will not be available.
2025-03-07 23:00 +00:00: [2025-03-07T23:00:02.580Z] [AI-WARROOM] [ERROR] Static path does not exist: /root/code-server/dist/node/src/browser/pages
2025-03-07 23:00 +00:00: TypeError: Application.start is not a function
2025-03-07 23:00 +00:00:     at Object.<anonymous> (/root/code-server/dist/node/server.js:83:13)
2025-03-07 23:00 +00:00:     at Module._compile (node:internal/modules/cjs/loader:1469:14)
2025-03-07 23:00 +00:00:     at Module._extensions..js (node:internal/modules/cjs/loader:1548:10)
2025-03-07 23:00 +00:00:     at Module.load (node:internal/modules/cjs/loader:1288:32)
2025-03-07 23:00 +00:00:     at Module._load (node:internal/modules/cjs/loader:1104:12)
2025-03-07 23:00 +00:00:     at Object.<anonymous> (/usr/local/lib/node_modules/pm2/lib/ProcessContainerFork.js:33:23)
2025-03-07 23:00 +00:00:     at Module._compile (node:internal/modules/cjs/loader:1469:14)
2025-03-07 23:00 +00:00:     at Module._extensions..js (node:internal/modules/cjs/loader:1548:10)
2025-03-07 23:00 +00:00:     at Module.load (node:internal/modules/cjs/loader:1288:32)
2025-03-07 23:00 +00:00:     at Module._load (node:internal/modules/cjs/loader:1104:12)
2025-03-07 23:00 +00:00: [2025-03-07T23:00:03.170Z] [AI-WARROOM] [WARN] OpenRouter API key not provided. AI agents will not be available.
2025-03-07 23:00 +00:00: [2025-03-07T23:00:03.182Z] [AI-WARROOM] [ERROR] Static path does not exist: /root/code-server/dist/node/src/browser/pages
2025-03-07 23:00 +00:00: TypeError: Application.start is not a function
2025-03-07 23:00 +00:00:     at Object.<anonymous> (/root/code-server/dist/node/server.js:83:13)
2025-03-07 23:00 +00:00:     at Module._compile (node:internal/modules/cjs/loader:1469:14)
2025-03-07 23:00 +00:00:     at Module._extensions..js (node:internal/modules/cjs/loader:1548:10)
2025-03-07 23:00 +00:00:     at Module.load (node:internal/modules/cjs/loader:1288:32)
2025-03-07 23:00 +00:00:     at Module._load (node:internal/modules/cjs/loader:1104:12)
2025-03-07 23:00 +00:00:     at Object.<anonymous> (/usr/local/lib/node_modules/pm2/lib/ProcessContainerFork.js:33:23)
2025-03-07 23:00 +00:00:     at Module._compile (node:internal/modules/cjs/loader:1469:14)
2025-03-07 23:00 +00:00:     at Module._extensions..js (node:internal/modules/cjs/loader:1548:10)
2025-03-07 23:00 +00:00:     at Module.load (node:internal/modules/cjs/loader:1288:32)
2025-03-07 23:00 +00:00:     at Module._load (node:internal/modules/cjs/loader:1104:12)
2025-03-07 23:00 +00:00: [2025-03-07T23:00:03.696Z] [AI-WARROOM] [WARN] OpenRouter API key not provided. AI agents will not be available.
2025-03-07 23:00 +00:00: [2025-03-07T23:00:03.702Z] [AI-WARROOM] [ERROR] Static path does not exist: /root/code-server/dist/node/src/browser/pages
2025-03-07 23:00 +00:00: TypeError: Application.start is not a function
2025-03-07 23:00 +00:00:     at Object.<anonymous> (/root/code-server/dist/node/server.js:83:13)
2025-03-07 23:00 +00:00:     at Module._compile (node:internal/modules/cjs/loader:1469:14)
2025-03-07 23:00 +00:00:     at Module._extensions..js (node:internal/modules/cjs/loader:1548:10)
2025-03-07 23:00 +00:00:     at Module.load (node:internal/modules/cjs/loader:1288:32)
2025-03-07 23:00 +00:00:     at Module._load (node:internal/modules/cjs/loader:1104:12)
2025-03-07 23:00 +00:00:     at Object.<anonymous> (/usr/local/lib/node_modules/pm2/lib/ProcessContainerFork.js:33:23)
2025-03-07 23:00 +00:00:     at Module._compile (node:internal/modules/cjs/loader:1469:14)
2025-03-07 23:00 +00:00:     at Module._extensions..js (node:internal/modules/cjs/loader:1548:10)
2025-03-07 23:00 +00:00:     at Module.load (node:internal/modules/cjs/loader:1288:32)
2025-03-07 23:00 +00:00:     at Module._load (node:internal/modules/cjs/loader:1104:12)
2025-03-07 23:00 +00:00: [2025-03-07T23:00:04.275Z] [AI-WARROOM] [WARN] OpenRouter API key not provided. AI agents will not be available.
2025-03-07 23:00 +00:00: [2025-03-07T23:00:04.287Z] [AI-WARROOM] [ERROR] Static path does not exist: /root/code-server/dist/node/src/browser/pages
2025-03-07 23:00 +00:00: TypeError: Application.start is not a function
2025-03-07 23:00 +00:00:     at Object.<anonymous> (/root/code-server/dist/node/server.js:83:13)
2025-03-07 23:00 +00:00:     at Module._compile (node:internal/modules/cjs/loader:1469:14)
2025-03-07 23:00 +00:00:     at Module._extensions..js (node:internal/modules/cjs/loader:1548:10)
2025-03-07 23:00 +00:00:     at Module.load (node:internal/modules/cjs/loader:1288:32)
2025-03-07 23:00 +00:00:     at Module._load (node:internal/modules/cjs/loader:1104:12)
2025-03-07 23:00 +00:00:     at Object.<anonymous> (/usr/local/lib/node_modules/pm2/lib/ProcessContainerFork.js:33:23)
2025-03-07 23:00 +00:00:     at Module._compile (node:internal/modules/cjs/loader:1469:14)
2025-03-07 23:00 +00:00:     at Module._extensions..js (node:internal/modules/cjs/loader:1548:10)
2025-03-07 23:00 +00:00:     at Module.load (node:internal/modules/cjs/loader:1288:32)
2025-03-07 23:00 +00:00:     at Module._load (node:internal/modules/cjs/loader:1104:12)
2025-03-07 23:00 +00:00: [2025-03-07T23:00:04.805Z] [AI-WARROOM] [WARN] OpenRouter API key not provided. AI agents will not be available.
2025-03-07 23:00 +00:00: [2025-03-07T23:00:04.810Z] [AI-WARROOM] [ERROR] Static path does not exist: /root/code-server/dist/node/src/browser/pages
2025-03-07 23:00 +00:00: TypeError: Application.start is not a function
2025-03-07 23:00 +00:00:     at Object.<anonymous> (/root/code-server/dist/node/server.js:83:13)
2025-03-07 23:00 +00:00:     at Module._compile (node:internal/modules/cjs/loader:1469:14)
2025-03-07 23:00 +00:00:     at Module._extensions..js (node:internal/modules/cjs/loader:1548:10)
2025-03-07 23:00 +00:00:     at Module.load (node:internal/modules/cjs/loader:1288:32)
2025-03-07 23:00 +00:00:     at Module._load (node:internal/modules/cjs/loader:1104:12)
2025-03-07 23:00 +00:00:     at Object.<anonymous> (/usr/local/lib/node_modules/pm2/lib/ProcessContainerFork.js:33:23)
2025-03-07 23:00 +00:00:     at Module._compile (node:internal/modules/cjs/loader:1469:14)
2025-03-07 23:00 +00:00:     at Module._extensions..js (node:internal/modules/cjs/loader:1548:10)
2025-03-07 23:00 +00:00:     at Module.load (node:internal/modules/cjs/loader:1288:32)
2025-03-07 23:00 +00:00:     at Module._load (node:internal/modules/cjs/loader:1104:12)
2025-03-07 23:00 +00:00: [2025-03-07T23:00:05.344Z] [AI-WARROOM] [WARN] OpenRouter API key not provided. AI agents will not be available.
2025-03-07 23:00 +00:00: [2025-03-07T23:00:05.349Z] [AI-WARROOM] [ERROR] Static path does not exist: /root/code-server/dist/node/src/browser/pages
2025-03-07 23:00 +00:00: TypeError: Application.start is not a function
2025-03-07 23:00 +00:00:     at Object.<anonymous> (/root/code-server/dist/node/server.js:83:13)
2025-03-07 23:00 +00:00:     at Module._compile (node:internal/modules/cjs/loader:1469:14)
2025-03-07 23:00 +00:00:     at Module._extensions..js (node:internal/modules/cjs/loader:1548:10)
2025-03-07 23:00 +00:00:     at Module.load (node:internal/modules/cjs/loader:1288:32)
2025-03-07 23:00 +00:00:     at Module._load (node:internal/modules/cjs/loader:1104:12)
2025-03-07 23:00 +00:00:     at Object.<anonymous> (/usr/local/lib/node_modules/pm2/lib/ProcessContainerFork.js:33:23)
2025-03-07 23:00 +00:00:     at Module._compile (node:internal/modules/cjs/loader:1469:14)
2025-03-07 23:00 +00:00:     at Module._extensions..js (node:internal/modules/cjs/loader:1548:10)
2025-03-07 23:00 +00:00:     at Module.load (node:internal/modules/cjs/loader:1288:32)
2025-03-07 23:00 +00:00:     at Module._load (node:internal/modules/cjs/loader:1104:12)
2025-03-07 23:00 +00:00: [2025-03-07T23:00:05.889Z] [AI-WARROOM] [WARN] OpenRouter API key not provided. AI agents will not be available.
2025-03-07 23:00 +00:00: [2025-03-07T23:00:05.893Z] [AI-WARROOM] [ERROR] Static path does not exist: /root/code-server/dist/node/src/browser/pages
2025-03-07 23:00 +00:00: TypeError: Application.start is not a function
2025-03-07 23:00 +00:00:     at Object.<anonymous> (/root/code-server/dist/node/server.js:83:13)
2025-03-07 23:00 +00:00:     at Module._compile (node:internal/modules/cjs/loader:1469:14)
2025-03-07 23:00 +00:00:     at Module._extensions..js (node:internal/modules/cjs/loader:1548:10)
2025-03-07 23:00 +00:00:     at Module.load (node:internal/modules/cjs/loader:1288:32)
2025-03-07 23:00 +00:00:     at Module._load (node:internal/modules/cjs/loader:1104:12)
2025-03-07 23:00 +00:00:     at Object.<anonymous> (/usr/local/lib/node_modules/pm2/lib/ProcessContainerFork.js:33:23)
2025-03-07 23:00 +00:00:     at Module._compile (node:internal/modules/cjs/loader:1469:14)
2025-03-07 23:00 +00:00:     at Module._extensions..js (node:internal/modules/cjs/loader:1548:10)
2025-03-07 23:00 +00:00:     at Module.load (node:internal/modules/cjs/loader:1288:32)
2025-03-07 23:00 +00:00:     at Module._load (node:internal/modules/cjs/loader:1104:12)
2025-03-07 23:00 +00:00: [2025-03-07T23:00:06.446Z] [AI-WARROOM] [WARN] OpenRouter API key not provided. AI agents will not be available.
2025-03-07 23:00 +00:00: [2025-03-07T23:00:06.450Z] [AI-WARROOM] [ERROR] Static path does not exist: /root/code-server/dist/node/src/browser/pages
2025-03-07 23:00 +00:00: TypeError: Application.start is not a function
2025-03-07 23:00 +00:00:     at Object.<anonymous> (/root/code-server/dist/node/server.js:83:13)
2025-03-07 23:00 +00:00:     at Module._compile (node:internal/modules/cjs/loader:1469:14)
2025-03-07 23:00 +00:00:     at Module._extensions..js (node:internal/modules/cjs/loader:1548:10)
2025-03-07 23:00 +00:00:     at Module.load (node:internal/modules/cjs/loader:1288:32)
2025-03-07 23:00 +00:00:     at Module._load (node:internal/modules/cjs/loader:1104:12)
2025-03-07 23:00 +00:00:     at Object.<anonymous> (/usr/local/lib/node_modules/pm2/lib/ProcessContainerFork.js:33:23)
2025-03-07 23:00 +00:00:     at Module._compile (node:internal/modules/cjs/loader:1469:14)
2025-03-07 23:00 +00:00:     at Module._extensions..js (node:internal/modules/cjs/loader:1548:10)
2025-03-07 23:00 +00:00:     at Module.load (node:internal/modules/cjs/loader:1288:32)
2025-03-07 23:00 +00:00:     at Module._load (node:internal/modules/cjs/loader:1104:12)
2025-03-07 23:00 +00:00: [2025-03-07T23:00:07.030Z] [AI-WARROOM] [WARN] OpenRouter API key not provided. AI agents will not be available.
2025-03-07 23:00 +00:00: [2025-03-07T23:00:07.034Z] [AI-WARROOM] [ERROR] Static path does not exist: /root/code-server/dist/node/src/browser/pages
2025-03-07 23:00 +00:00: TypeError: Application.start is not a function
2025-03-07 23:00 +00:00:     at Object.<anonymous> (/root/code-server/dist/node/server.js:83:13)
2025-03-07 23:00 +00:00:     at Module._compile (node:internal/modules/cjs/loader:1469:14)
2025-03-07 23:00 +00:00:     at Module._extensions..js (node:internal/modules/cjs/loader:1548:10)
2025-03-07 23:00 +00:00:     at Module.load (node:internal/modules/cjs/loader:1288:32)
2025-03-07 23:00 +00:00:     at Module._load (node:internal/modules/cjs/loader:1104:12)
2025-03-07 23:00 +00:00:     at Object.<anonymous> (/usr/local/lib/node_modules/pm2/lib/ProcessContainerFork.js:33:23)
2025-03-07 23:00 +00:00:     at Module._compile (node:internal/modules/cjs/loader:1469:14)
2025-03-07 23:00 +00:00:     at Module._extensions..js (node:internal/modules/cjs/loader:1548:10)
2025-03-07 23:00 +00:00:     at Module.load (node:internal/modules/cjs/loader:1288:32)
2025-03-07 23:00 +00:00:     at Module._load (node:internal/modules/cjs/loader:1104:12)
2025-03-07 23:00 +00:00: [2025-03-07T23:00:07.590Z] [AI-WARROOM] [WARN] OpenRouter API key not provided. AI agents will not be available.
2025-03-07 23:00 +00:00: [2025-03-07T23:00:07.594Z] [AI-WARROOM] [ERROR] Static path does not exist: /root/code-server/dist/node/src/browser/pages
2025-03-07 23:00 +00:00: TypeError: Application.start is not a function
2025-03-07 23:00 +00:00:     at Object.<anonymous> (/root/code-server/dist/node/server.js:83:13)
2025-03-07 23:00 +00:00:     at Module._compile (node:internal/modules/cjs/loader:1469:14)
2025-03-07 23:00 +00:00:     at Module._extensions..js (node:internal/modules/cjs/loader:1548:10)
2025-03-07 23:00 +00:00:     at Module.load (node:internal/modules/cjs/loader:1288:32)
2025-03-07 23:00 +00:00:     at Module._load (node:internal/modules/cjs/loader:1104:12)
2025-03-07 23:00 +00:00:     at Object.<anonymous> (/usr/local/lib/node_modules/pm2/lib/ProcessContainerFork.js:33:23)
2025-03-07 23:00 +00:00:     at Module._compile (node:internal/modules/cjs/loader:1469:14)
2025-03-07 23:00 +00:00:     at Module._extensions..js (node:internal/modules/cjs/loader:1548:10)
2025-03-07 23:00 +00:00:     at Module.load (node:internal/modules/cjs/loader:1288:32)
2025-03-07 23:00 +00:00:     at Module._load (node:internal/modules/cjs/loader:1104:12)
2025-03-07 23:00 +00:00: [2025-03-07T23:00:08.130Z] [AI-WARROOM] [WARN] OpenRouter API key not provided. AI agents will not be available.
2025-03-07 23:00 +00:00: [2025-03-07T23:00:08.137Z] [AI-WARROOM] [ERROR] Static path does not exist: /root/code-server/dist/node/src/browser/pages
2025-03-07 23:00 +00:00: TypeError: Application.start is not a function
2025-03-07 23:00 +00:00:     at Object.<anonymous> (/root/code-server/dist/node/server.js:83:13)
2025-03-07 23:00 +00:00:     at Module._compile (node:internal/modules/cjs/loader:1469:14)
2025-03-07 23:00 +00:00:     at Module._extensions..js (node:internal/modules/cjs/loader:1548:10)
2025-03-07 23:00 +00:00:     at Module.load (node:internal/modules/cjs/loader:1288:32)
2025-03-07 23:00 +00:00:     at Module._load (node:internal/modules/cjs/loader:1104:12)
2025-03-07 23:00 +00:00:     at Object.<anonymous> (/usr/local/lib/node_modules/pm2/lib/ProcessContainerFork.js:33:23)
2025-03-07 23:00 +00:00:     at Module._compile (node:internal/modules/cjs/loader:1469:14)
2025-03-07 23:00 +00:00:     at Module._extensions..js (node:internal/modules/cjs/loader:1548:10)
2025-03-07 23:00 +00:00:     at Module.load (node:internal/modules/cjs/loader:1288:32)
2025-03-07 23:00 +00:00:     at Module._load (node:internal/modules/cjs/loader:1104:12)
2025-03-07 23:00 +00:00: [2025-03-07T23:00:08.666Z] [AI-WARROOM] [WARN] OpenRouter API key not provided. AI agents will not be available.
2025-03-07 23:00 +00:00: [2025-03-07T23:00:08.674Z] [AI-WARROOM] [ERROR] Static path does not exist: /root/code-server/dist/node/src/browser/pages
2025-03-07 23:00 +00:00: TypeError: Application.start is not a function
2025-03-07 23:00 +00:00:     at Object.<anonymous> (/root/code-server/dist/node/server.js:83:13)
2025-03-07 23:00 +00:00:     at Module._compile (node:internal/modules/cjs/loader:1469:14)
2025-03-07 23:00 +00:00:     at Module._extensions..js (node:internal/modules/cjs/loader:1548:10)
2025-03-07 23:00 +00:00:     at Module.load (node:internal/modules/cjs/loader:1288:32)
2025-03-07 23:00 +00:00:     at Module._load (node:internal/modules/cjs/loader:1104:12)
2025-03-07 23:00 +00:00:     at Object.<anonymous> (/usr/local/lib/node_modules/pm2/lib/ProcessContainerFork.js:33:23)
2025-03-07 23:00 +00:00:     at Module._compile (node:internal/modules/cjs/loader:1469:14)
2025-03-07 23:00 +00:00:     at Module._extensions..js (node:internal/modules/cjs/loader:1548:10)
2025-03-07 23:00 +00:00:     at Module.load (node:internal/modules/cjs/loader:1288:32)
2025-03-07 23:00 +00:00:     at Module._load (node:internal/modules/cjs/loader:1104:12)
2025-03-07 23:00 +00:00: [2025-03-07T23:00:09.236Z] [AI-WARROOM] [WARN] OpenRouter API key not provided. AI agents will not be available.
2025-03-07 23:00 +00:00: [2025-03-07T23:00:09.240Z] [AI-WARROOM] [ERROR] Static path does not exist: /root/code-server/dist/node/src/browser/pages
2025-03-07 23:00 +00:00: TypeError: Application.start is not a function
2025-03-07 23:00 +00:00:     at Object.<anonymous> (/root/code-server/dist/node/server.js:83:13)
2025-03-07 23:00 +00:00:     at Module._compile (node:internal/modules/cjs/loader:1469:14)
2025-03-07 23:00 +00:00:     at Module._extensions..js (node:internal/modules/cjs/loader:1548:10)
2025-03-07 23:00 +00:00:     at Module.load (node:internal/modules/cjs/loader:1288:32)
2025-03-07 23:00 +00:00:     at Module._load (node:internal/modules/cjs/loader:1104:12)
2025-03-07 23:00 +00:00:     at Object.<anonymous> (/usr/local/lib/node_modules/pm2/lib/ProcessContainerFork.js:33:23)
2025-03-07 23:00 +00:00:     at Module._compile (node:internal/modules/cjs/loader:1469:14)
2025-03-07 23:00 +00:00:     at Module._extensions..js (node:internal/modules/cjs/loader:1548:10)
2025-03-07 23:00 +00:00:     at Module.load (node:internal/modules/cjs/loader:1288:32)
2025-03-07 23:00 +00:00:     at Module._load (node:internal/modules/cjs/loader:1104:12)
2025-03-07 23:00 +00:00: [2025-03-07T23:00:09.779Z] [AI-WARROOM] [WARN] OpenRouter API key not provided. AI agents will not be available.
2025-03-07 23:00 +00:00: [2025-03-07T23:00:09.784Z] [AI-WARROOM] [ERROR] Static path does not exist: /root/code-server/dist/node/src/browser/pages
2025-03-07 23:00 +00:00: TypeError: Application.start is not a function
2025-03-07 23:00 +00:00:     at Object.<anonymous> (/root/code-server/dist/node/server.js:83:13)
2025-03-07 23:00 +00:00:     at Module._compile (node:internal/modules/cjs/loader:1469:14)
2025-03-07 23:00 +00:00:     at Module._extensions..js (node:internal/modules/cjs/loader:1548:10)
2025-03-07 23:00 +00:00:     at Module.load (node:internal/modules/cjs/loader:1288:32)
2025-03-07 23:00 +00:00:     at Module._load (node:internal/modules/cjs/loader:1104:12)
2025-03-07 23:00 +00:00:     at Object.<anonymous> (/usr/local/lib/node_modules/pm2/lib/ProcessContainerFork.js:33:23)
2025-03-07 23:00 +00:00:     at Module._compile (node:internal/modules/cjs/loader:1469:14)
2025-03-07 23:00 +00:00:     at Module._extensions..js (node:internal/modules/cjs/loader:1548:10)
2025-03-07 23:00 +00:00:     at Module.load (node:internal/modules/cjs/loader:1288:32)
2025-03-07 23:00 +00:00:     at Module._load (node:internal/modules/cjs/loader:1104:12)
2025-03-07 23:00 +00:00: [2025-03-07T23:00:10.336Z] [AI-WARROOM] [WARN] OpenRouter API key not provided. AI agents will not be available.
2025-03-07 23:00 +00:00: [2025-03-07T23:00:10.340Z] [AI-WARROOM] [ERROR] Static path does not exist: /root/code-server/dist/node/src/browser/pages
2025-03-07 23:00 +00:00: TypeError: Application.start is not a function
2025-03-07 23:00 +00:00:     at Object.<anonymous> (/root/code-server/dist/node/server.js:83:13)
2025-03-07 23:00 +00:00:     at Module._compile (node:internal/modules/cjs/loader:1469:14)
2025-03-07 23:00 +00:00:     at Module._extensions..js (node:internal/modules/cjs/loader:1548:10)
2025-03-07 23:00 +00:00:     at Module.load (node:internal/modules/cjs/loader:1288:32)
2025-03-07 23:00 +00:00:     at Module._load (node:internal/modules/cjs/loader:1104:12)
2025-03-07 23:00 +00:00:     at Object.<anonymous> (/usr/local/lib/node_modules/pm2/lib/ProcessContainerFork.js:33:23)
2025-03-07 23:00 +00:00:     at Module._compile (node:internal/modules/cjs/loader:1469:14)
2025-03-07 23:00 +00:00:     at Module._extensions..js (node:internal/modules/cjs/loader:1548:10)
2025-03-07 23:00 +00:00:     at Module.load (node:internal/modules/cjs/loader:1288:32)
2025-03-07 23:00 +00:00:     at Module._load (node:internal/modules/cjs/loader:1104:12)
2025-03-07 23:00 +00:00: [2025-03-07T23:00:10.855Z] [AI-WARROOM] [WARN] OpenRouter API key not provided. AI agents will not be available.
2025-03-07 23:00 +00:00: [2025-03-07T23:00:10.860Z] [AI-WARROOM] [ERROR] Static path does not exist: /root/code-server/dist/node/src/browser/pages
2025-03-07 23:00 +00:00: TypeError: Application.start is not a function
2025-03-07 23:00 +00:00:     at Object.<anonymous> (/root/code-server/dist/node/server.js:83:13)
2025-03-07 23:00 +00:00:     at Module._compile (node:internal/modules/cjs/loader:1469:14)
2025-03-07 23:00 +00:00:     at Module._extensions..js (node:internal/modules/cjs/loader:1548:10)
2025-03-07 23:00 +00:00:     at Module.load (node:internal/modules/cjs/loader:1288:32)
2025-03-07 23:00 +00:00:     at Module._load (node:internal/modules/cjs/loader:1104:12)
2025-03-07 23:00 +00:00:     at Object.<anonymous> (/usr/local/lib/node_modules/pm2/lib/ProcessContainerFork.js:33:23)
2025-03-07 23:00 +00:00:     at Module._compile (node:internal/modules/cjs/loader:1469:14)
2025-03-07 23:00 +00:00:     at Module._extensions..js (node:internal/modules/cjs/loader:1548:10)
2025-03-07 23:00 +00:00:     at Module.load (node:internal/modules/cjs/loader:1288:32)
2025-03-07 23:00 +00:00:     at Module._load (node:internal/modules/cjs/loader:1104:12)
2025-03-07 23:00 +00:00: [2025-03-07T23:00:11.384Z] [AI-WARROOM] [WARN] OpenRouter API key not provided. AI agents will not be available.
2025-03-07 23:00 +00:00: [2025-03-07T23:00:11.389Z] [AI-WARROOM] [ERROR] Static path does not exist: /root/code-server/dist/node/src/browser/pages
2025-03-07 23:00 +00:00: TypeError: Application.start is not a function
2025-03-07 23:00 +00:00:     at Object.<anonymous> (/root/code-server/dist/node/server.js:83:13)
2025-03-07 23:00 +00:00:     at Module._compile (node:internal/modules/cjs/loader:1469:14)
2025-03-07 23:00 +00:00:     at Module._extensions..js (node:internal/modules/cjs/loader:1548:10)
2025-03-07 23:00 +00:00:     at Module.load (node:internal/modules/cjs/loader:1288:32)
2025-03-07 23:00 +00:00:     at Module._load (node:internal/modules/cjs/loader:1104:12)
2025-03-07 23:00 +00:00:     at Object.<anonymous> (/usr/local/lib/node_modules/pm2/lib/ProcessContainerFork.js:33:23)
2025-03-07 23:00 +00:00:     at Module._compile (node:internal/modules/cjs/loader:1469:14)
2025-03-07 23:00 +00:00:     at Module._extensions..js (node:internal/modules/cjs/loader:1548:10)
2025-03-07 23:00 +00:00:     at Module.load (node:internal/modules/cjs/loader:1288:32)
2025-03-07 23:00 +00:00:     at Module._load (node:internal/modules/cjs/loader:1104:12)
2025-03-07 23:00 +00:00: [2025-03-07T23:00:11.902Z] [AI-WARROOM] [WARN] OpenRouter API key not provided. AI agents will not be available.
2025-03-07 23:00 +00:00: [2025-03-07T23:00:11.906Z] [AI-WARROOM] [ERROR] Static path does not exist: /root/code-server/dist/node/src/browser/pages
2025-03-07 23:00 +00:00: TypeError: Application.start is not a function
2025-03-07 23:00 +00:00:     at Object.<anonymous> (/root/code-server/dist/node/server.js:83:13)
2025-03-07 23:00 +00:00:     at Module._compile (node:internal/modules/cjs/loader:1469:14)
2025-03-07 23:00 +00:00:     at Module._extensions..js (node:internal/modules/cjs/loader:1548:10)
2025-03-07 23:00 +00:00:     at Module.load (node:internal/modules/cjs/loader:1288:32)
2025-03-07 23:00 +00:00:     at Module._load (node:internal/modules/cjs/loader:1104:12)
2025-03-07 23:00 +00:00:     at Object.<anonymous> (/usr/local/lib/node_modules/pm2/lib/ProcessContainerFork.js:33:23)
2025-03-07 23:00 +00:00:     at Module._compile (node:internal/modules/cjs/loader:1469:14)
2025-03-07 23:00 +00:00:     at Module._extensions..js (node:internal/modules/cjs/loader:1548:10)
2025-03-07 23:00 +00:00:     at Module.load (node:internal/modules/cjs/loader:1288:32)
2025-03-07 23:00 +00:00:     at Module._load (node:internal/modules/cjs/loader:1104:12)
2025-03-07 23:00 +00:00: [2025-03-07T23:00:12.443Z] [AI-WARROOM] [WARN] OpenRouter API key not provided. AI agents will not be available.
2025-03-07 23:00 +00:00: [2025-03-07T23:00:12.447Z] [AI-WARROOM] [ERROR] Static path does not exist: /root/code-server/dist/node/src/browser/pages
2025-03-07 23:00 +00:00: TypeError: Application.start is not a function
2025-03-07 23:00 +00:00:     at Object.<anonymous> (/root/code-server/dist/node/server.js:83:13)
2025-03-07 23:00 +00:00:     at Module._compile (node:internal/modules/cjs/loader:1469:14)
2025-03-07 23:00 +00:00:     at Module._extensions..js (node:internal/modules/cjs/loader:1548:10)
2025-03-07 23:00 +00:00:     at Module.load (node:internal/modules/cjs/loader:1288:32)
2025-03-07 23:00 +00:00:     at Module._load (node:internal/modules/cjs/loader:1104:12)
2025-03-07 23:00 +00:00:     at Object.<anonymous> (/usr/local/lib/node_modules/pm2/lib/ProcessContainerFork.js:33:23)
2025-03-07 23:00 +00:00:     at Module._compile (node:internal/modules/cjs/loader:1469:14)
2025-03-07 23:00 +00:00:     at Module._extensions..js (node:internal/modules/cjs/loader:1548:10)
2025-03-07 23:00 +00:00:     at Module.load (node:internal/modules/cjs/loader:1288:32)
2025-03-07 23:00 +00:00:     at Module._load (node:internal/modules/cjs/loader:1104:12)
2025-03-07 23:00 +00:00: [2025-03-07T23:00:12.995Z] [AI-WARROOM] [WARN] OpenRouter API key not provided. AI agents will not be available.
2025-03-07 23:00 +00:00: [2025-03-07T23:00:13.008Z] [AI-WARROOM] [ERROR] Static path does not exist: /root/code-server/dist/node/src/browser/pages
2025-03-07 23:00 +00:00: TypeError: Application.start is not a function
2025-03-07 23:00 +00:00:     at Object.<anonymous> (/root/code-server/dist/node/server.js:83:13)
2025-03-07 23:00 +00:00:     at Module._compile (node:internal/modules/cjs/loader:1469:14)
2025-03-07 23:00 +00:00:     at Module._extensions..js (node:internal/modules/cjs/loader:1548:10)
2025-03-07 23:00 +00:00:     at Module.load (node:internal/modules/cjs/loader:1288:32)
2025-03-07 23:00 +00:00:     at Module._load (node:internal/modules/cjs/loader:1104:12)
2025-03-07 23:00 +00:00:     at Object.<anonymous> (/usr/local/lib/node_modules/pm2/lib/ProcessContainerFork.js:33:23)
2025-03-07 23:00 +00:00:     at Module._compile (node:internal/modules/cjs/loader:1469:14)
2025-03-07 23:00 +00:00:     at Module._extensions..js (node:internal/modules/cjs/loader:1548:10)
2025-03-07 23:00 +00:00:     at Module.load (node:internal/modules/cjs/loader:1288:32)
2025-03-07 23:00 +00:00:     at Module._load (node:internal/modules/cjs/loader:1104:12)
2025-03-07 23:00 +00:00: [2025-03-07T23:00:13.571Z] [AI-WARROOM] [WARN] OpenRouter API key not provided. AI agents will not be available.
2025-03-07 23:00 +00:00: [2025-03-07T23:00:13.579Z] [AI-WARROOM] [ERROR] Static path does not exist: /root/code-server/dist/node/src/browser/pages
2025-03-07 23:00 +00:00: TypeError: Application.start is not a function
2025-03-07 23:00 +00:00:     at Object.<anonymous> (/root/code-server/dist/node/server.js:83:13)
2025-03-07 23:00 +00:00:     at Module._compile (node:internal/modules/cjs/loader:1469:14)
2025-03-07 23:00 +00:00:     at Module._extensions..js (node:internal/modules/cjs/loader:1548:10)
2025-03-07 23:00 +00:00:     at Module.load (node:internal/modules/cjs/loader:1288:32)
2025-03-07 23:00 +00:00:     at Module._load (node:internal/modules/cjs/loader:1104:12)
2025-03-07 23:00 +00:00:     at Object.<anonymous> (/usr/local/lib/node_modules/pm2/lib/ProcessContainerFork.js:33:23)
2025-03-07 23:00 +00:00:     at Module._compile (node:internal/modules/cjs/loader:1469:14)
2025-03-07 23:00 +00:00:     at Module._extensions..js (node:internal/modules/cjs/loader:1548:10)
2025-03-07 23:00 +00:00:     at Module.load (node:internal/modules/cjs/loader:1288:32)
2025-03-07 23:00 +00:00:     at Module._load (node:internal/modules/cjs/loader:1104:12)
2025-03-07 23:00 +00:00: [2025-03-07T23:00:14.196Z] [AI-WARROOM] [WARN] OpenRouter API key not provided. AI agents will not be available.
2025-03-07 23:00 +00:00: [2025-03-07T23:00:14.202Z] [AI-WARROOM] [ERROR] Static path does not exist: /root/code-server/dist/node/src/browser/pages
2025-03-07 23:00 +00:00: TypeError: Application.start is not a function
2025-03-07 23:00 +00:00:     at Object.<anonymous> (/root/code-server/dist/node/server.js:83:13)
2025-03-07 23:00 +00:00:     at Module._compile (node:internal/modules/cjs/loader:1469:14)
2025-03-07 23:00 +00:00:     at Module._extensions..js (node:internal/modules/cjs/loader:1548:10)
2025-03-07 23:00 +00:00:     at Module.load (node:internal/modules/cjs/loader:1288:32)
2025-03-07 23:00 +00:00:     at Module._load (node:internal/modules/cjs/loader:1104:12)
2025-03-07 23:00 +00:00:     at Object.<anonymous> (/usr/local/lib/node_modules/pm2/lib/ProcessContainerFork.js:33:23)
2025-03-07 23:00 +00:00:     at Module._compile (node:internal/modules/cjs/loader:1469:14)
2025-03-07 23:00 +00:00:     at Module._extensions..js (node:internal/modules/cjs/loader:1548:10)
2025-03-07 23:00 +00:00:     at Module.load (node:internal/modules/cjs/loader:1288:32)
2025-03-07 23:00 +00:00:     at Module._load (node:internal/modules/cjs/loader:1104:12)
2025-03-07 23:00 +00:00: [2025-03-07T23:00:14.884Z] [AI-WARROOM] [WARN] OpenRouter API key not provided. AI agents will not be available.
2025-03-07 23:00 +00:00: [2025-03-07T23:00:14.891Z] [AI-WARROOM] [ERROR] Static path does not exist: /root/code-server/dist/node/src/browser/pages
2025-03-07 23:00 +00:00: TypeError: Application.start is not a function
2025-03-07 23:00 +00:00:     at Object.<anonymous> (/root/code-server/dist/node/server.js:83:13)
2025-03-07 23:00 +00:00:     at Module._compile (node:internal/modules/cjs/loader:1469:14)
2025-03-07 23:00 +00:00:     at Module._extensions..js (node:internal/modules/cjs/loader:1548:10)
2025-03-07 23:00 +00:00:     at Module.load (node:internal/modules/cjs/loader:1288:32)
2025-03-07 23:00 +00:00:     at Module._load (node:internal/modules/cjs/loader:1104:12)
2025-03-07 23:00 +00:00:     at Object.<anonymous> (/usr/local/lib/node_modules/pm2/lib/ProcessContainerFork.js:33:23)
2025-03-07 23:00 +00:00:     at Module._compile (node:internal/modules/cjs/loader:1469:14)
2025-03-07 23:00 +00:00:     at Module._extensions..js (node:internal/modules/cjs/loader:1548:10)
2025-03-07 23:00 +00:00:     at Module.load (node:internal/modules/cjs/loader:1288:32)
2025-03-07 23:00 +00:00:     at Module._load (node:internal/modules/cjs/loader:1104:12)
2025-03-07 23:00 +00:00: [2025-03-07T23:00:15.926Z] [AI-WARROOM] [WARN] OpenRouter API key not provided. AI agents will not be available.
2025-03-07 23:00 +00:00: [2025-03-07T23:00:15.938Z] [AI-WARROOM] [ERROR] Static path does not exist: /root/code-server/dist/node/src/browser/pages
2025-03-07 23:00 +00:00: TypeError: Application.start is not a function
2025-03-07 23:00 +00:00:     at Object.<anonymous> (/root/code-server/dist/node/server.js:83:13)
2025-03-07 23:00 +00:00:     at Module._compile (node:internal/modules/cjs/loader:1469:14)
2025-03-07 23:00 +00:00:     at Module._extensions..js (node:internal/modules/cjs/loader:1548:10)
2025-03-07 23:00 +00:00:     at Module.load (node:internal/modules/cjs/loader:1288:32)
2025-03-07 23:00 +00:00:     at Module._load (node:internal/modules/cjs/loader:1104:12)
2025-03-07 23:00 +00:00:     at Object.<anonymous> (/usr/local/lib/node_modules/pm2/lib/ProcessContainerFork.js:33:23)
2025-03-07 23:00 +00:00:     at Module._compile (node:internal/modules/cjs/loader:1469:14)
2025-03-07 23:00 +00:00:     at Module._extensions..js (node:internal/modules/cjs/loader:1548:10)
2025-03-07 23:00 +00:00:     at Module.load (node:internal/modules/cjs/loader:1288:32)
2025-03-07 23:00 +00:00:     at Module._load (node:internal/modules/cjs/loader:1104:12)
2025-03-07 23:00 +00:00: [2025-03-07T23:00:17.001Z] [AI-WARROOM] [WARN] OpenRouter API key not provided. AI agents will not be available.
2025-03-07 23:00 +00:00: [2025-03-07T23:00:17.017Z] [AI-WARROOM] [ERROR] Static path does not exist: /root/code-server/dist/node/src/browser/pages
2025-03-07 23:00 +00:00: TypeError: Application.start is not a function
2025-03-07 23:00 +00:00:     at Object.<anonymous> (/root/code-server/dist/node/server.js:83:13)
2025-03-07 23:00 +00:00:     at Module._compile (node:internal/modules/cjs/loader:1469:14)
2025-03-07 23:00 +00:00:     at Module._extensions..js (node:internal/modules/cjs/loader:1548:10)
2025-03-07 23:00 +00:00:     at Module.load (node:internal/modules/cjs/loader:1288:32)
2025-03-07 23:00 +00:00:     at Module._load (node:internal/modules/cjs/loader:1104:12)
2025-03-07 23:00 +00:00:     at Object.<anonymous> (/usr/local/lib/node_modules/pm2/lib/ProcessContainerFork.js:33:23)
2025-03-07 23:00 +00:00:     at Module._compile (node:internal/modules/cjs/loader:1469:14)
2025-03-07 23:00 +00:00:     at Module._extensions..js (node:internal/modules/cjs/loader:1548:10)
2025-03-07 23:00 +00:00:     at Module.load (node:internal/modules/cjs/loader:1288:32)
2025-03-07 23:00 +00:00:     at Module._load (node:internal/modules/cjs/loader:1104:12)
2025-03-07 23:00 +00:00: [2025-03-07T23:00:18.702Z] [AI-WARROOM] [WARN] OpenRouter API key not provided. AI agents will not be available.
2025-03-07 23:00 +00:00: [2025-03-07T23:00:18.717Z] [AI-WARROOM] [ERROR] Static path does not exist: /root/code-server/dist/node/src/browser/pages
2025-03-07 23:00 +00:00: TypeError: Application.start is not a function
2025-03-07 23:00 +00:00:     at Object.<anonymous> (/root/code-server/dist/node/server.js:83:13)
2025-03-07 23:00 +00:00:     at Module._compile (node:internal/modules/cjs/loader:1469:14)
2025-03-07 23:00 +00:00:     at Module._extensions..js (node:internal/modules/cjs/loader:1548:10)
2025-03-07 23:00 +00:00:     at Module.load (node:internal/modules/cjs/loader:1288:32)
2025-03-07 23:00 +00:00:     at Module._load (node:internal/modules/cjs/loader:1104:12)
2025-03-07 23:00 +00:00:     at Object.<anonymous> (/usr/local/lib/node_modules/pm2/lib/ProcessContainerFork.js:33:23)
2025-03-07 23:00 +00:00:     at Module._compile (node:internal/modules/cjs/loader:1469:14)
2025-03-07 23:00 +00:00:     at Module._extensions..js (node:internal/modules/cjs/loader:1548:10)
2025-03-07 23:00 +00:00:     at Module.load (node:internal/modules/cjs/loader:1288:32)
2025-03-07 23:00 +00:00:     at Module._load (node:internal/modules/cjs/loader:1104:12)
2025-03-07 23:00 +00:00: [2025-03-07T23:00:19.994Z] [AI-WARROOM] [WARN] OpenRouter API key not provided. AI agents will not be available.
2025-03-07 23:00 +00:00: [2025-03-07T23:00:20.014Z] [AI-WARROOM] [ERROR] Static path does not exist: /root/code-server/dist/node/src/browser/pages
2025-03-07 23:00 +00:00: TypeError: Application.start is not a function
2025-03-07 23:00 +00:00:     at Object.<anonymous> (/root/code-server/dist/node/server.js:83:13)
2025-03-07 23:00 +00:00:     at Module._compile (node:internal/modules/cjs/loader:1469:14)
2025-03-07 23:00 +00:00:     at Module._extensions..js (node:internal/modules/cjs/loader:1548:10)
2025-03-07 23:00 +00:00:     at Module.load (node:internal/modules/cjs/loader:1288:32)
2025-03-07 23:00 +00:00:     at Module._load (node:internal/modules/cjs/loader:1104:12)
2025-03-07 23:00 +00:00:     at Object.<anonymous> (/usr/local/lib/node_modules/pm2/lib/ProcessContainerFork.js:33:23)
2025-03-07 23:00 +00:00:     at Module._compile (node:internal/modules/cjs/loader:1469:14)
2025-03-07 23:00 +00:00:     at Module._extensions..js (node:internal/modules/cjs/loader:1548:10)
2025-03-07 23:00 +00:00:     at Module.load (node:internal/modules/cjs/loader:1288:32)
2025-03-07 23:00 +00:00:     at Module._load (node:internal/modules/cjs/loader:1104:12)
2025-03-07 23:00 +00:00: [2025-03-07T23:00:21.109Z] [AI-WARROOM] [WARN] OpenRouter API key not provided. AI agents will not be available.
2025-03-07 23:00 +00:00: [2025-03-07T23:00:21.126Z] [AI-WARROOM] [ERROR] Static path does not exist: /root/code-server/dist/node/src/browser/pages
2025-03-07 23:00 +00:00: TypeError: Application.start is not a function
2025-03-07 23:00 +00:00:     at Object.<anonymous> (/root/code-server/dist/node/server.js:83:13)
2025-03-07 23:00 +00:00:     at Module._compile (node:internal/modules/cjs/loader:1469:14)
2025-03-07 23:00 +00:00:     at Module._extensions..js (node:internal/modules/cjs/loader:1548:10)
2025-03-07 23:00 +00:00:     at Module.load (node:internal/modules/cjs/loader:1288:32)
2025-03-07 23:00 +00:00:     at Module._load (node:internal/modules/cjs/loader:1104:12)
2025-03-07 23:00 +00:00:     at Object.<anonymous> (/usr/local/lib/node_modules/pm2/lib/ProcessContainerFork.js:33:23)
2025-03-07 23:00 +00:00:     at Module._compile (node:internal/modules/cjs/loader:1469:14)
2025-03-07 23:00 +00:00:     at Module._extensions..js (node:internal/modules/cjs/loader:1548:10)
2025-03-07 23:00 +00:00:     at Module.load (node:internal/modules/cjs/loader:1288:32)
2025-03-07 23:00 +00:00:     at Module._load (node:internal/modules/cjs/loader:1104:12)
2025-03-07 23:00 +00:00: [2025-03-07T23:00:21.928Z] [AI-WARROOM] [WARN] OpenRouter API key not provided. AI agents will not be available.
2025-03-07 23:00 +00:00: [2025-03-07T23:00:21.934Z] [AI-WARROOM] [ERROR] Static path does not exist: /root/code-server/dist/node/src/browser/pages
2025-03-07 23:00 +00:00: TypeError: Application.start is not a function
2025-03-07 23:00 +00:00:     at Object.<anonymous> (/root/code-server/dist/node/server.js:83:13)
2025-03-07 23:00 +00:00:     at Module._compile (node:internal/modules/cjs/loader:1469:14)
2025-03-07 23:00 +00:00:     at Module._extensions..js (node:internal/modules/cjs/loader:1548:10)
2025-03-07 23:00 +00:00:     at Module.load (node:internal/modules/cjs/loader:1288:32)
2025-03-07 23:00 +00:00:     at Module._load (node:internal/modules/cjs/loader:1104:12)
2025-03-07 23:00 +00:00:     at Object.<anonymous> (/usr/local/lib/node_modules/pm2/lib/ProcessContainerFork.js:33:23)
2025-03-07 23:00 +00:00:     at Module._compile (node:internal/modules/cjs/loader:1469:14)
2025-03-07 23:00 +00:00:     at Module._extensions..js (node:internal/modules/cjs/loader:1548:10)
2025-03-07 23:00 +00:00:     at Module.load (node:internal/modules/cjs/loader:1288:32)
2025-03-07 23:00 +00:00:     at Module._load (node:internal/modules/cjs/loader:1104:12)
2025-03-07 23:00 +00:00: [2025-03-07T23:00:22.798Z] [AI-WARROOM] [WARN] OpenRouter API key not provided. AI agents will not be available.
2025-03-07 23:00 +00:00: [2025-03-07T23:00:22.803Z] [AI-WARROOM] [ERROR] Static path does not exist: /root/code-server/dist/node/src/browser/pages
2025-03-07 23:00 +00:00: TypeError: Application.start is not a function
2025-03-07 23:00 +00:00:     at Object.<anonymous> (/root/code-server/dist/node/server.js:83:13)
2025-03-07 23:00 +00:00:     at Module._compile (node:internal/modules/cjs/loader:1469:14)
2025-03-07 23:00 +00:00:     at Module._extensions..js (node:internal/modules/cjs/loader:1548:10)
2025-03-07 23:00 +00:00:     at Module.load (node:internal/modules/cjs/loader:1288:32)
2025-03-07 23:00 +00:00:     at Module._load (node:internal/modules/cjs/loader:1104:12)
2025-03-07 23:00 +00:00:     at Object.<anonymous> (/usr/local/lib/node_modules/pm2/lib/ProcessContainerFork.js:33:23)
2025-03-07 23:00 +00:00:     at Module._compile (node:internal/modules/cjs/loader:1469:14)
2025-03-07 23:00 +00:00:     at Module._extensions..js (node:internal/modules/cjs/loader:1548:10)
2025-03-07 23:00 +00:00:     at Module.load (node:internal/modules/cjs/loader:1288:32)
2025-03-07 23:00 +00:00:     at Module._load (node:internal/modules/cjs/loader:1104:12)
2025-03-07 23:00 +00:00: [2025-03-07T23:00:23.486Z] [AI-WARROOM] [WARN] OpenRouter API key not provided. AI agents will not be available.
2025-03-07 23:00 +00:00: [2025-03-07T23:00:23.492Z] [AI-WARROOM] [ERROR] Static path does not exist: /root/code-server/dist/node/src/browser/pages
2025-03-07 23:00 +00:00: TypeError: Application.start is not a function
2025-03-07 23:00 +00:00:     at Object.<anonymous> (/root/code-server/dist/node/server.js:83:13)
2025-03-07 23:00 +00:00:     at Module._compile (node:internal/modules/cjs/loader:1469:14)
2025-03-07 23:00 +00:00:     at Module._extensions..js (node:internal/modules/cjs/loader:1548:10)
2025-03-07 23:00 +00:00:     at Module.load (node:internal/modules/cjs/loader:1288:32)
2025-03-07 23:00 +00:00:     at Module._load (node:internal/modules/cjs/loader:1104:12)
2025-03-07 23:00 +00:00:     at Object.<anonymous> (/usr/local/lib/node_modules/pm2/lib/ProcessContainerFork.js:33:23)
2025-03-07 23:00 +00:00:     at Module._compile (node:internal/modules/cjs/loader:1469:14)
2025-03-07 23:00 +00:00:     at Module._extensions..js (node:internal/modules/cjs/loader:1548:10)
2025-03-07 23:00 +00:00:     at Module.load (node:internal/modules/cjs/loader:1288:32)
2025-03-07 23:00 +00:00:     at Module._load (node:internal/modules/cjs/loader:1104:12)
2025-03-07 23:00 +00:00: [2025-03-07T23:00:24.137Z] [AI-WARROOM] [WARN] OpenRouter API key not provided. AI agents will not be available.
2025-03-07 23:00 +00:00: [2025-03-07T23:00:24.141Z] [AI-WARROOM] [ERROR] Static path does not exist: /root/code-server/dist/node/src/browser/pages
2025-03-07 23:00 +00:00: TypeError: Application.start is not a function
2025-03-07 23:00 +00:00:     at Object.<anonymous> (/root/code-server/dist/node/server.js:83:13)
2025-03-07 23:00 +00:00:     at Module._compile (node:internal/modules/cjs/loader:1469:14)
2025-03-07 23:00 +00:00:     at Module._extensions..js (node:internal/modules/cjs/loader:1548:10)
2025-03-07 23:00 +00:00:     at Module.load (node:internal/modules/cjs/loader:1288:32)
2025-03-07 23:00 +00:00:     at Module._load (node:internal/modules/cjs/loader:1104:12)
2025-03-07 23:00 +00:00:     at Object.<anonymous> (/usr/local/lib/node_modules/pm2/lib/ProcessContainerFork.js:33:23)
2025-03-07 23:00 +00:00:     at Module._compile (node:internal/modules/cjs/loader:1469:14)
2025-03-07 23:00 +00:00:     at Module._extensions..js (node:internal/modules/cjs/loader:1548:10)
2025-03-07 23:00 +00:00:     at Module.load (node:internal/modules/cjs/loader:1288:32)
2025-03-07 23:00 +00:00:     at Module._load (node:internal/modules/cjs/loader:1104:12)
2025-03-07 23:00 +00:00: [2025-03-07T23:00:24.770Z] [AI-WARROOM] [WARN] OpenRouter API key not provided. AI agents will not be available.
2025-03-07 23:00 +00:00: [2025-03-07T23:00:24.777Z] [AI-WARROOM] [ERROR] Static path does not exist: /root/code-server/dist/node/src/browser/pages
2025-03-07 23:00 +00:00: TypeError: Application.start is not a function
2025-03-07 23:00 +00:00:     at Object.<anonymous> (/root/code-server/dist/node/server.js:83:13)
2025-03-07 23:00 +00:00:     at Module._compile (node:internal/modules/cjs/loader:1469:14)
2025-03-07 23:00 +00:00:     at Module._extensions..js (node:internal/modules/cjs/loader:1548:10)
2025-03-07 23:00 +00:00:     at Module.load (node:internal/modules/cjs/loader:1288:32)
2025-03-07 23:00 +00:00:     at Module._load (node:internal/modules/cjs/loader:1104:12)
2025-03-07 23:00 +00:00:     at Object.<anonymous> (/usr/local/lib/node_modules/pm2/lib/ProcessContainerFork.js:33:23)
2025-03-07 23:00 +00:00:     at Module._compile (node:internal/modules/cjs/loader:1469:14)
2025-03-07 23:00 +00:00:     at Module._extensions..js (node:internal/modules/cjs/loader:1548:10)
2025-03-07 23:00 +00:00:     at Module.load (node:internal/modules/cjs/loader:1288:32)
2025-03-07 23:00 +00:00:     at Module._load (node:internal/modules/cjs/loader:1104:12)
2025-03-07 23:00 +00:00: [2025-03-07T23:00:25.440Z] [AI-WARROOM] [WARN] OpenRouter API key not provided. AI agents will not be available.
2025-03-07 23:00 +00:00: [2025-03-07T23:00:25.444Z] [AI-WARROOM] [ERROR] Static path does not exist: /root/code-server/dist/node/src/browser/pages
2025-03-07 23:00 +00:00: TypeError: Application.start is not a function
2025-03-07 23:00 +00:00:     at Object.<anonymous> (/root/code-server/dist/node/server.js:83:13)
2025-03-07 23:00 +00:00:     at Module._compile (node:internal/modules/cjs/loader:1469:14)
2025-03-07 23:00 +00:00:     at Module._extensions..js (node:internal/modules/cjs/loader:1548:10)
2025-03-07 23:00 +00:00:     at Module.load (node:internal/modules/cjs/loader:1288:32)
2025-03-07 23:00 +00:00:     at Module._load (node:internal/modules/cjs/loader:1104:12)
2025-03-07 23:00 +00:00:     at Object.<anonymous> (/usr/local/lib/node_modules/pm2/lib/ProcessContainerFork.js:33:23)
2025-03-07 23:00 +00:00:     at Module._compile (node:internal/modules/cjs/loader:1469:14)
2025-03-07 23:00 +00:00:     at Module._extensions..js (node:internal/modules/cjs/loader:1548:10)
2025-03-07 23:00 +00:00:     at Module.load (node:internal/modules/cjs/loader:1288:32)
2025-03-07 23:00 +00:00:     at Module._load (node:internal/modules/cjs/loader:1104:12)
2025-03-07 23:00 +00:00: [2025-03-07T23:00:26.110Z] [AI-WARROOM] [WARN] OpenRouter API key not provided. AI agents will not be available.
2025-03-07 23:00 +00:00: [2025-03-07T23:00:26.121Z] [AI-WARROOM] [ERROR] Static path does not exist: /root/code-server/dist/node/src/browser/pages
2025-03-07 23:00 +00:00: TypeError: Application.start is not a function
2025-03-07 23:00 +00:00:     at Object.<anonymous> (/root/code-server/dist/node/server.js:83:13)
2025-03-07 23:00 +00:00:     at Module._compile (node:internal/modules/cjs/loader:1469:14)
2025-03-07 23:00 +00:00:     at Module._extensions..js (node:internal/modules/cjs/loader:1548:10)
2025-03-07 23:00 +00:00:     at Module.load (node:internal/modules/cjs/loader:1288:32)
2025-03-07 23:00 +00:00:     at Module._load (node:internal/modules/cjs/loader:1104:12)
2025-03-07 23:00 +00:00:     at Object.<anonymous> (/usr/local/lib/node_modules/pm2/lib/ProcessContainerFork.js:33:23)
2025-03-07 23:00 +00:00:     at Module._compile (node:internal/modules/cjs/loader:1469:14)
2025-03-07 23:00 +00:00:     at Module._extensions..js (node:internal/modules/cjs/loader:1548:10)
2025-03-07 23:00 +00:00:     at Module.load (node:internal/modules/cjs/loader:1288:32)
2025-03-07 23:00 +00:00:     at Module._load (node:internal/modules/cjs/loader:1104:12)
2025-03-07 23:00 +00:00: [2025-03-07T23:00:26.760Z] [AI-WARROOM] [WARN] OpenRouter API key not provided. AI agents will not be available.
2025-03-07 23:00 +00:00: [2025-03-07T23:00:26.769Z] [AI-WARROOM] [ERROR] Static path does not exist: /root/code-server/dist/node/src/browser/pages
2025-03-07 23:00 +00:00: TypeError: Application.start is not a function
2025-03-07 23:00 +00:00:     at Object.<anonymous> (/root/code-server/dist/node/server.js:83:13)
2025-03-07 23:00 +00:00:     at Module._compile (node:internal/modules/cjs/loader:1469:14)
2025-03-07 23:00 +00:00:     at Module._extensions..js (node:internal/modules/cjs/loader:1548:10)
2025-03-07 23:00 +00:00:     at Module.load (node:internal/modules/cjs/loader:1288:32)
2025-03-07 23:00 +00:00:     at Module._load (node:internal/modules/cjs/loader:1104:12)
2025-03-07 23:00 +00:00:     at Object.<anonymous> (/usr/local/lib/node_modules/pm2/lib/ProcessContainerFork.js:33:23)
2025-03-07 23:00 +00:00:     at Module._compile (node:internal/modules/cjs/loader:1469:14)
2025-03-07 23:00 +00:00:     at Module._extensions..js (node:internal/modules/cjs/loader:1548:10)
2025-03-07 23:00 +00:00:     at Module.load (node:internal/modules/cjs/loader:1288:32)
2025-03-07 23:00 +00:00:     at Module._load (node:internal/modules/cjs/loader:1104:12)
2025-03-07 23:00 +00:00: [2025-03-07T23:00:27.362Z] [AI-WARROOM] [WARN] OpenRouter API key not provided. AI agents will not be available.
2025-03-07 23:00 +00:00: [2025-03-07T23:00:27.366Z] [AI-WARROOM] [ERROR] Static path does not exist: /root/code-server/dist/node/src/browser/pages
2025-03-07 23:00 +00:00: TypeError: Application.start is not a function
2025-03-07 23:00 +00:00:     at Object.<anonymous> (/root/code-server/dist/node/server.js:83:13)
2025-03-07 23:00 +00:00:     at Module._compile (node:internal/modules/cjs/loader:1469:14)
2025-03-07 23:00 +00:00:     at Module._extensions..js (node:internal/modules/cjs/loader:1548:10)
2025-03-07 23:00 +00:00:     at Module.load (node:internal/modules/cjs/loader:1288:32)
2025-03-07 23:00 +00:00:     at Module._load (node:internal/modules/cjs/loader:1104:12)
2025-03-07 23:00 +00:00:     at Object.<anonymous> (/usr/local/lib/node_modules/pm2/lib/ProcessContainerFork.js:33:23)
2025-03-07 23:00 +00:00:     at Module._compile (node:internal/modules/cjs/loader:1469:14)
2025-03-07 23:00 +00:00:     at Module._extensions..js (node:internal/modules/cjs/loader:1548:10)
2025-03-07 23:00 +00:00:     at Module.load (node:internal/modules/cjs/loader:1288:32)
2025-03-07 23:00 +00:00:     at Module._load (node:internal/modules/cjs/loader:1104:12)
2025-03-07 23:00 +00:00: [2025-03-07T23:00:27.977Z] [AI-WARROOM] [WARN] OpenRouter API key not provided. AI agents will not be available.
2025-03-07 23:00 +00:00: [2025-03-07T23:00:27.981Z] [AI-WARROOM] [ERROR] Static path does not exist: /root/code-server/dist/node/src/browser/pages
2025-03-07 23:00 +00:00: TypeError: Application.start is not a function
2025-03-07 23:00 +00:00:     at Object.<anonymous> (/root/code-server/dist/node/server.js:83:13)
2025-03-07 23:00 +00:00:     at Module._compile (node:internal/modules/cjs/loader:1469:14)
2025-03-07 23:00 +00:00:     at Module._extensions..js (node:internal/modules/cjs/loader:1548:10)
2025-03-07 23:00 +00:00:     at Module.load (node:internal/modules/cjs/loader:1288:32)
2025-03-07 23:00 +00:00:     at Module._load (node:internal/modules/cjs/loader:1104:12)
2025-03-07 23:00 +00:00:     at Object.<anonymous> (/usr/local/lib/node_modules/pm2/lib/ProcessContainerFork.js:33:23)
2025-03-07 23:00 +00:00:     at Module._compile (node:internal/modules/cjs/loader:1469:14)
2025-03-07 23:00 +00:00:     at Module._extensions..js (node:internal/modules/cjs/loader:1548:10)
2025-03-07 23:00 +00:00:     at Module.load (node:internal/modules/cjs/loader:1288:32)
2025-03-07 23:00 +00:00:     at Module._load (node:internal/modules/cjs/loader:1104:12)
2025-03-07 23:00 +00:00: [2025-03-07T23:00:28.555Z] [AI-WARROOM] [WARN] OpenRouter API key not provided. AI agents will not be available.
2025-03-07 23:00 +00:00: [2025-03-07T23:00:28.561Z] [AI-WARROOM] [ERROR] Static path does not exist: /root/code-server/dist/node/src/browser/pages
2025-03-07 23:00 +00:00: TypeError: Application.start is not a function
2025-03-07 23:00 +00:00:     at Object.<anonymous> (/root/code-server/dist/node/server.js:83:13)
2025-03-07 23:00 +00:00:     at Module._compile (node:internal/modules/cjs/loader:1469:14)
2025-03-07 23:00 +00:00:     at Module._extensions..js (node:internal/modules/cjs/loader:1548:10)
2025-03-07 23:00 +00:00:     at Module.load (node:internal/modules/cjs/loader:1288:32)
2025-03-07 23:00 +00:00:     at Module._load (node:internal/modules/cjs/loader:1104:12)
2025-03-07 23:00 +00:00:     at Object.<anonymous> (/usr/local/lib/node_modules/pm2/lib/ProcessContainerFork.js:33:23)
2025-03-07 23:00 +00:00:     at Module._compile (node:internal/modules/cjs/loader:1469:14)
2025-03-07 23:00 +00:00:     at Module._extensions..js (node:internal/modules/cjs/loader:1548:10)
2025-03-07 23:00 +00:00:     at Module.load (node:internal/modules/cjs/loader:1288:32)
2025-03-07 23:00 +00:00:     at Module._load (node:internal/modules/cjs/loader:1104:12)
2025-03-07 23:00 +00:00: [2025-03-07T23:00:29.139Z] [AI-WARROOM] [WARN] OpenRouter API key not provided. AI agents will not be available.
2025-03-07 23:00 +00:00: [2025-03-07T23:00:29.143Z] [AI-WARROOM] [ERROR] Static path does not exist: /root/code-server/dist/node/src/browser/pages
2025-03-07 23:00 +00:00: TypeError: Application.start is not a function
2025-03-07 23:00 +00:00:     at Object.<anonymous> (/root/code-server/dist/node/server.js:83:13)
2025-03-07 23:00 +00:00:     at Module._compile (node:internal/modules/cjs/loader:1469:14)
2025-03-07 23:00 +00:00:     at Module._extensions..js (node:internal/modules/cjs/loader:1548:10)
2025-03-07 23:00 +00:00:     at Module.load (node:internal/modules/cjs/loader:1288:32)
2025-03-07 23:00 +00:00:     at Module._load (node:internal/modules/cjs/loader:1104:12)
2025-03-07 23:00 +00:00:     at Object.<anonymous> (/usr/local/lib/node_modules/pm2/lib/ProcessContainerFork.js:33:23)
2025-03-07 23:00 +00:00:     at Module._compile (node:internal/modules/cjs/loader:1469:14)
2025-03-07 23:00 +00:00:     at Module._extensions..js (node:internal/modules/cjs/loader:1548:10)
2025-03-07 23:00 +00:00:     at Module.load (node:internal/modules/cjs/loader:1288:32)
2025-03-07 23:00 +00:00:     at Module._load (node:internal/modules/cjs/loader:1104:12)
2025-03-07 23:00 +00:00: [2025-03-07T23:00:29.731Z] [AI-WARROOM] [WARN] OpenRouter API key not provided. AI agents will not be available.
2025-03-07 23:00 +00:00: [2025-03-07T23:00:29.736Z] [AI-WARROOM] [ERROR] Static path does not exist: /root/code-server/dist/node/src/browser/pages
2025-03-07 23:00 +00:00: TypeError: Application.start is not a function
2025-03-07 23:00 +00:00:     at Object.<anonymous> (/root/code-server/dist/node/server.js:83:13)
2025-03-07 23:00 +00:00:     at Module._compile (node:internal/modules/cjs/loader:1469:14)
2025-03-07 23:00 +00:00:     at Module._extensions..js (node:internal/modules/cjs/loader:1548:10)
2025-03-07 23:00 +00:00:     at Module.load (node:internal/modules/cjs/loader:1288:32)
2025-03-07 23:00 +00:00:     at Module._load (node:internal/modules/cjs/loader:1104:12)
2025-03-07 23:00 +00:00:     at Object.<anonymous> (/usr/local/lib/node_modules/pm2/lib/ProcessContainerFork.js:33:23)
2025-03-07 23:00 +00:00:     at Module._compile (node:internal/modules/cjs/loader:1469:14)
2025-03-07 23:00 +00:00:     at Module._extensions..js (node:internal/modules/cjs/loader:1548:10)
2025-03-07 23:00 +00:00:     at Module.load (node:internal/modules/cjs/loader:1288:32)
2025-03-07 23:00 +00:00:     at Module._load (node:internal/modules/cjs/loader:1104:12)
2025-03-07 23:00 +00:00: [2025-03-07T23:00:30.337Z] [AI-WARROOM] [WARN] OpenRouter API key not provided. AI agents will not be available.
2025-03-07 23:00 +00:00: [2025-03-07T23:00:30.355Z] [AI-WARROOM] [ERROR] Static path does not exist: /root/code-server/dist/node/src/browser/pages
2025-03-07 23:00 +00:00: TypeError: Application.start is not a function
2025-03-07 23:00 +00:00:     at Object.<anonymous> (/root/code-server/dist/node/server.js:83:13)
2025-03-07 23:00 +00:00:     at Module._compile (node:internal/modules/cjs/loader:1469:14)
2025-03-07 23:00 +00:00:     at Module._extensions..js (node:internal/modules/cjs/loader:1548:10)
2025-03-07 23:00 +00:00:     at Module.load (node:internal/modules/cjs/loader:1288:32)
2025-03-07 23:00 +00:00:     at Module._load (node:internal/modules/cjs/loader:1104:12)
2025-03-07 23:00 +00:00:     at Object.<anonymous> (/usr/local/lib/node_modules/pm2/lib/ProcessContainerFork.js:33:23)
2025-03-07 23:00 +00:00:     at Module._compile (node:internal/modules/cjs/loader:1469:14)
2025-03-07 23:00 +00:00:     at Module._extensions..js (node:internal/modules/cjs/loader:1548:10)
2025-03-07 23:00 +00:00:     at Module.load (node:internal/modules/cjs/loader:1288:32)
2025-03-07 23:00 +00:00:     at Module._load (node:internal/modules/cjs/loader:1104:12)
2025-03-07 23:00 +00:00: [2025-03-07T23:00:30.912Z] [AI-WARROOM] [WARN] OpenRouter API key not provided. AI agents will not be available.
2025-03-07 23:00 +00:00: [2025-03-07T23:00:30.917Z] [AI-WARROOM] [ERROR] Static path does not exist: /root/code-server/dist/node/src/browser/pages
2025-03-07 23:00 +00:00: TypeError: Application.start is not a function
2025-03-07 23:00 +00:00:     at Object.<anonymous> (/root/code-server/dist/node/server.js:83:13)
2025-03-07 23:00 +00:00:     at Module._compile (node:internal/modules/cjs/loader:1469:14)
2025-03-07 23:00 +00:00:     at Module._extensions..js (node:internal/modules/cjs/loader:1548:10)
2025-03-07 23:00 +00:00:     at Module.load (node:internal/modules/cjs/loader:1288:32)
2025-03-07 23:00 +00:00:     at Module._load (node:internal/modules/cjs/loader:1104:12)
2025-03-07 23:00 +00:00:     at Object.<anonymous> (/usr/local/lib/node_modules/pm2/lib/ProcessContainerFork.js:33:23)
2025-03-07 23:00 +00:00:     at Module._compile (node:internal/modules/cjs/loader:1469:14)
2025-03-07 23:00 +00:00:     at Module._extensions..js (node:internal/modules/cjs/loader:1548:10)
2025-03-07 23:00 +00:00:     at Module.load (node:internal/modules/cjs/loader:1288:32)
2025-03-07 23:00 +00:00:     at Module._load (node:internal/modules/cjs/loader:1104:12)
2025-03-07 23:00 +00:00: [2025-03-07T23:00:31.466Z] [AI-WARROOM] [WARN] OpenRouter API key not provided. AI agents will not be available.
2025-03-07 23:00 +00:00: [2025-03-07T23:00:31.477Z] [AI-WARROOM] [ERROR] Static path does not exist: /root/code-server/dist/node/src/browser/pages
2025-03-07 23:00 +00:00: TypeError: Application.start is not a function
2025-03-07 23:00 +00:00:     at Object.<anonymous> (/root/code-server/dist/node/server.js:83:13)
2025-03-07 23:00 +00:00:     at Module._compile (node:internal/modules/cjs/loader:1469:14)
2025-03-07 23:00 +00:00:     at Module._extensions..js (node:internal/modules/cjs/loader:1548:10)
2025-03-07 23:00 +00:00:     at Module.load (node:internal/modules/cjs/loader:1288:32)
2025-03-07 23:00 +00:00:     at Module._load (node:internal/modules/cjs/loader:1104:12)
2025-03-07 23:00 +00:00:     at Object.<anonymous> (/usr/local/lib/node_modules/pm2/lib/ProcessContainerFork.js:33:23)
2025-03-07 23:00 +00:00:     at Module._compile (node:internal/modules/cjs/loader:1469:14)
2025-03-07 23:00 +00:00:     at Module._extensions..js (node:internal/modules/cjs/loader:1548:10)
2025-03-07 23:00 +00:00:     at Module.load (node:internal/modules/cjs/loader:1288:32)
2025-03-07 23:00 +00:00:     at Module._load (node:internal/modules/cjs/loader:1104:12)
2025-03-07 23:00 +00:00: [2025-03-07T23:00:32.032Z] [AI-WARROOM] [WARN] OpenRouter API key not provided. AI agents will not be available.
2025-03-07 23:00 +00:00: [2025-03-07T23:00:32.037Z] [AI-WARROOM] [ERROR] Static path does not exist: /root/code-server/dist/node/src/browser/pages
2025-03-07 23:00 +00:00: TypeError: Application.start is not a function
2025-03-07 23:00 +00:00:     at Object.<anonymous> (/root/code-server/dist/node/server.js:83:13)
2025-03-07 23:00 +00:00:     at Module._compile (node:internal/modules/cjs/loader:1469:14)
2025-03-07 23:00 +00:00:     at Module._extensions..js (node:internal/modules/cjs/loader:1548:10)
2025-03-07 23:00 +00:00:     at Module.load (node:internal/modules/cjs/loader:1288:32)
2025-03-07 23:00 +00:00:     at Module._load (node:internal/modules/cjs/loader:1104:12)
2025-03-07 23:00 +00:00:     at Object.<anonymous> (/usr/local/lib/node_modules/pm2/lib/ProcessContainerFork.js:33:23)
2025-03-07 23:00 +00:00:     at Module._compile (node:internal/modules/cjs/loader:1469:14)
2025-03-07 23:00 +00:00:     at Module._extensions..js (node:internal/modules/cjs/loader:1548:10)
2025-03-07 23:00 +00:00:     at Module.load (node:internal/modules/cjs/loader:1288:32)
2025-03-07 23:00 +00:00:     at Module._load (node:internal/modules/cjs/loader:1104:12)
2025-03-07 23:00 +00:00: [2025-03-07T23:00:32.632Z] [AI-WARROOM] [WARN] OpenRouter API key not provided. AI agents will not be available.
2025-03-07 23:00 +00:00: [2025-03-07T23:00:32.639Z] [AI-WARROOM] [ERROR] Static path does not exist: /root/code-server/dist/node/src/browser/pages
2025-03-07 23:00 +00:00: TypeError: Application.start is not a function
2025-03-07 23:00 +00:00:     at Object.<anonymous> (/root/code-server/dist/node/server.js:83:13)
2025-03-07 23:00 +00:00:     at Module._compile (node:internal/modules/cjs/loader:1469:14)
2025-03-07 23:00 +00:00:     at Module._extensions..js (node:internal/modules/cjs/loader:1548:10)
2025-03-07 23:00 +00:00:     at Module.load (node:internal/modules/cjs/loader:1288:32)
2025-03-07 23:00 +00:00:     at Module._load (node:internal/modules/cjs/loader:1104:12)
2025-03-07 23:00 +00:00:     at Object.<anonymous> (/usr/local/lib/node_modules/pm2/lib/ProcessContainerFork.js:33:23)
2025-03-07 23:00 +00:00:     at Module._compile (node:internal/modules/cjs/loader:1469:14)
2025-03-07 23:00 +00:00:     at Module._extensions..js (node:internal/modules/cjs/loader:1548:10)
2025-03-07 23:00 +00:00:     at Module.load (node:internal/modules/cjs/loader:1288:32)
2025-03-07 23:00 +00:00:     at Module._load (node:internal/modules/cjs/loader:1104:12)
2025-03-07 23:00 +00:00: [2025-03-07T23:00:33.224Z] [AI-WARROOM] [WARN] OpenRouter API key not provided. AI agents will not be available.
2025-03-07 23:00 +00:00: [2025-03-07T23:00:33.228Z] [AI-WARROOM] [ERROR] Static path does not exist: /root/code-server/dist/node/src/browser/pages
2025-03-07 23:00 +00:00: TypeError: Application.start is not a function
2025-03-07 23:00 +00:00:     at Object.<anonymous> (/root/code-server/dist/node/server.js:83:13)
2025-03-07 23:00 +00:00:     at Module._compile (node:internal/modules/cjs/loader:1469:14)
2025-03-07 23:00 +00:00:     at Module._extensions..js (node:internal/modules/cjs/loader:1548:10)
2025-03-07 23:00 +00:00:     at Module.load (node:internal/modules/cjs/loader:1288:32)
2025-03-07 23:00 +00:00:     at Module._load (node:internal/modules/cjs/loader:1104:12)
2025-03-07 23:00 +00:00:     at Object.<anonymous> (/usr/local/lib/node_modules/pm2/lib/ProcessContainerFork.js:33:23)
2025-03-07 23:00 +00:00:     at Module._compile (node:internal/modules/cjs/loader:1469:14)
2025-03-07 23:00 +00:00:     at Module._extensions..js (node:internal/modules/cjs/loader:1548:10)
2025-03-07 23:00 +00:00:     at Module.load (node:internal/modules/cjs/loader:1288:32)
2025-03-07 23:00 +00:00:     at Module._load (node:internal/modules/cjs/loader:1104:12)
2025-03-07 23:00 +00:00: [2025-03-07T23:00:33.823Z] [AI-WARROOM] [WARN] OpenRouter API key not provided. AI agents will not be available.
2025-03-07 23:00 +00:00: [2025-03-07T23:00:33.836Z] [AI-WARROOM] [ERROR] Static path does not exist: /root/code-server/dist/node/src/browser/pages
2025-03-07 23:00 +00:00: TypeError: Application.start is not a function
2025-03-07 23:00 +00:00:     at Object.<anonymous> (/root/code-server/dist/node/server.js:83:13)
2025-03-07 23:00 +00:00:     at Module._compile (node:internal/modules/cjs/loader:1469:14)
2025-03-07 23:00 +00:00:     at Module._extensions..js (node:internal/modules/cjs/loader:1548:10)
2025-03-07 23:00 +00:00:     at Module.load (node:internal/modules/cjs/loader:1288:32)
2025-03-07 23:00 +00:00:     at Module._load (node:internal/modules/cjs/loader:1104:12)
2025-03-07 23:00 +00:00:     at Object.<anonymous> (/usr/local/lib/node_modules/pm2/lib/ProcessContainerFork.js:33:23)
2025-03-07 23:00 +00:00:     at Module._compile (node:internal/modules/cjs/loader:1469:14)
2025-03-07 23:00 +00:00:     at Module._extensions..js (node:internal/modules/cjs/loader:1548:10)
2025-03-07 23:00 +00:00:     at Module.load (node:internal/modules/cjs/loader:1288:32)
2025-03-07 23:00 +00:00:     at Module._load (node:internal/modules/cjs/loader:1104:12)
2025-03-07 23:00 +00:00: [2025-03-07T23:00:34.419Z] [AI-WARROOM] [WARN] OpenRouter API key not provided. AI agents will not be available.
2025-03-07 23:00 +00:00: [2025-03-07T23:00:34.425Z] [AI-WARROOM] [ERROR] Static path does not exist: /root/code-server/dist/node/src/browser/pages
2025-03-07 23:00 +00:00: TypeError: Application.start is not a function
2025-03-07 23:00 +00:00:     at Object.<anonymous> (/root/code-server/dist/node/server.js:83:13)
2025-03-07 23:00 +00:00:     at Module._compile (node:internal/modules/cjs/loader:1469:14)
2025-03-07 23:00 +00:00:     at Module._extensions..js (node:internal/modules/cjs/loader:1548:10)
2025-03-07 23:00 +00:00:     at Module.load (node:internal/modules/cjs/loader:1288:32)
2025-03-07 23:00 +00:00:     at Module._load (node:internal/modules/cjs/loader:1104:12)
2025-03-07 23:00 +00:00:     at Object.<anonymous> (/usr/local/lib/node_modules/pm2/lib/ProcessContainerFork.js:33:23)
2025-03-07 23:00 +00:00:     at Module._compile (node:internal/modules/cjs/loader:1469:14)
2025-03-07 23:00 +00:00:     at Module._extensions..js (node:internal/modules/cjs/loader:1548:10)
2025-03-07 23:00 +00:00:     at Module.load (node:internal/modules/cjs/loader:1288:32)
2025-03-07 23:00 +00:00:     at Module._load (node:internal/modules/cjs/loader:1104:12)
2025-03-07 23:00 +00:00: [2025-03-07T23:00:35.055Z] [AI-WARROOM] [WARN] OpenRouter API key not provided. AI agents will not be available.
2025-03-07 23:00 +00:00: [2025-03-07T23:00:35.061Z] [AI-WARROOM] [ERROR] Static path does not exist: /root/code-server/dist/node/src/browser/pages
2025-03-07 23:00 +00:00: TypeError: Application.start is not a function
2025-03-07 23:00 +00:00:     at Object.<anonymous> (/root/code-server/dist/node/server.js:83:13)
2025-03-07 23:00 +00:00:     at Module._compile (node:internal/modules/cjs/loader:1469:14)
2025-03-07 23:00 +00:00:     at Module._extensions..js (node:internal/modules/cjs/loader:1548:10)
2025-03-07 23:00 +00:00:     at Module.load (node:internal/modules/cjs/loader:1288:32)
2025-03-07 23:00 +00:00:     at Module._load (node:internal/modules/cjs/loader:1104:12)
2025-03-07 23:00 +00:00:     at Object.<anonymous> (/usr/local/lib/node_modules/pm2/lib/ProcessContainerFork.js:33:23)
2025-03-07 23:00 +00:00:     at Module._compile (node:internal/modules/cjs/loader:1469:14)
2025-03-07 23:00 +00:00:     at Module._extensions..js (node:internal/modules/cjs/loader:1548:10)
2025-03-07 23:00 +00:00:     at Module.load (node:internal/modules/cjs/loader:1288:32)
2025-03-07 23:00 +00:00:     at Module._load (node:internal/modules/cjs/loader:1104:12)
2025-03-07 23:00 +00:00: [2025-03-07T23:00:35.709Z] [AI-WARROOM] [WARN] OpenRouter API key not provided. AI agents will not be available.
2025-03-07 23:00 +00:00: [2025-03-07T23:00:35.713Z] [AI-WARROOM] [ERROR] Static path does not exist: /root/code-server/dist/node/src/browser/pages
2025-03-07 23:00 +00:00: TypeError: Application.start is not a function
2025-03-07 23:00 +00:00:     at Object.<anonymous> (/root/code-server/dist/node/server.js:83:13)
2025-03-07 23:00 +00:00:     at Module._compile (node:internal/modules/cjs/loader:1469:14)
2025-03-07 23:00 +00:00:     at Module._extensions..js (node:internal/modules/cjs/loader:1548:10)
2025-03-07 23:00 +00:00:     at Module.load (node:internal/modules/cjs/loader:1288:32)
2025-03-07 23:00 +00:00:     at Module._load (node:internal/modules/cjs/loader:1104:12)
2025-03-07 23:00 +00:00:     at Object.<anonymous> (/usr/local/lib/node_modules/pm2/lib/ProcessContainerFork.js:33:23)
2025-03-07 23:00 +00:00:     at Module._compile (node:internal/modules/cjs/loader:1469:14)
2025-03-07 23:00 +00:00:     at Module._extensions..js (node:internal/modules/cjs/loader:1548:10)
2025-03-07 23:00 +00:00:     at Module.load (node:internal/modules/cjs/loader:1288:32)
2025-03-07 23:00 +00:00:     at Module._load (node:internal/modules/cjs/loader:1104:12)
2025-03-07 23:00 +00:00: [2025-03-07T23:00:36.324Z] [AI-WARROOM] [WARN] OpenRouter API key not provided. AI agents will not be available.
2025-03-07 23:00 +00:00: [2025-03-07T23:00:36.338Z] [AI-WARROOM] [ERROR] Static path does not exist: /root/code-server/dist/node/src/browser/pages
2025-03-07 23:00 +00:00: TypeError: Application.start is not a function
2025-03-07 23:00 +00:00:     at Object.<anonymous> (/root/code-server/dist/node/server.js:83:13)
2025-03-07 23:00 +00:00:     at Module._compile (node:internal/modules/cjs/loader:1469:14)
2025-03-07 23:00 +00:00:     at Module._extensions..js (node:internal/modules/cjs/loader:1548:10)
2025-03-07 23:00 +00:00:     at Module.load (node:internal/modules/cjs/loader:1288:32)
2025-03-07 23:00 +00:00:     at Module._load (node:internal/modules/cjs/loader:1104:12)
2025-03-07 23:00 +00:00:     at Object.<anonymous> (/usr/local/lib/node_modules/pm2/lib/ProcessContainerFork.js:33:23)
2025-03-07 23:00 +00:00:     at Module._compile (node:internal/modules/cjs/loader:1469:14)
2025-03-07 23:00 +00:00:     at Module._extensions..js (node:internal/modules/cjs/loader:1548:10)
2025-03-07 23:00 +00:00:     at Module.load (node:internal/modules/cjs/loader:1288:32)
2025-03-07 23:00 +00:00:     at Module._load (node:internal/modules/cjs/loader:1104:12)
2025-03-07 23:00 +00:00: [2025-03-07T23:00:37.033Z] [AI-WARROOM] [WARN] OpenRouter API key not provided. AI agents will not be available.
2025-03-07 23:00 +00:00: [2025-03-07T23:00:37.040Z] [AI-WARROOM] [ERROR] Static path does not exist: /root/code-server/dist/node/src/browser/pages
2025-03-07 23:00 +00:00: TypeError: Application.start is not a function
2025-03-07 23:00 +00:00:     at Object.<anonymous> (/root/code-server/dist/node/server.js:83:13)
2025-03-07 23:00 +00:00:     at Module._compile (node:internal/modules/cjs/loader:1469:14)
2025-03-07 23:00 +00:00:     at Module._extensions..js (node:internal/modules/cjs/loader:1548:10)
2025-03-07 23:00 +00:00:     at Module.load (node:internal/modules/cjs/loader:1288:32)
2025-03-07 23:00 +00:00:     at Module._load (node:internal/modules/cjs/loader:1104:12)
2025-03-07 23:00 +00:00:     at Object.<anonymous> (/usr/local/lib/node_modules/pm2/lib/ProcessContainerFork.js:33:23)
2025-03-07 23:00 +00:00:     at Module._compile (node:internal/modules/cjs/loader:1469:14)
2025-03-07 23:00 +00:00:     at Module._extensions..js (node:internal/modules/cjs/loader:1548:10)
2025-03-07 23:00 +00:00:     at Module.load (node:internal/modules/cjs/loader:1288:32)
2025-03-07 23:00 +00:00:     at Module._load (node:internal/modules/cjs/loader:1104:12)
2025-03-07 23:00 +00:00: [2025-03-07T23:00:37.777Z] [AI-WARROOM] [WARN] OpenRouter API key not provided. AI agents will not be available.
2025-03-07 23:00 +00:00: [2025-03-07T23:00:37.786Z] [AI-WARROOM] [ERROR] Static path does not exist: /root/code-server/dist/node/src/browser/pages
2025-03-07 23:00 +00:00: TypeError: Application.start is not a function
2025-03-07 23:00 +00:00:     at Object.<anonymous> (/root/code-server/dist/node/server.js:83:13)
2025-03-07 23:00 +00:00:     at Module._compile (node:internal/modules/cjs/loader:1469:14)
2025-03-07 23:00 +00:00:     at Module._extensions..js (node:internal/modules/cjs/loader:1548:10)
2025-03-07 23:00 +00:00:     at Module.load (node:internal/modules/cjs/loader:1288:32)
2025-03-07 23:00 +00:00:     at Module._load (node:internal/modules/cjs/loader:1104:12)
2025-03-07 23:00 +00:00:     at Object.<anonymous> (/usr/local/lib/node_modules/pm2/lib/ProcessContainerFork.js:33:23)
2025-03-07 23:00 +00:00:     at Module._compile (node:internal/modules/cjs/loader:1469:14)
2025-03-07 23:00 +00:00:     at Module._extensions..js (node:internal/modules/cjs/loader:1548:10)
2025-03-07 23:00 +00:00:     at Module.load (node:internal/modules/cjs/loader:1288:32)
2025-03-07 23:00 +00:00:     at Module._load (node:internal/modules/cjs/loader:1104:12)
2025-03-07 23:00 +00:00: [2025-03-07T23:00:38.354Z] [AI-WARROOM] [WARN] OpenRouter API key not provided. AI agents will not be available.
2025-03-07 23:00 +00:00: [2025-03-07T23:00:38.366Z] [AI-WARROOM] [ERROR] Static path does not exist: /root/code-server/dist/node/src/browser/pages
2025-03-07 23:00 +00:00: TypeError: Application.start is not a function
2025-03-07 23:00 +00:00:     at Object.<anonymous> (/root/code-server/dist/node/server.js:83:13)
2025-03-07 23:00 +00:00:     at Module._compile (node:internal/modules/cjs/loader:1469:14)
2025-03-07 23:00 +00:00:     at Module._extensions..js (node:internal/modules/cjs/loader:1548:10)
2025-03-07 23:00 +00:00:     at Module.load (node:internal/modules/cjs/loader:1288:32)
2025-03-07 23:00 +00:00:     at Module._load (node:internal/modules/cjs/loader:1104:12)
2025-03-07 23:00 +00:00:     at Object.<anonymous> (/usr/local/lib/node_modules/pm2/lib/ProcessContainerFork.js:33:23)
2025-03-07 23:00 +00:00:     at Module._compile (node:internal/modules/cjs/loader:1469:14)
2025-03-07 23:00 +00:00:     at Module._extensions..js (node:internal/modules/cjs/loader:1548:10)
2025-03-07 23:00 +00:00:     at Module.load (node:internal/modules/cjs/loader:1288:32)
2025-03-07 23:00 +00:00:     at Module._load (node:internal/modules/cjs/loader:1104:12)
2025-03-07 23:00 +00:00: [2025-03-07T23:00:38.954Z] [AI-WARROOM] [WARN] OpenRouter API key not provided. AI agents will not be available.
2025-03-07 23:00 +00:00: [2025-03-07T23:00:38.963Z] [AI-WARROOM] [ERROR] Static path does not exist: /root/code-server/dist/node/src/browser/pages
2025-03-07 23:00 +00:00: TypeError: Application.start is not a function
2025-03-07 23:00 +00:00:     at Object.<anonymous> (/root/code-server/dist/node/server.js:83:13)
2025-03-07 23:00 +00:00:     at Module._compile (node:internal/modules/cjs/loader:1469:14)
2025-03-07 23:00 +00:00:     at Module._extensions..js (node:internal/modules/cjs/loader:1548:10)
2025-03-07 23:00 +00:00:     at Module.load (node:internal/modules/cjs/loader:1288:32)
2025-03-07 23:00 +00:00:     at Module._load (node:internal/modules/cjs/loader:1104:12)
2025-03-07 23:00 +00:00:     at Object.<anonymous> (/usr/local/lib/node_modules/pm2/lib/ProcessContainerFork.js:33:23)
2025-03-07 23:00 +00:00:     at Module._compile (node:internal/modules/cjs/loader:1469:14)
2025-03-07 23:00 +00:00:     at Module._extensions..js (node:internal/modules/cjs/loader:1548:10)
2025-03-07 23:00 +00:00:     at Module.load (node:internal/modules/cjs/loader:1288:32)
2025-03-07 23:00 +00:00:     at Module._load (node:internal/modules/cjs/loader:1104:12)
2025-03-07 23:00 +00:00: [2025-03-07T23:00:39.521Z] [AI-WARROOM] [WARN] OpenRouter API key not provided. AI agents will not be available.
2025-03-07 23:00 +00:00: [2025-03-07T23:00:39.527Z] [AI-WARROOM] [ERROR] Static path does not exist: /root/code-server/dist/node/src/browser/pages
2025-03-07 23:00 +00:00: TypeError: Application.start is not a function
2025-03-07 23:00 +00:00:     at Object.<anonymous> (/root/code-server/dist/node/server.js:83:13)
2025-03-07 23:00 +00:00:     at Module._compile (node:internal/modules/cjs/loader:1469:14)
2025-03-07 23:00 +00:00:     at Module._extensions..js (node:internal/modules/cjs/loader:1548:10)
2025-03-07 23:00 +00:00:     at Module.load (node:internal/modules/cjs/loader:1288:32)
2025-03-07 23:00 +00:00:     at Module._load (node:internal/modules/cjs/loader:1104:12)
2025-03-07 23:00 +00:00:     at Object.<anonymous> (/usr/local/lib/node_modules/pm2/lib/ProcessContainerFork.js:33:23)
2025-03-07 23:00 +00:00:     at Module._compile (node:internal/modules/cjs/loader:1469:14)
2025-03-07 23:00 +00:00:     at Module._extensions..js (node:internal/modules/cjs/loader:1548:10)
2025-03-07 23:00 +00:00:     at Module.load (node:internal/modules/cjs/loader:1288:32)
2025-03-07 23:00 +00:00:     at Module._load (node:internal/modules/cjs/loader:1104:12)
2025-03-07 23:00 +00:00: [2025-03-07T23:00:40.095Z] [AI-WARROOM] [WARN] OpenRouter API key not provided. AI agents will not be available.
2025-03-07 23:00 +00:00: [2025-03-07T23:00:40.100Z] [AI-WARROOM] [ERROR] Static path does not exist: /root/code-server/dist/node/src/browser/pages
2025-03-07 23:00 +00:00: TypeError: Application.start is not a function
2025-03-07 23:00 +00:00:     at Object.<anonymous> (/root/code-server/dist/node/server.js:83:13)
2025-03-07 23:00 +00:00:     at Module._compile (node:internal/modules/cjs/loader:1469:14)
2025-03-07 23:00 +00:00:     at Module._extensions..js (node:internal/modules/cjs/loader:1548:10)
2025-03-07 23:00 +00:00:     at Module.load (node:internal/modules/cjs/loader:1288:32)
2025-03-07 23:00 +00:00:     at Module._load (node:internal/modules/cjs/loader:1104:12)
2025-03-07 23:00 +00:00:     at Object.<anonymous> (/usr/local/lib/node_modules/pm2/lib/ProcessContainerFork.js:33:23)
2025-03-07 23:00 +00:00:     at Module._compile (node:internal/modules/cjs/loader:1469:14)
2025-03-07 23:00 +00:00:     at Module._extensions..js (node:internal/modules/cjs/loader:1548:10)
2025-03-07 23:00 +00:00:     at Module.load (node:internal/modules/cjs/loader:1288:32)
2025-03-07 23:00 +00:00:     at Module._load (node:internal/modules/cjs/loader:1104:12)
2025-03-07 23:00 +00:00: [2025-03-07T23:00:40.664Z] [AI-WARROOM] [WARN] OpenRouter API key not provided. AI agents will not be available.
2025-03-07 23:00 +00:00: [2025-03-07T23:00:40.667Z] [AI-WARROOM] [ERROR] Static path does not exist: /root/code-server/dist/node/src/browser/pages
2025-03-07 23:00 +00:00: TypeError: Application.start is not a function
2025-03-07 23:00 +00:00:     at Object.<anonymous> (/root/code-server/dist/node/server.js:83:13)
2025-03-07 23:00 +00:00:     at Module._compile (node:internal/modules/cjs/loader:1469:14)
2025-03-07 23:00 +00:00:     at Module._extensions..js (node:internal/modules/cjs/loader:1548:10)
2025-03-07 23:00 +00:00:     at Module.load (node:internal/modules/cjs/loader:1288:32)
2025-03-07 23:00 +00:00:     at Module._load (node:internal/modules/cjs/loader:1104:12)
2025-03-07 23:00 +00:00:     at Object.<anonymous> (/usr/local/lib/node_modules/pm2/lib/ProcessContainerFork.js:33:23)
2025-03-07 23:00 +00:00:     at Module._compile (node:internal/modules/cjs/loader:1469:14)
2025-03-07 23:00 +00:00:     at Module._extensions..js (node:internal/modules/cjs/loader:1548:10)
2025-03-07 23:00 +00:00:     at Module.load (node:internal/modules/cjs/loader:1288:32)
2025-03-07 23:00 +00:00:     at Module._load (node:internal/modules/cjs/loader:1104:12)
2025-03-07 23:00 +00:00: [2025-03-07T23:00:41.253Z] [AI-WARROOM] [WARN] OpenRouter API key not provided. AI agents will not be available.
2025-03-07 23:00 +00:00: [2025-03-07T23:00:41.257Z] [AI-WARROOM] [ERROR] Static path does not exist: /root/code-server/dist/node/src/browser/pages
2025-03-07 23:00 +00:00: TypeError: Application.start is not a function
2025-03-07 23:00 +00:00:     at Object.<anonymous> (/root/code-server/dist/node/server.js:83:13)
2025-03-07 23:00 +00:00:     at Module._compile (node:internal/modules/cjs/loader:1469:14)
2025-03-07 23:00 +00:00:     at Module._extensions..js (node:internal/modules/cjs/loader:1548:10)
2025-03-07 23:00 +00:00:     at Module.load (node:internal/modules/cjs/loader:1288:32)
2025-03-07 23:00 +00:00:     at Module._load (node:internal/modules/cjs/loader:1104:12)
2025-03-07 23:00 +00:00:     at Object.<anonymous> (/usr/local/lib/node_modules/pm2/lib/ProcessContainerFork.js:33:23)
2025-03-07 23:00 +00:00:     at Module._compile (node:internal/modules/cjs/loader:1469:14)
2025-03-07 23:00 +00:00:     at Module._extensions..js (node:internal/modules/cjs/loader:1548:10)
2025-03-07 23:00 +00:00:     at Module.load (node:internal/modules/cjs/loader:1288:32)
2025-03-07 23:00 +00:00:     at Module._load (node:internal/modules/cjs/loader:1104:12)
2025-03-07 23:00 +00:00: [2025-03-07T23:00:41.792Z] [AI-WARROOM] [WARN] OpenRouter API key not provided. AI agents will not be available.
2025-03-07 23:00 +00:00: [2025-03-07T23:00:41.797Z] [AI-WARROOM] [ERROR] Static path does not exist: /root/code-server/dist/node/src/browser/pages
2025-03-07 23:00 +00:00: TypeError: Application.start is not a function
2025-03-07 23:00 +00:00:     at Object.<anonymous> (/root/code-server/dist/node/server.js:83:13)
2025-03-07 23:00 +00:00:     at Module._compile (node:internal/modules/cjs/loader:1469:14)
2025-03-07 23:00 +00:00:     at Module._extensions..js (node:internal/modules/cjs/loader:1548:10)
2025-03-07 23:00 +00:00:     at Module.load (node:internal/modules/cjs/loader:1288:32)
2025-03-07 23:00 +00:00:     at Module._load (node:internal/modules/cjs/loader:1104:12)
2025-03-07 23:00 +00:00:     at Object.<anonymous> (/usr/local/lib/node_modules/pm2/lib/ProcessContainerFork.js:33:23)
2025-03-07 23:00 +00:00:     at Module._compile (node:internal/modules/cjs/loader:1469:14)
2025-03-07 23:00 +00:00:     at Module._extensions..js (node:internal/modules/cjs/loader:1548:10)
2025-03-07 23:00 +00:00:     at Module.load (node:internal/modules/cjs/loader:1288:32)
2025-03-07 23:00 +00:00:     at Module._load (node:internal/modules/cjs/loader:1104:12)
2025-03-07 23:00 +00:00: [2025-03-07T23:00:42.411Z] [AI-WARROOM] [WARN] OpenRouter API key not provided. AI agents will not be available.
2025-03-07 23:00 +00:00: [2025-03-07T23:00:42.416Z] [AI-WARROOM] [ERROR] Static path does not exist: /root/code-server/dist/node/src/browser/pages
2025-03-07 23:00 +00:00: TypeError: Application.start is not a function
2025-03-07 23:00 +00:00:     at Object.<anonymous> (/root/code-server/dist/node/server.js:83:13)
2025-03-07 23:00 +00:00:     at Module._compile (node:internal/modules/cjs/loader:1469:14)
2025-03-07 23:00 +00:00:     at Module._extensions..js (node:internal/modules/cjs/loader:1548:10)
2025-03-07 23:00 +00:00:     at Module.load (node:internal/modules/cjs/loader:1288:32)
2025-03-07 23:00 +00:00:     at Module._load (node:internal/modules/cjs/loader:1104:12)
2025-03-07 23:00 +00:00:     at Object.<anonymous> (/usr/local/lib/node_modules/pm2/lib/ProcessContainerFork.js:33:23)
2025-03-07 23:00 +00:00:     at Module._compile (node:internal/modules/cjs/loader:1469:14)
2025-03-07 23:00 +00:00:     at Module._extensions..js (node:internal/modules/cjs/loader:1548:10)
2025-03-07 23:00 +00:00:     at Module.load (node:internal/modules/cjs/loader:1288:32)
2025-03-07 23:00 +00:00:     at Module._load (node:internal/modules/cjs/loader:1104:12)
2025-03-07 23:00 +00:00: [2025-03-07T23:00:42.976Z] [AI-WARROOM] [WARN] OpenRouter API key not provided. AI agents will not be available.
2025-03-07 23:00 +00:00: [2025-03-07T23:00:42.986Z] [AI-WARROOM] [ERROR] Static path does not exist: /root/code-server/dist/node/src/browser/pages
2025-03-07 23:00 +00:00: TypeError: Application.start is not a function
2025-03-07 23:00 +00:00:     at Object.<anonymous> (/root/code-server/dist/node/server.js:83:13)
2025-03-07 23:00 +00:00:     at Module._compile (node:internal/modules/cjs/loader:1469:14)
2025-03-07 23:00 +00:00:     at Module._extensions..js (node:internal/modules/cjs/loader:1548:10)
2025-03-07 23:00 +00:00:     at Module.load (node:internal/modules/cjs/loader:1288:32)
2025-03-07 23:00 +00:00:     at Module._load (node:internal/modules/cjs/loader:1104:12)
2025-03-07 23:00 +00:00:     at Object.<anonymous> (/usr/local/lib/node_modules/pm2/lib/ProcessContainerFork.js:33:23)
2025-03-07 23:00 +00:00:     at Module._compile (node:internal/modules/cjs/loader:1469:14)
2025-03-07 23:00 +00:00:     at Module._extensions..js (node:internal/modules/cjs/loader:1548:10)
2025-03-07 23:00 +00:00:     at Module.load (node:internal/modules/cjs/loader:1288:32)
2025-03-07 23:00 +00:00:     at Module._load (node:internal/modules/cjs/loader:1104:12)
2025-03-07 23:00 +00:00: [2025-03-07T23:00:43.598Z] [AI-WARROOM] [WARN] OpenRouter API key not provided. AI agents will not be available.
2025-03-07 23:00 +00:00: [2025-03-07T23:00:43.603Z] [AI-WARROOM] [ERROR] Static path does not exist: /root/code-server/dist/node/src/browser/pages
2025-03-07 23:00 +00:00: TypeError: Application.start is not a function
2025-03-07 23:00 +00:00:     at Object.<anonymous> (/root/code-server/dist/node/server.js:83:13)
2025-03-07 23:00 +00:00:     at Module._compile (node:internal/modules/cjs/loader:1469:14)
2025-03-07 23:00 +00:00:     at Module._extensions..js (node:internal/modules/cjs/loader:1548:10)
2025-03-07 23:00 +00:00:     at Module.load (node:internal/modules/cjs/loader:1288:32)
2025-03-07 23:00 +00:00:     at Module._load (node:internal/modules/cjs/loader:1104:12)
2025-03-07 23:00 +00:00:     at Object.<anonymous> (/usr/local/lib/node_modules/pm2/lib/ProcessContainerFork.js:33:23)
2025-03-07 23:00 +00:00:     at Module._compile (node:internal/modules/cjs/loader:1469:14)
2025-03-07 23:00 +00:00:     at Module._extensions..js (node:internal/modules/cjs/loader:1548:10)
2025-03-07 23:00 +00:00:     at Module.load (node:internal/modules/cjs/loader:1288:32)
2025-03-07 23:00 +00:00:     at Module._load (node:internal/modules/cjs/loader:1104:12)
2025-03-07 23:00 +00:00: [2025-03-07T23:00:44.219Z] [AI-WARROOM] [WARN] OpenRouter API key not provided. AI agents will not be available.
2025-03-07 23:00 +00:00: [2025-03-07T23:00:44.224Z] [AI-WARROOM] [ERROR] Static path does not exist: /root/code-server/dist/node/src/browser/pages
2025-03-07 23:00 +00:00: TypeError: Application.start is not a function
2025-03-07 23:00 +00:00:     at Object.<anonymous> (/root/code-server/dist/node/server.js:83:13)
2025-03-07 23:00 +00:00:     at Module._compile (node:internal/modules/cjs/loader:1469:14)
2025-03-07 23:00 +00:00:     at Module._extensions..js (node:internal/modules/cjs/loader:1548:10)
2025-03-07 23:00 +00:00:     at Module.load (node:internal/modules/cjs/loader:1288:32)
2025-03-07 23:00 +00:00:     at Module._load (node:internal/modules/cjs/loader:1104:12)
2025-03-07 23:00 +00:00:     at Object.<anonymous> (/usr/local/lib/node_modules/pm2/lib/ProcessContainerFork.js:33:23)
2025-03-07 23:00 +00:00:     at Module._compile (node:internal/modules/cjs/loader:1469:14)
2025-03-07 23:00 +00:00:     at Module._extensions..js (node:internal/modules/cjs/loader:1548:10)
2025-03-07 23:00 +00:00:     at Module.load (node:internal/modules/cjs/loader:1288:32)
2025-03-07 23:00 +00:00:     at Module._load (node:internal/modules/cjs/loader:1104:12)
2025-03-07 23:00 +00:00: [2025-03-07T23:00:44.835Z] [AI-WARROOM] [WARN] OpenRouter API key not provided. AI agents will not be available.
2025-03-07 23:00 +00:00: [2025-03-07T23:00:44.841Z] [AI-WARROOM] [ERROR] Static path does not exist: /root/code-server/dist/node/src/browser/pages
2025-03-07 23:00 +00:00: TypeError: Application.start is not a function
2025-03-07 23:00 +00:00:     at Object.<anonymous> (/root/code-server/dist/node/server.js:83:13)
2025-03-07 23:00 +00:00:     at Module._compile (node:internal/modules/cjs/loader:1469:14)
2025-03-07 23:00 +00:00:     at Module._extensions..js (node:internal/modules/cjs/loader:1548:10)
2025-03-07 23:00 +00:00:     at Module.load (node:internal/modules/cjs/loader:1288:32)
2025-03-07 23:00 +00:00:     at Module._load (node:internal/modules/cjs/loader:1104:12)
2025-03-07 23:00 +00:00:     at Object.<anonymous> (/usr/local/lib/node_modules/pm2/lib/ProcessContainerFork.js:33:23)
2025-03-07 23:00 +00:00:     at Module._compile (node:internal/modules/cjs/loader:1469:14)
2025-03-07 23:00 +00:00:     at Module._extensions..js (node:internal/modules/cjs/loader:1548:10)
2025-03-07 23:00 +00:00:     at Module.load (node:internal/modules/cjs/loader:1288:32)
2025-03-07 23:00 +00:00:     at Module._load (node:internal/modules/cjs/loader:1104:12)
2025-03-07 23:00 +00:00: [2025-03-07T23:00:45.431Z] [AI-WARROOM] [WARN] OpenRouter API key not provided. AI agents will not be available.
2025-03-07 23:00 +00:00: [2025-03-07T23:00:45.439Z] [AI-WARROOM] [ERROR] Static path does not exist: /root/code-server/dist/node/src/browser/pages
2025-03-07 23:00 +00:00: TypeError: Application.start is not a function
2025-03-07 23:00 +00:00:     at Object.<anonymous> (/root/code-server/dist/node/server.js:83:13)
2025-03-07 23:00 +00:00:     at Module._compile (node:internal/modules/cjs/loader:1469:14)
2025-03-07 23:00 +00:00:     at Module._extensions..js (node:internal/modules/cjs/loader:1548:10)
2025-03-07 23:00 +00:00:     at Module.load (node:internal/modules/cjs/loader:1288:32)
2025-03-07 23:00 +00:00:     at Module._load (node:internal/modules/cjs/loader:1104:12)
2025-03-07 23:00 +00:00:     at Object.<anonymous> (/usr/local/lib/node_modules/pm2/lib/ProcessContainerFork.js:33:23)
2025-03-07 23:00 +00:00:     at Module._compile (node:internal/modules/cjs/loader:1469:14)
2025-03-07 23:00 +00:00:     at Module._extensions..js (node:internal/modules/cjs/loader:1548:10)
2025-03-07 23:00 +00:00:     at Module.load (node:internal/modules/cjs/loader:1288:32)
2025-03-07 23:00 +00:00:     at Module._load (node:internal/modules/cjs/loader:1104:12)
2025-03-07 23:00 +00:00: [2025-03-07T23:00:46.023Z] [AI-WARROOM] [WARN] OpenRouter API key not provided. AI agents will not be available.
2025-03-07 23:00 +00:00: [2025-03-07T23:00:46.036Z] [AI-WARROOM] [ERROR] Static path does not exist: /root/code-server/dist/node/src/browser/pages
2025-03-07 23:00 +00:00: TypeError: Application.start is not a function
2025-03-07 23:00 +00:00:     at Object.<anonymous> (/root/code-server/dist/node/server.js:83:13)
2025-03-07 23:00 +00:00:     at Module._compile (node:internal/modules/cjs/loader:1469:14)
2025-03-07 23:00 +00:00:     at Module._extensions..js (node:internal/modules/cjs/loader:1548:10)
2025-03-07 23:00 +00:00:     at Module.load (node:internal/modules/cjs/loader:1288:32)
2025-03-07 23:00 +00:00:     at Module._load (node:internal/modules/cjs/loader:1104:12)
2025-03-07 23:00 +00:00:     at Object.<anonymous> (/usr/local/lib/node_modules/pm2/lib/ProcessContainerFork.js:33:23)
2025-03-07 23:00 +00:00:     at Module._compile (node:internal/modules/cjs/loader:1469:14)
2025-03-07 23:00 +00:00:     at Module._extensions..js (node:internal/modules/cjs/loader:1548:10)
2025-03-07 23:00 +00:00:     at Module.load (node:internal/modules/cjs/loader:1288:32)
2025-03-07 23:00 +00:00:     at Module._load (node:internal/modules/cjs/loader:1104:12)
2025-03-07 23:00 +00:00: [2025-03-07T23:00:46.591Z] [AI-WARROOM] [WARN] OpenRouter API key not provided. AI agents will not be available.
2025-03-07 23:00 +00:00: [2025-03-07T23:00:46.595Z] [AI-WARROOM] [ERROR] Static path does not exist: /root/code-server/dist/node/src/browser/pages
2025-03-07 23:00 +00:00: TypeError: Application.start is not a function
2025-03-07 23:00 +00:00:     at Object.<anonymous> (/root/code-server/dist/node/server.js:83:13)
2025-03-07 23:00 +00:00:     at Module._compile (node:internal/modules/cjs/loader:1469:14)
2025-03-07 23:00 +00:00:     at Module._extensions..js (node:internal/modules/cjs/loader:1548:10)
2025-03-07 23:00 +00:00:     at Module.load (node:internal/modules/cjs/loader:1288:32)
2025-03-07 23:00 +00:00:     at Module._load (node:internal/modules/cjs/loader:1104:12)
2025-03-07 23:00 +00:00:     at Object.<anonymous> (/usr/local/lib/node_modules/pm2/lib/ProcessContainerFork.js:33:23)
2025-03-07 23:00 +00:00:     at Module._compile (node:internal/modules/cjs/loader:1469:14)
2025-03-07 23:00 +00:00:     at Module._extensions..js (node:internal/modules/cjs/loader:1548:10)
2025-03-07 23:00 +00:00:     at Module.load (node:internal/modules/cjs/loader:1288:32)
2025-03-07 23:00 +00:00:     at Module._load (node:internal/modules/cjs/loader:1104:12)
2025-03-07 23:00 +00:00: [2025-03-07T23:00:47.465Z] [AI-WARROOM] [WARN] OpenRouter API key not provided. AI agents will not be available.
2025-03-07 23:00 +00:00: [2025-03-07T23:00:47.474Z] [AI-WARROOM] [ERROR] Static path does not exist: /root/code-server/dist/node/src/browser/pages
2025-03-07 23:00 +00:00: TypeError: Application.start is not a function
2025-03-07 23:00 +00:00:     at Object.<anonymous> (/root/code-server/dist/node/server.js:83:13)
2025-03-07 23:00 +00:00:     at Module._compile (node:internal/modules/cjs/loader:1469:14)
2025-03-07 23:00 +00:00:     at Module._extensions..js (node:internal/modules/cjs/loader:1548:10)
2025-03-07 23:00 +00:00:     at Module.load (node:internal/modules/cjs/loader:1288:32)
2025-03-07 23:00 +00:00:     at Module._load (node:internal/modules/cjs/loader:1104:12)
2025-03-07 23:00 +00:00:     at Object.<anonymous> (/usr/local/lib/node_modules/pm2/lib/ProcessContainerFork.js:33:23)
2025-03-07 23:00 +00:00:     at Module._compile (node:internal/modules/cjs/loader:1469:14)
2025-03-07 23:00 +00:00:     at Module._extensions..js (node:internal/modules/cjs/loader:1548:10)
2025-03-07 23:00 +00:00:     at Module.load (node:internal/modules/cjs/loader:1288:32)
2025-03-07 23:00 +00:00:     at Module._load (node:internal/modules/cjs/loader:1104:12)
2025-03-07 23:00 +00:00: [2025-03-07T23:00:48.216Z] [AI-WARROOM] [WARN] OpenRouter API key not provided. AI agents will not be available.
2025-03-07 23:00 +00:00: [2025-03-07T23:00:48.222Z] [AI-WARROOM] [ERROR] Static path does not exist: /root/code-server/dist/node/src/browser/pages
2025-03-07 23:00 +00:00: TypeError: Application.start is not a function
2025-03-07 23:00 +00:00:     at Object.<anonymous> (/root/code-server/dist/node/server.js:83:13)
2025-03-07 23:00 +00:00:     at Module._compile (node:internal/modules/cjs/loader:1469:14)
2025-03-07 23:00 +00:00:     at Module._extensions..js (node:internal/modules/cjs/loader:1548:10)
2025-03-07 23:00 +00:00:     at Module.load (node:internal/modules/cjs/loader:1288:32)
2025-03-07 23:00 +00:00:     at Module._load (node:internal/modules/cjs/loader:1104:12)
2025-03-07 23:00 +00:00:     at Object.<anonymous> (/usr/local/lib/node_modules/pm2/lib/ProcessContainerFork.js:33:23)
2025-03-07 23:00 +00:00:     at Module._compile (node:internal/modules/cjs/loader:1469:14)
2025-03-07 23:00 +00:00:     at Module._extensions..js (node:internal/modules/cjs/loader:1548:10)
2025-03-07 23:00 +00:00:     at Module.load (node:internal/modules/cjs/loader:1288:32)
2025-03-07 23:00 +00:00:     at Module._load (node:internal/modules/cjs/loader:1104:12)
2025-03-07 23:00 +00:00: [2025-03-07T23:00:48.839Z] [AI-WARROOM] [WARN] OpenRouter API key not provided. AI agents will not be available.
2025-03-07 23:00 +00:00: [2025-03-07T23:00:48.843Z] [AI-WARROOM] [ERROR] Static path does not exist: /root/code-server/dist/node/src/browser/pages
2025-03-07 23:00 +00:00: TypeError: Application.start is not a function
2025-03-07 23:00 +00:00:     at Object.<anonymous> (/root/code-server/dist/node/server.js:83:13)
2025-03-07 23:00 +00:00:     at Module._compile (node:internal/modules/cjs/loader:1469:14)
2025-03-07 23:00 +00:00:     at Module._extensions..js (node:internal/modules/cjs/loader:1548:10)
2025-03-07 23:00 +00:00:     at Module.load (node:internal/modules/cjs/loader:1288:32)
2025-03-07 23:00 +00:00:     at Module._load (node:internal/modules/cjs/loader:1104:12)
2025-03-07 23:00 +00:00:     at Object.<anonymous> (/usr/local/lib/node_modules/pm2/lib/ProcessContainerFork.js:33:23)
2025-03-07 23:00 +00:00:     at Module._compile (node:internal/modules/cjs/loader:1469:14)
2025-03-07 23:00 +00:00:     at Module._extensions..js (node:internal/modules/cjs/loader:1548:10)
2025-03-07 23:00 +00:00:     at Module.load (node:internal/modules/cjs/loader:1288:32)
2025-03-07 23:00 +00:00:     at Module._load (node:internal/modules/cjs/loader:1104:12)
2025-03-07 23:00 +00:00: [2025-03-07T23:00:49.504Z] [AI-WARROOM] [WARN] OpenRouter API key not provided. AI agents will not be available.
2025-03-07 23:00 +00:00: [2025-03-07T23:00:49.511Z] [AI-WARROOM] [ERROR] Static path does not exist: /root/code-server/dist/node/src/browser/pages
2025-03-07 23:00 +00:00: TypeError: Application.start is not a function
2025-03-07 23:00 +00:00:     at Object.<anonymous> (/root/code-server/dist/node/server.js:83:13)
2025-03-07 23:00 +00:00:     at Module._compile (node:internal/modules/cjs/loader:1469:14)
2025-03-07 23:00 +00:00:     at Module._extensions..js (node:internal/modules/cjs/loader:1548:10)
2025-03-07 23:00 +00:00:     at Module.load (node:internal/modules/cjs/loader:1288:32)
2025-03-07 23:00 +00:00:     at Module._load (node:internal/modules/cjs/loader:1104:12)
2025-03-07 23:00 +00:00:     at Object.<anonymous> (/usr/local/lib/node_modules/pm2/lib/ProcessContainerFork.js:33:23)
2025-03-07 23:00 +00:00:     at Module._compile (node:internal/modules/cjs/loader:1469:14)
2025-03-07 23:00 +00:00:     at Module._extensions..js (node:internal/modules/cjs/loader:1548:10)
2025-03-07 23:00 +00:00:     at Module.load (node:internal/modules/cjs/loader:1288:32)
2025-03-07 23:00 +00:00:     at Module._load (node:internal/modules/cjs/loader:1104:12)
2025-03-07 23:00 +00:00: [2025-03-07T23:00:50.142Z] [AI-WARROOM] [WARN] OpenRouter API key not provided. AI agents will not be available.
2025-03-07 23:00 +00:00: [2025-03-07T23:00:50.147Z] [AI-WARROOM] [ERROR] Static path does not exist: /root/code-server/dist/node/src/browser/pages
2025-03-07 23:00 +00:00: TypeError: Application.start is not a function
2025-03-07 23:00 +00:00:     at Object.<anonymous> (/root/code-server/dist/node/server.js:83:13)
2025-03-07 23:00 +00:00:     at Module._compile (node:internal/modules/cjs/loader:1469:14)
2025-03-07 23:00 +00:00:     at Module._extensions..js (node:internal/modules/cjs/loader:1548:10)
2025-03-07 23:00 +00:00:     at Module.load (node:internal/modules/cjs/loader:1288:32)
2025-03-07 23:00 +00:00:     at Module._load (node:internal/modules/cjs/loader:1104:12)
2025-03-07 23:00 +00:00:     at Object.<anonymous> (/usr/local/lib/node_modules/pm2/lib/ProcessContainerFork.js:33:23)
2025-03-07 23:00 +00:00:     at Module._compile (node:internal/modules/cjs/loader:1469:14)
2025-03-07 23:00 +00:00:     at Module._extensions..js (node:internal/modules/cjs/loader:1548:10)
2025-03-07 23:00 +00:00:     at Module.load (node:internal/modules/cjs/loader:1288:32)
2025-03-07 23:00 +00:00:     at Module._load (node:internal/modules/cjs/loader:1104:12)
2025-03-07 23:00 +00:00: [2025-03-07T23:00:50.730Z] [AI-WARROOM] [WARN] OpenRouter API key not provided. AI agents will not be available.
2025-03-07 23:00 +00:00: [2025-03-07T23:00:50.740Z] [AI-WARROOM] [ERROR] Static path does not exist: /root/code-server/dist/node/src/browser/pages
2025-03-07 23:00 +00:00: TypeError: Application.start is not a function
2025-03-07 23:00 +00:00:     at Object.<anonymous> (/root/code-server/dist/node/server.js:83:13)
2025-03-07 23:00 +00:00:     at Module._compile (node:internal/modules/cjs/loader:1469:14)
2025-03-07 23:00 +00:00:     at Module._extensions..js (node:internal/modules/cjs/loader:1548:10)
2025-03-07 23:00 +00:00:     at Module.load (node:internal/modules/cjs/loader:1288:32)
2025-03-07 23:00 +00:00:     at Module._load (node:internal/modules/cjs/loader:1104:12)
2025-03-07 23:00 +00:00:     at Object.<anonymous> (/usr/local/lib/node_modules/pm2/lib/ProcessContainerFork.js:33:23)
2025-03-07 23:00 +00:00:     at Module._compile (node:internal/modules/cjs/loader:1469:14)
2025-03-07 23:00 +00:00:     at Module._extensions..js (node:internal/modules/cjs/loader:1548:10)
2025-03-07 23:00 +00:00:     at Module.load (node:internal/modules/cjs/loader:1288:32)
2025-03-07 23:00 +00:00:     at Module._load (node:internal/modules/cjs/loader:1104:12)
2025-03-07 23:00 +00:00: [2025-03-07T23:00:51.315Z] [AI-WARROOM] [WARN] OpenRouter API key not provided. AI agents will not be available.
2025-03-07 23:00 +00:00: [2025-03-07T23:00:51.318Z] [AI-WARROOM] [ERROR] Static path does not exist: /root/code-server/dist/node/src/browser/pages
2025-03-07 23:00 +00:00: TypeError: Application.start is not a function
2025-03-07 23:00 +00:00:     at Object.<anonymous> (/root/code-server/dist/node/server.js:83:13)
2025-03-07 23:00 +00:00:     at Module._compile (node:internal/modules/cjs/loader:1469:14)
2025-03-07 23:00 +00:00:     at Module._extensions..js (node:internal/modules/cjs/loader:1548:10)
2025-03-07 23:00 +00:00:     at Module.load (node:internal/modules/cjs/loader:1288:32)
2025-03-07 23:00 +00:00:     at Module._load (node:internal/modules/cjs/loader:1104:12)
2025-03-07 23:00 +00:00:     at Object.<anonymous> (/usr/local/lib/node_modules/pm2/lib/ProcessContainerFork.js:33:23)
2025-03-07 23:00 +00:00:     at Module._compile (node:internal/modules/cjs/loader:1469:14)
2025-03-07 23:00 +00:00:     at Module._extensions..js (node:internal/modules/cjs/loader:1548:10)
2025-03-07 23:00 +00:00:     at Module.load (node:internal/modules/cjs/loader:1288:32)
2025-03-07 23:00 +00:00:     at Module._load (node:internal/modules/cjs/loader:1104:12)
2025-03-07 23:00 +00:00: [2025-03-07T23:00:51.883Z] [AI-WARROOM] [WARN] OpenRouter API key not provided. AI agents will not be available.
2025-03-07 23:00 +00:00: [2025-03-07T23:00:51.889Z] [AI-WARROOM] [ERROR] Static path does not exist: /root/code-server/dist/node/src/browser/pages
2025-03-07 23:00 +00:00: TypeError: Application.start is not a function
2025-03-07 23:00 +00:00:     at Object.<anonymous> (/root/code-server/dist/node/server.js:83:13)
2025-03-07 23:00 +00:00:     at Module._compile (node:internal/modules/cjs/loader:1469:14)
2025-03-07 23:00 +00:00:     at Module._extensions..js (node:internal/modules/cjs/loader:1548:10)
2025-03-07 23:00 +00:00:     at Module.load (node:internal/modules/cjs/loader:1288:32)
2025-03-07 23:00 +00:00:     at Module._load (node:internal/modules/cjs/loader:1104:12)
2025-03-07 23:00 +00:00:     at Object.<anonymous> (/usr/local/lib/node_modules/pm2/lib/ProcessContainerFork.js:33:23)
2025-03-07 23:00 +00:00:     at Module._compile (node:internal/modules/cjs/loader:1469:14)
2025-03-07 23:00 +00:00:     at Module._extensions..js (node:internal/modules/cjs/loader:1548:10)
2025-03-07 23:00 +00:00:     at Module.load (node:internal/modules/cjs/loader:1288:32)
2025-03-07 23:00 +00:00:     at Module._load (node:internal/modules/cjs/loader:1104:12)
2025-03-07 23:00 +00:00: [2025-03-07T23:00:52.447Z] [AI-WARROOM] [WARN] OpenRouter API key not provided. AI agents will not be available.
2025-03-07 23:00 +00:00: [2025-03-07T23:00:52.450Z] [AI-WARROOM] [ERROR] Static path does not exist: /root/code-server/dist/node/src/browser/pages
2025-03-07 23:00 +00:00: TypeError: Application.start is not a function
2025-03-07 23:00 +00:00:     at Object.<anonymous> (/root/code-server/dist/node/server.js:83:13)
2025-03-07 23:00 +00:00:     at Module._compile (node:internal/modules/cjs/loader:1469:14)
2025-03-07 23:00 +00:00:     at Module._extensions..js (node:internal/modules/cjs/loader:1548:10)
2025-03-07 23:00 +00:00:     at Module.load (node:internal/modules/cjs/loader:1288:32)
2025-03-07 23:00 +00:00:     at Module._load (node:internal/modules/cjs/loader:1104:12)
2025-03-07 23:00 +00:00:     at Object.<anonymous> (/usr/local/lib/node_modules/pm2/lib/ProcessContainerFork.js:33:23)
2025-03-07 23:00 +00:00:     at Module._compile (node:internal/modules/cjs/loader:1469:14)
2025-03-07 23:00 +00:00:     at Module._extensions..js (node:internal/modules/cjs/loader:1548:10)
2025-03-07 23:00 +00:00:     at Module.load (node:internal/modules/cjs/loader:1288:32)
2025-03-07 23:00 +00:00:     at Module._load (node:internal/modules/cjs/loader:1104:12)
2025-03-07 23:00 +00:00: [2025-03-07T23:00:53.048Z] [AI-WARROOM] [WARN] OpenRouter API key not provided. AI agents will not be available.
2025-03-07 23:00 +00:00: [2025-03-07T23:00:53.055Z] [AI-WARROOM] [ERROR] Static path does not exist: /root/code-server/dist/node/src/browser/pages
2025-03-07 23:00 +00:00: TypeError: Application.start is not a function
2025-03-07 23:00 +00:00:     at Object.<anonymous> (/root/code-server/dist/node/server.js:83:13)
2025-03-07 23:00 +00:00:     at Module._compile (node:internal/modules/cjs/loader:1469:14)
2025-03-07 23:00 +00:00:     at Module._extensions..js (node:internal/modules/cjs/loader:1548:10)
2025-03-07 23:00 +00:00:     at Module.load (node:internal/modules/cjs/loader:1288:32)
2025-03-07 23:00 +00:00:     at Module._load (node:internal/modules/cjs/loader:1104:12)
2025-03-07 23:00 +00:00:     at Object.<anonymous> (/usr/local/lib/node_modules/pm2/lib/ProcessContainerFork.js:33:23)
2025-03-07 23:00 +00:00:     at Module._compile (node:internal/modules/cjs/loader:1469:14)
2025-03-07 23:00 +00:00:     at Module._extensions..js (node:internal/modules/cjs/loader:1548:10)
2025-03-07 23:00 +00:00:     at Module.load (node:internal/modules/cjs/loader:1288:32)
2025-03-07 23:00 +00:00:     at Module._load (node:internal/modules/cjs/loader:1104:12)
2025-03-07 23:00 +00:00: [2025-03-07T23:00:53.684Z] [AI-WARROOM] [WARN] OpenRouter API key not provided. AI agents will not be available.
2025-03-07 23:00 +00:00: [2025-03-07T23:00:53.690Z] [AI-WARROOM] [ERROR] Static path does not exist: /root/code-server/dist/node/src/browser/pages
2025-03-07 23:00 +00:00: TypeError: Application.start is not a function
2025-03-07 23:00 +00:00:     at Object.<anonymous> (/root/code-server/dist/node/server.js:83:13)
2025-03-07 23:00 +00:00:     at Module._compile (node:internal/modules/cjs/loader:1469:14)
2025-03-07 23:00 +00:00:     at Module._extensions..js (node:internal/modules/cjs/loader:1548:10)
2025-03-07 23:00 +00:00:     at Module.load (node:internal/modules/cjs/loader:1288:32)
2025-03-07 23:00 +00:00:     at Module._load (node:internal/modules/cjs/loader:1104:12)
2025-03-07 23:00 +00:00:     at Object.<anonymous> (/usr/local/lib/node_modules/pm2/lib/ProcessContainerFork.js:33:23)
2025-03-07 23:00 +00:00:     at Module._compile (node:internal/modules/cjs/loader:1469:14)
2025-03-07 23:00 +00:00:     at Module._extensions..js (node:internal/modules/cjs/loader:1548:10)
2025-03-07 23:00 +00:00:     at Module.load (node:internal/modules/cjs/loader:1288:32)
2025-03-07 23:00 +00:00:     at Module._load (node:internal/modules/cjs/loader:1104:12)
2025-03-07 23:00 +00:00: [2025-03-07T23:00:54.278Z] [AI-WARROOM] [WARN] OpenRouter API key not provided. AI agents will not be available.
2025-03-07 23:00 +00:00: [2025-03-07T23:00:54.293Z] [AI-WARROOM] [ERROR] Static path does not exist: /root/code-server/dist/node/src/browser/pages
2025-03-07 23:00 +00:00: TypeError: Application.start is not a function
2025-03-07 23:00 +00:00:     at Object.<anonymous> (/root/code-server/dist/node/server.js:83:13)
2025-03-07 23:00 +00:00:     at Module._compile (node:internal/modules/cjs/loader:1469:14)
2025-03-07 23:00 +00:00:     at Module._extensions..js (node:internal/modules/cjs/loader:1548:10)
2025-03-07 23:00 +00:00:     at Module.load (node:internal/modules/cjs/loader:1288:32)
2025-03-07 23:00 +00:00:     at Module._load (node:internal/modules/cjs/loader:1104:12)
2025-03-07 23:00 +00:00:     at Object.<anonymous> (/usr/local/lib/node_modules/pm2/lib/ProcessContainerFork.js:33:23)
2025-03-07 23:00 +00:00:     at Module._compile (node:internal/modules/cjs/loader:1469:14)
2025-03-07 23:00 +00:00:     at Module._extensions..js (node:internal/modules/cjs/loader:1548:10)
2025-03-07 23:00 +00:00:     at Module.load (node:internal/modules/cjs/loader:1288:32)
2025-03-07 23:00 +00:00:     at Module._load (node:internal/modules/cjs/loader:1104:12)
2025-03-07 23:00 +00:00: [2025-03-07T23:00:54.871Z] [AI-WARROOM] [WARN] OpenRouter API key not provided. AI agents will not be available.
2025-03-07 23:00 +00:00: [2025-03-07T23:00:54.876Z] [AI-WARROOM] [ERROR] Static path does not exist: /root/code-server/dist/node/src/browser/pages
2025-03-07 23:00 +00:00: TypeError: Application.start is not a function
2025-03-07 23:00 +00:00:     at Object.<anonymous> (/root/code-server/dist/node/server.js:83:13)
2025-03-07 23:00 +00:00:     at Module._compile (node:internal/modules/cjs/loader:1469:14)
2025-03-07 23:00 +00:00:     at Module._extensions..js (node:internal/modules/cjs/loader:1548:10)
2025-03-07 23:00 +00:00:     at Module.load (node:internal/modules/cjs/loader:1288:32)
2025-03-07 23:00 +00:00:     at Module._load (node:internal/modules/cjs/loader:1104:12)
2025-03-07 23:00 +00:00:     at Object.<anonymous> (/usr/local/lib/node_modules/pm2/lib/ProcessContainerFork.js:33:23)
2025-03-07 23:00 +00:00:     at Module._compile (node:internal/modules/cjs/loader:1469:14)
2025-03-07 23:00 +00:00:     at Module._extensions..js (node:internal/modules/cjs/loader:1548:10)
2025-03-07 23:00 +00:00:     at Module.load (node:internal/modules/cjs/loader:1288:32)
2025-03-07 23:00 +00:00:     at Module._load (node:internal/modules/cjs/loader:1104:12)
2025-03-07 23:00 +00:00: [2025-03-07T23:00:55.508Z] [AI-WARROOM] [WARN] OpenRouter API key not provided. AI agents will not be available.
2025-03-07 23:00 +00:00: [2025-03-07T23:00:55.517Z] [AI-WARROOM] [ERROR] Static path does not exist: /root/code-server/dist/node/src/browser/pages
2025-03-07 23:00 +00:00: TypeError: Application.start is not a function
2025-03-07 23:00 +00:00:     at Object.<anonymous> (/root/code-server/dist/node/server.js:83:13)
2025-03-07 23:00 +00:00:     at Module._compile (node:internal/modules/cjs/loader:1469:14)
2025-03-07 23:00 +00:00:     at Module._extensions..js (node:internal/modules/cjs/loader:1548:10)
2025-03-07 23:00 +00:00:     at Module.load (node:internal/modules/cjs/loader:1288:32)
2025-03-07 23:00 +00:00:     at Module._load (node:internal/modules/cjs/loader:1104:12)
2025-03-07 23:00 +00:00:     at Object.<anonymous> (/usr/local/lib/node_modules/pm2/lib/ProcessContainerFork.js:33:23)
2025-03-07 23:00 +00:00:     at Module._compile (node:internal/modules/cjs/loader:1469:14)
2025-03-07 23:00 +00:00:     at Module._extensions..js (node:internal/modules/cjs/loader:1548:10)
2025-03-07 23:00 +00:00:     at Module.load (node:internal/modules/cjs/loader:1288:32)
2025-03-07 23:00 +00:00:     at Module._load (node:internal/modules/cjs/loader:1104:12)
2025-03-07 23:00 +00:00: [2025-03-07T23:00:56.173Z] [AI-WARROOM] [WARN] OpenRouter API key not provided. AI agents will not be available.
2025-03-07 23:00 +00:00: [2025-03-07T23:00:56.180Z] [AI-WARROOM] [ERROR] Static path does not exist: /root/code-server/dist/node/src/browser/pages
2025-03-07 23:00 +00:00: TypeError: Application.start is not a function
2025-03-07 23:00 +00:00:     at Object.<anonymous> (/root/code-server/dist/node/server.js:83:13)
2025-03-07 23:00 +00:00:     at Module._compile (node:internal/modules/cjs/loader:1469:14)
2025-03-07 23:00 +00:00:     at Module._extensions..js (node:internal/modules/cjs/loader:1548:10)
2025-03-07 23:00 +00:00:     at Module.load (node:internal/modules/cjs/loader:1288:32)
2025-03-07 23:00 +00:00:     at Module._load (node:internal/modules/cjs/loader:1104:12)
2025-03-07 23:00 +00:00:     at Object.<anonymous> (/usr/local/lib/node_modules/pm2/lib/ProcessContainerFork.js:33:23)
2025-03-07 23:00 +00:00:     at Module._compile (node:internal/modules/cjs/loader:1469:14)
2025-03-07 23:00 +00:00:     at Module._extensions..js (node:internal/modules/cjs/loader:1548:10)
2025-03-07 23:00 +00:00:     at Module.load (node:internal/modules/cjs/loader:1288:32)
2025-03-07 23:00 +00:00:     at Module._load (node:internal/modules/cjs/loader:1104:12)
2025-03-07 23:00 +00:00: [2025-03-07T23:00:56.854Z] [AI-WARROOM] [WARN] OpenRouter API key not provided. AI agents will not be available.
2025-03-07 23:00 +00:00: [2025-03-07T23:00:56.859Z] [AI-WARROOM] [ERROR] Static path does not exist: /root/code-server/dist/node/src/browser/pages
2025-03-07 23:00 +00:00: TypeError: Application.start is not a function
2025-03-07 23:00 +00:00:     at Object.<anonymous> (/root/code-server/dist/node/server.js:83:13)
2025-03-07 23:00 +00:00:     at Module._compile (node:internal/modules/cjs/loader:1469:14)
2025-03-07 23:00 +00:00:     at Module._extensions..js (node:internal/modules/cjs/loader:1548:10)
2025-03-07 23:00 +00:00:     at Module.load (node:internal/modules/cjs/loader:1288:32)
2025-03-07 23:00 +00:00:     at Module._load (node:internal/modules/cjs/loader:1104:12)
2025-03-07 23:00 +00:00:     at Object.<anonymous> (/usr/local/lib/node_modules/pm2/lib/ProcessContainerFork.js:33:23)
2025-03-07 23:00 +00:00:     at Module._compile (node:internal/modules/cjs/loader:1469:14)
2025-03-07 23:00 +00:00:     at Module._extensions..js (node:internal/modules/cjs/loader:1548:10)
2025-03-07 23:00 +00:00:     at Module.load (node:internal/modules/cjs/loader:1288:32)
2025-03-07 23:00 +00:00:     at Module._load (node:internal/modules/cjs/loader:1104:12)
2025-03-07 23:00 +00:00: [2025-03-07T23:00:57.392Z] [AI-WARROOM] [WARN] OpenRouter API key not provided. AI agents will not be available.
2025-03-07 23:00 +00:00: [2025-03-07T23:00:57.397Z] [AI-WARROOM] [ERROR] Static path does not exist: /root/code-server/dist/node/src/browser/pages
2025-03-07 23:00 +00:00: TypeError: Application.start is not a function
2025-03-07 23:00 +00:00:     at Object.<anonymous> (/root/code-server/dist/node/server.js:83:13)
2025-03-07 23:00 +00:00:     at Module._compile (node:internal/modules/cjs/loader:1469:14)
2025-03-07 23:00 +00:00:     at Module._extensions..js (node:internal/modules/cjs/loader:1548:10)
2025-03-07 23:00 +00:00:     at Module.load (node:internal/modules/cjs/loader:1288:32)
2025-03-07 23:00 +00:00:     at Module._load (node:internal/modules/cjs/loader:1104:12)
2025-03-07 23:00 +00:00:     at Object.<anonymous> (/usr/local/lib/node_modules/pm2/lib/ProcessContainerFork.js:33:23)
2025-03-07 23:00 +00:00:     at Module._compile (node:internal/modules/cjs/loader:1469:14)
2025-03-07 23:00 +00:00:     at Module._extensions..js (node:internal/modules/cjs/loader:1548:10)
2025-03-07 23:00 +00:00:     at Module.load (node:internal/modules/cjs/loader:1288:32)
2025-03-07 23:00 +00:00:     at Module._load (node:internal/modules/cjs/loader:1104:12)
2025-03-07 23:00 +00:00: [2025-03-07T23:00:58.045Z] [AI-WARROOM] [WARN] OpenRouter API key not provided. AI agents will not be available.
2025-03-07 23:00 +00:00: [2025-03-07T23:00:58.049Z] [AI-WARROOM] [ERROR] Static path does not exist: /root/code-server/dist/node/src/browser/pages
2025-03-07 23:00 +00:00: TypeError: Application.start is not a function
2025-03-07 23:00 +00:00:     at Object.<anonymous> (/root/code-server/dist/node/server.js:83:13)
2025-03-07 23:00 +00:00:     at Module._compile (node:internal/modules/cjs/loader:1469:14)
2025-03-07 23:00 +00:00:     at Module._extensions..js (node:internal/modules/cjs/loader:1548:10)
2025-03-07 23:00 +00:00:     at Module.load (node:internal/modules/cjs/loader:1288:32)
2025-03-07 23:00 +00:00:     at Module._load (node:internal/modules/cjs/loader:1104:12)
2025-03-07 23:00 +00:00:     at Object.<anonymous> (/usr/local/lib/node_modules/pm2/lib/ProcessContainerFork.js:33:23)
2025-03-07 23:00 +00:00:     at Module._compile (node:internal/modules/cjs/loader:1469:14)
2025-03-07 23:00 +00:00:     at Module._extensions..js (node:internal/modules/cjs/loader:1548:10)
2025-03-07 23:00 +00:00:     at Module.load (node:internal/modules/cjs/loader:1288:32)
2025-03-07 23:00 +00:00:     at Module._load (node:internal/modules/cjs/loader:1104:12)
2025-03-07 23:00 +00:00: [2025-03-07T23:00:58.685Z] [AI-WARROOM] [WARN] OpenRouter API key not provided. AI agents will not be available.
2025-03-07 23:00 +00:00: [2025-03-07T23:00:58.691Z] [AI-WARROOM] [ERROR] Static path does not exist: /root/code-server/dist/node/src/browser/pages
2025-03-07 23:00 +00:00: TypeError: Application.start is not a function
2025-03-07 23:00 +00:00:     at Object.<anonymous> (/root/code-server/dist/node/server.js:83:13)
2025-03-07 23:00 +00:00:     at Module._compile (node:internal/modules/cjs/loader:1469:14)
2025-03-07 23:00 +00:00:     at Module._extensions..js (node:internal/modules/cjs/loader:1548:10)
2025-03-07 23:00 +00:00:     at Module.load (node:internal/modules/cjs/loader:1288:32)
2025-03-07 23:00 +00:00:     at Module._load (node:internal/modules/cjs/loader:1104:12)
2025-03-07 23:00 +00:00:     at Object.<anonymous> (/usr/local/lib/node_modules/pm2/lib/ProcessContainerFork.js:33:23)
2025-03-07 23:00 +00:00:     at Module._compile (node:internal/modules/cjs/loader:1469:14)
2025-03-07 23:00 +00:00:     at Module._extensions..js (node:internal/modules/cjs/loader:1548:10)
2025-03-07 23:00 +00:00:     at Module.load (node:internal/modules/cjs/loader:1288:32)
2025-03-07 23:00 +00:00:     at Module._load (node:internal/modules/cjs/loader:1104:12)
2025-03-07 23:00 +00:00: [2025-03-07T23:00:59.372Z] [AI-WARROOM] [WARN] OpenRouter API key not provided. AI agents will not be available.
2025-03-07 23:00 +00:00: [2025-03-07T23:00:59.391Z] [AI-WARROOM] [ERROR] Static path does not exist: /root/code-server/dist/node/src/browser/pages
2025-03-07 23:00 +00:00: TypeError: Application.start is not a function
2025-03-07 23:00 +00:00:     at Object.<anonymous> (/root/code-server/dist/node/server.js:83:13)
2025-03-07 23:00 +00:00:     at Module._compile (node:internal/modules/cjs/loader:1469:14)
2025-03-07 23:00 +00:00:     at Module._extensions..js (node:internal/modules/cjs/loader:1548:10)
2025-03-07 23:00 +00:00:     at Module.load (node:internal/modules/cjs/loader:1288:32)
2025-03-07 23:00 +00:00:     at Module._load (node:internal/modules/cjs/loader:1104:12)
2025-03-07 23:00 +00:00:     at Object.<anonymous> (/usr/local/lib/node_modules/pm2/lib/ProcessContainerFork.js:33:23)
2025-03-07 23:00 +00:00:     at Module._compile (node:internal/modules/cjs/loader:1469:14)
2025-03-07 23:00 +00:00:     at Module._extensions..js (node:internal/modules/cjs/loader:1548:10)
2025-03-07 23:00 +00:00:     at Module.load (node:internal/modules/cjs/loader:1288:32)
2025-03-07 23:00 +00:00:     at Module._load (node:internal/modules/cjs/loader:1104:12)
2025-03-07 23:01 +00:00: [2025-03-07T23:01:04.278Z] [AI-WARROOM] [WARN] OpenRouter API key not provided. AI agents will not be available.
2025-03-07 23:01 +00:00: [2025-03-07T23:01:04.295Z] [AI-WARROOM] [ERROR] Static path does not exist: /root/code-server/dist/node/src/browser/pages
2025-03-07 23:01 +00:00: Error: listen EADDRINUSE: address already in use :::3000
2025-03-07 23:01 +00:00:     at Server.setupListenHandle [as _listen2] (node:net:1902:16)
2025-03-07 23:01 +00:00:     at listenInCluster (node:net:1959:12)
2025-03-07 23:01 +00:00:     at Server.listen (node:net:2061:7)
2025-03-07 23:01 +00:00:     at HttpServer.start (/root/code-server/dist/node/server.js:81:21)
2025-03-07 23:01 +00:00:     at Object.<anonymous> (/root/code-server/dist/node/server.js:93:13)
2025-03-07 23:01 +00:00:     at Module._compile (node:internal/modules/cjs/loader:1469:14)
2025-03-07 23:01 +00:00:     at Module._extensions..js (node:internal/modules/cjs/loader:1548:10)
2025-03-07 23:01 +00:00:     at Module.load (node:internal/modules/cjs/loader:1288:32)
2025-03-07 23:01 +00:00:     at Module._load (node:internal/modules/cjs/loader:1104:12)
2025-03-07 23:01 +00:00:     at Object.<anonymous> (/usr/local/lib/node_modules/pm2/lib/ProcessContainerFork.js:33:23) {
2025-03-07 23:01 +00:00:   code: 'EADDRINUSE',
2025-03-07 23:01 +00:00:   errno: -98,
2025-03-07 23:01 +00:00:   syscall: 'listen',
2025-03-07 23:01 +00:00:   address: '::',
2025-03-07 23:01 +00:00:   port: 3000
2025-03-07 23:01 +00:00: }
2025-03-07 23:01 +00:00: [2025-03-07T23:01:05.117Z] [AI-WARROOM] [WARN] OpenRouter API key not provided. AI agents will not be available.
2025-03-07 23:01 +00:00: [2025-03-07T23:01:05.122Z] [AI-WARROOM] [ERROR] Static path does not exist: /root/code-server/dist/node/src/browser/pages
2025-03-07 23:01 +00:00: Error: listen EADDRINUSE: address already in use :::3000
2025-03-07 23:01 +00:00:     at Server.setupListenHandle [as _listen2] (node:net:1902:16)
2025-03-07 23:01 +00:00:     at listenInCluster (node:net:1959:12)
2025-03-07 23:01 +00:00:     at Server.listen (node:net:2061:7)
2025-03-07 23:01 +00:00:     at HttpServer.start (/root/code-server/dist/node/server.js:81:21)
2025-03-07 23:01 +00:00:     at Object.<anonymous> (/root/code-server/dist/node/server.js:93:13)
2025-03-07 23:01 +00:00:     at Module._compile (node:internal/modules/cjs/loader:1469:14)
2025-03-07 23:01 +00:00:     at Module._extensions..js (node:internal/modules/cjs/loader:1548:10)
2025-03-07 23:01 +00:00:     at Module.load (node:internal/modules/cjs/loader:1288:32)
2025-03-07 23:01 +00:00:     at Module._load (node:internal/modules/cjs/loader:1104:12)
2025-03-07 23:01 +00:00:     at Object.<anonymous> (/usr/local/lib/node_modules/pm2/lib/ProcessContainerFork.js:33:23) {
2025-03-07 23:01 +00:00:   code: 'EADDRINUSE',
2025-03-07 23:01 +00:00:   errno: -98,
2025-03-07 23:01 +00:00:   syscall: 'listen',
2025-03-07 23:01 +00:00:   address: '::',
2025-03-07 23:01 +00:00:   port: 3000
2025-03-07 23:01 +00:00: }
2025-03-07 23:01 +00:00: [2025-03-07T23:01:05.728Z] [AI-WARROOM] [WARN] OpenRouter API key not provided. AI agents will not be available.
2025-03-07 23:01 +00:00: [2025-03-07T23:01:05.738Z] [AI-WARROOM] [ERROR] Static path does not exist: /root/code-server/dist/node/src/browser/pages
2025-03-07 23:01 +00:00: Error: listen EADDRINUSE: address already in use :::3000
2025-03-07 23:01 +00:00:     at Server.setupListenHandle [as _listen2] (node:net:1902:16)
2025-03-07 23:01 +00:00:     at listenInCluster (node:net:1959:12)
2025-03-07 23:01 +00:00:     at Server.listen (node:net:2061:7)
2025-03-07 23:01 +00:00:     at HttpServer.start (/root/code-server/dist/node/server.js:81:21)
2025-03-07 23:01 +00:00:     at Object.<anonymous> (/root/code-server/dist/node/server.js:93:13)
2025-03-07 23:01 +00:00:     at Module._compile (node:internal/modules/cjs/loader:1469:14)
2025-03-07 23:01 +00:00:     at Module._extensions..js (node:internal/modules/cjs/loader:1548:10)
2025-03-07 23:01 +00:00:     at Module.load (node:internal/modules/cjs/loader:1288:32)
2025-03-07 23:01 +00:00:     at Module._load (node:internal/modules/cjs/loader:1104:12)
2025-03-07 23:01 +00:00:     at Object.<anonymous> (/usr/local/lib/node_modules/pm2/lib/ProcessContainerFork.js:33:23) {
2025-03-07 23:01 +00:00:   code: 'EADDRINUSE',
2025-03-07 23:01 +00:00:   errno: -98,
2025-03-07 23:01 +00:00:   syscall: 'listen',
2025-03-07 23:01 +00:00:   address: '::',
2025-03-07 23:01 +00:00:   port: 3000
2025-03-07 23:01 +00:00: }
2025-03-07 23:01 +00:00: [2025-03-07T23:01:06.403Z] [AI-WARROOM] [WARN] OpenRouter API key not provided. AI agents will not be available.
2025-03-07 23:01 +00:00: [2025-03-07T23:01:06.413Z] [AI-WARROOM] [ERROR] Static path does not exist: /root/code-server/dist/node/src/browser/pages
2025-03-07 23:01 +00:00: Error: listen EADDRINUSE: address already in use :::3000
2025-03-07 23:01 +00:00:     at Server.setupListenHandle [as _listen2] (node:net:1902:16)
2025-03-07 23:01 +00:00:     at listenInCluster (node:net:1959:12)
2025-03-07 23:01 +00:00:     at Server.listen (node:net:2061:7)
2025-03-07 23:01 +00:00:     at HttpServer.start (/root/code-server/dist/node/server.js:81:21)
2025-03-07 23:01 +00:00:     at Object.<anonymous> (/root/code-server/dist/node/server.js:93:13)
2025-03-07 23:01 +00:00:     at Module._compile (node:internal/modules/cjs/loader:1469:14)
2025-03-07 23:01 +00:00:     at Module._extensions..js (node:internal/modules/cjs/loader:1548:10)
2025-03-07 23:01 +00:00:     at Module.load (node:internal/modules/cjs/loader:1288:32)
2025-03-07 23:01 +00:00:     at Module._load (node:internal/modules/cjs/loader:1104:12)
2025-03-07 23:01 +00:00:     at Object.<anonymous> (/usr/local/lib/node_modules/pm2/lib/ProcessContainerFork.js:33:23) {
2025-03-07 23:01 +00:00:   code: 'EADDRINUSE',
2025-03-07 23:01 +00:00:   errno: -98,
2025-03-07 23:01 +00:00:   syscall: 'listen',
2025-03-07 23:01 +00:00:   address: '::',
2025-03-07 23:01 +00:00:   port: 3000
2025-03-07 23:01 +00:00: }
2025-03-07 23:01 +00:00: [2025-03-07T23:01:07.095Z] [AI-WARROOM] [WARN] OpenRouter API key not provided. AI agents will not be available.
2025-03-07 23:01 +00:00: [2025-03-07T23:01:07.101Z] [AI-WARROOM] [ERROR] Static path does not exist: /root/code-server/dist/node/src/browser/pages
2025-03-07 23:01 +00:00: Error: listen EADDRINUSE: address already in use :::3000
2025-03-07 23:01 +00:00:     at Server.setupListenHandle [as _listen2] (node:net:1902:16)
2025-03-07 23:01 +00:00:     at listenInCluster (node:net:1959:12)
2025-03-07 23:01 +00:00:     at Server.listen (node:net:2061:7)
2025-03-07 23:01 +00:00:     at HttpServer.start (/root/code-server/dist/node/server.js:81:21)
2025-03-07 23:01 +00:00:     at Object.<anonymous> (/root/code-server/dist/node/server.js:93:13)
2025-03-07 23:01 +00:00:     at Module._compile (node:internal/modules/cjs/loader:1469:14)
2025-03-07 23:01 +00:00:     at Module._extensions..js (node:internal/modules/cjs/loader:1548:10)
2025-03-07 23:01 +00:00:     at Module.load (node:internal/modules/cjs/loader:1288:32)
2025-03-07 23:01 +00:00:     at Module._load (node:internal/modules/cjs/loader:1104:12)
2025-03-07 23:01 +00:00:     at Object.<anonymous> (/usr/local/lib/node_modules/pm2/lib/ProcessContainerFork.js:33:23) {
2025-03-07 23:01 +00:00:   code: 'EADDRINUSE',
2025-03-07 23:01 +00:00:   errno: -98,
2025-03-07 23:01 +00:00:   syscall: 'listen',
2025-03-07 23:01 +00:00:   address: '::',
2025-03-07 23:01 +00:00:   port: 3000
2025-03-07 23:01 +00:00: }
2025-03-07 23:01 +00:00: [2025-03-07T23:01:07.737Z] [AI-WARROOM] [WARN] OpenRouter API key not provided. AI agents will not be available.
2025-03-07 23:01 +00:00: [2025-03-07T23:01:07.744Z] [AI-WARROOM] [ERROR] Static path does not exist: /root/code-server/dist/node/src/browser/pages
2025-03-07 23:01 +00:00: Error: listen EADDRINUSE: address already in use :::3000
2025-03-07 23:01 +00:00:     at Server.setupListenHandle [as _listen2] (node:net:1902:16)
2025-03-07 23:01 +00:00:     at listenInCluster (node:net:1959:12)
2025-03-07 23:01 +00:00:     at Server.listen (node:net:2061:7)
2025-03-07 23:01 +00:00:     at HttpServer.start (/root/code-server/dist/node/server.js:81:21)
2025-03-07 23:01 +00:00:     at Object.<anonymous> (/root/code-server/dist/node/server.js:93:13)
2025-03-07 23:01 +00:00:     at Module._compile (node:internal/modules/cjs/loader:1469:14)
2025-03-07 23:01 +00:00:     at Module._extensions..js (node:internal/modules/cjs/loader:1548:10)
2025-03-07 23:01 +00:00:     at Module.load (node:internal/modules/cjs/loader:1288:32)
2025-03-07 23:01 +00:00:     at Module._load (node:internal/modules/cjs/loader:1104:12)
2025-03-07 23:01 +00:00:     at Object.<anonymous> (/usr/local/lib/node_modules/pm2/lib/ProcessContainerFork.js:33:23) {
2025-03-07 23:01 +00:00:   code: 'EADDRINUSE',
2025-03-07 23:01 +00:00:   errno: -98,
2025-03-07 23:01 +00:00:   syscall: 'listen',
2025-03-07 23:01 +00:00:   address: '::',
2025-03-07 23:01 +00:00:   port: 3000
2025-03-07 23:01 +00:00: }
2025-03-07 23:01 +00:00: [2025-03-07T23:01:08.349Z] [AI-WARROOM] [WARN] OpenRouter API key not provided. AI agents will not be available.
2025-03-07 23:01 +00:00: [2025-03-07T23:01:08.354Z] [AI-WARROOM] [ERROR] Static path does not exist: /root/code-server/dist/node/src/browser/pages
2025-03-07 23:01 +00:00: Error: listen EADDRINUSE: address already in use :::3000
2025-03-07 23:01 +00:00:     at Server.setupListenHandle [as _listen2] (node:net:1902:16)
2025-03-07 23:01 +00:00:     at listenInCluster (node:net:1959:12)
2025-03-07 23:01 +00:00:     at Server.listen (node:net:2061:7)
2025-03-07 23:01 +00:00:     at HttpServer.start (/root/code-server/dist/node/server.js:81:21)
2025-03-07 23:01 +00:00:     at Object.<anonymous> (/root/code-server/dist/node/server.js:93:13)
2025-03-07 23:01 +00:00:     at Module._compile (node:internal/modules/cjs/loader:1469:14)
2025-03-07 23:01 +00:00:     at Module._extensions..js (node:internal/modules/cjs/loader:1548:10)
2025-03-07 23:01 +00:00:     at Module.load (node:internal/modules/cjs/loader:1288:32)
2025-03-07 23:01 +00:00:     at Module._load (node:internal/modules/cjs/loader:1104:12)
2025-03-07 23:01 +00:00:     at Object.<anonymous> (/usr/local/lib/node_modules/pm2/lib/ProcessContainerFork.js:33:23) {
2025-03-07 23:01 +00:00:   code: 'EADDRINUSE',
2025-03-07 23:01 +00:00:   errno: -98,
2025-03-07 23:01 +00:00:   syscall: 'listen',
2025-03-07 23:01 +00:00:   address: '::',
2025-03-07 23:01 +00:00:   port: 3000
2025-03-07 23:01 +00:00: }
2025-03-07 23:01 +00:00: [2025-03-07T23:01:08.959Z] [AI-WARROOM] [WARN] OpenRouter API key not provided. AI agents will not be available.
2025-03-07 23:01 +00:00: [2025-03-07T23:01:08.963Z] [AI-WARROOM] [ERROR] Static path does not exist: /root/code-server/dist/node/src/browser/pages
2025-03-07 23:01 +00:00: Error: listen EADDRINUSE: address already in use :::3000
2025-03-07 23:01 +00:00:     at Server.setupListenHandle [as _listen2] (node:net:1902:16)
2025-03-07 23:01 +00:00:     at listenInCluster (node:net:1959:12)
2025-03-07 23:01 +00:00:     at Server.listen (node:net:2061:7)
2025-03-07 23:01 +00:00:     at HttpServer.start (/root/code-server/dist/node/server.js:81:21)
2025-03-07 23:01 +00:00:     at Object.<anonymous> (/root/code-server/dist/node/server.js:93:13)
2025-03-07 23:01 +00:00:     at Module._compile (node:internal/modules/cjs/loader:1469:14)
2025-03-07 23:01 +00:00:     at Module._extensions..js (node:internal/modules/cjs/loader:1548:10)
2025-03-07 23:01 +00:00:     at Module.load (node:internal/modules/cjs/loader:1288:32)
2025-03-07 23:01 +00:00:     at Module._load (node:internal/modules/cjs/loader:1104:12)
2025-03-07 23:01 +00:00:     at Object.<anonymous> (/usr/local/lib/node_modules/pm2/lib/ProcessContainerFork.js:33:23) {
2025-03-07 23:01 +00:00:   code: 'EADDRINUSE',
2025-03-07 23:01 +00:00:   errno: -98,
2025-03-07 23:01 +00:00:   syscall: 'listen',
2025-03-07 23:01 +00:00:   address: '::',
2025-03-07 23:01 +00:00:   port: 3000
2025-03-07 23:01 +00:00: }
2025-03-07 23:01 +00:00: [2025-03-07T23:01:09.532Z] [AI-WARROOM] [WARN] OpenRouter API key not provided. AI agents will not be available.
2025-03-07 23:01 +00:00: [2025-03-07T23:01:09.544Z] [AI-WARROOM] [ERROR] Static path does not exist: /root/code-server/dist/node/src/browser/pages
2025-03-07 23:01 +00:00: Error: listen EADDRINUSE: address already in use :::3000
2025-03-07 23:01 +00:00:     at Server.setupListenHandle [as _listen2] (node:net:1902:16)
2025-03-07 23:01 +00:00:     at listenInCluster (node:net:1959:12)
2025-03-07 23:01 +00:00:     at Server.listen (node:net:2061:7)
2025-03-07 23:01 +00:00:     at HttpServer.start (/root/code-server/dist/node/server.js:81:21)
2025-03-07 23:01 +00:00:     at Object.<anonymous> (/root/code-server/dist/node/server.js:93:13)
2025-03-07 23:01 +00:00:     at Module._compile (node:internal/modules/cjs/loader:1469:14)
2025-03-07 23:01 +00:00:     at Module._extensions..js (node:internal/modules/cjs/loader:1548:10)
2025-03-07 23:01 +00:00:     at Module.load (node:internal/modules/cjs/loader:1288:32)
2025-03-07 23:01 +00:00:     at Module._load (node:internal/modules/cjs/loader:1104:12)
2025-03-07 23:01 +00:00:     at Object.<anonymous> (/usr/local/lib/node_modules/pm2/lib/ProcessContainerFork.js:33:23) {
2025-03-07 23:01 +00:00:   code: 'EADDRINUSE',
2025-03-07 23:01 +00:00:   errno: -98,
2025-03-07 23:01 +00:00:   syscall: 'listen',
2025-03-07 23:01 +00:00:   address: '::',
2025-03-07 23:01 +00:00:   port: 3000
2025-03-07 23:01 +00:00: }
2025-03-07 23:01 +00:00: [2025-03-07T23:01:10.151Z] [AI-WARROOM] [WARN] OpenRouter API key not provided. AI agents will not be available.
2025-03-07 23:01 +00:00: [2025-03-07T23:01:10.154Z] [AI-WARROOM] [ERROR] Static path does not exist: /root/code-server/dist/node/src/browser/pages
2025-03-07 23:01 +00:00: Error: listen EADDRINUSE: address already in use :::3000
2025-03-07 23:01 +00:00:     at Server.setupListenHandle [as _listen2] (node:net:1902:16)
2025-03-07 23:01 +00:00:     at listenInCluster (node:net:1959:12)
2025-03-07 23:01 +00:00:     at Server.listen (node:net:2061:7)
2025-03-07 23:01 +00:00:     at HttpServer.start (/root/code-server/dist/node/server.js:81:21)
2025-03-07 23:01 +00:00:     at Object.<anonymous> (/root/code-server/dist/node/server.js:93:13)
2025-03-07 23:01 +00:00:     at Module._compile (node:internal/modules/cjs/loader:1469:14)
2025-03-07 23:01 +00:00:     at Module._extensions..js (node:internal/modules/cjs/loader:1548:10)
2025-03-07 23:01 +00:00:     at Module.load (node:internal/modules/cjs/loader:1288:32)
2025-03-07 23:01 +00:00:     at Module._load (node:internal/modules/cjs/loader:1104:12)
2025-03-07 23:01 +00:00:     at Object.<anonymous> (/usr/local/lib/node_modules/pm2/lib/ProcessContainerFork.js:33:23) {
2025-03-07 23:01 +00:00:   code: 'EADDRINUSE',
2025-03-07 23:01 +00:00:   errno: -98,
2025-03-07 23:01 +00:00:   syscall: 'listen',
2025-03-07 23:01 +00:00:   address: '::',
2025-03-07 23:01 +00:00:   port: 3000
2025-03-07 23:01 +00:00: }
2025-03-07 23:01 +00:00: [2025-03-07T23:01:10.736Z] [AI-WARROOM] [WARN] OpenRouter API key not provided. AI agents will not be available.
2025-03-07 23:01 +00:00: [2025-03-07T23:01:10.742Z] [AI-WARROOM] [ERROR] Static path does not exist: /root/code-server/dist/node/src/browser/pages
2025-03-07 23:01 +00:00: Error: listen EADDRINUSE: address already in use :::3000
2025-03-07 23:01 +00:00:     at Server.setupListenHandle [as _listen2] (node:net:1902:16)
2025-03-07 23:01 +00:00:     at listenInCluster (node:net:1959:12)
2025-03-07 23:01 +00:00:     at Server.listen (node:net:2061:7)
2025-03-07 23:01 +00:00:     at HttpServer.start (/root/code-server/dist/node/server.js:81:21)
2025-03-07 23:01 +00:00:     at Object.<anonymous> (/root/code-server/dist/node/server.js:93:13)
2025-03-07 23:01 +00:00:     at Module._compile (node:internal/modules/cjs/loader:1469:14)
2025-03-07 23:01 +00:00:     at Module._extensions..js (node:internal/modules/cjs/loader:1548:10)
2025-03-07 23:01 +00:00:     at Module.load (node:internal/modules/cjs/loader:1288:32)
2025-03-07 23:01 +00:00:     at Module._load (node:internal/modules/cjs/loader:1104:12)
2025-03-07 23:01 +00:00:     at Object.<anonymous> (/usr/local/lib/node_modules/pm2/lib/ProcessContainerFork.js:33:23) {
2025-03-07 23:01 +00:00:   code: 'EADDRINUSE',
2025-03-07 23:01 +00:00:   errno: -98,
2025-03-07 23:01 +00:00:   syscall: 'listen',
2025-03-07 23:01 +00:00:   address: '::',
2025-03-07 23:01 +00:00:   port: 3000
2025-03-07 23:01 +00:00: }
2025-03-07 23:01 +00:00: [2025-03-07T23:01:11.295Z] [AI-WARROOM] [WARN] OpenRouter API key not provided. AI agents will not be available.
2025-03-07 23:01 +00:00: [2025-03-07T23:01:11.301Z] [AI-WARROOM] [ERROR] Static path does not exist: /root/code-server/dist/node/src/browser/pages
2025-03-07 23:01 +00:00: Error: listen EADDRINUSE: address already in use :::3000
2025-03-07 23:01 +00:00:     at Server.setupListenHandle [as _listen2] (node:net:1902:16)
2025-03-07 23:01 +00:00:     at listenInCluster (node:net:1959:12)
2025-03-07 23:01 +00:00:     at Server.listen (node:net:2061:7)
2025-03-07 23:01 +00:00:     at HttpServer.start (/root/code-server/dist/node/server.js:81:21)
2025-03-07 23:01 +00:00:     at Object.<anonymous> (/root/code-server/dist/node/server.js:93:13)
2025-03-07 23:01 +00:00:     at Module._compile (node:internal/modules/cjs/loader:1469:14)
2025-03-07 23:01 +00:00:     at Module._extensions..js (node:internal/modules/cjs/loader:1548:10)
2025-03-07 23:01 +00:00:     at Module.load (node:internal/modules/cjs/loader:1288:32)
2025-03-07 23:01 +00:00:     at Module._load (node:internal/modules/cjs/loader:1104:12)
2025-03-07 23:01 +00:00:     at Object.<anonymous> (/usr/local/lib/node_modules/pm2/lib/ProcessContainerFork.js:33:23) {
2025-03-07 23:01 +00:00:   code: 'EADDRINUSE',
2025-03-07 23:01 +00:00:   errno: -98,
2025-03-07 23:01 +00:00:   syscall: 'listen',
2025-03-07 23:01 +00:00:   address: '::',
2025-03-07 23:01 +00:00:   port: 3000
2025-03-07 23:01 +00:00: }
2025-03-07 23:01 +00:00: [2025-03-07T23:01:11.928Z] [AI-WARROOM] [WARN] OpenRouter API key not provided. AI agents will not be available.
2025-03-07 23:01 +00:00: [2025-03-07T23:01:11.934Z] [AI-WARROOM] [ERROR] Static path does not exist: /root/code-server/dist/node/src/browser/pages
2025-03-07 23:01 +00:00: Error: listen EADDRINUSE: address already in use :::3000
2025-03-07 23:01 +00:00:     at Server.setupListenHandle [as _listen2] (node:net:1902:16)
2025-03-07 23:01 +00:00:     at listenInCluster (node:net:1959:12)
2025-03-07 23:01 +00:00:     at Server.listen (node:net:2061:7)
2025-03-07 23:01 +00:00:     at HttpServer.start (/root/code-server/dist/node/server.js:81:21)
2025-03-07 23:01 +00:00:     at Object.<anonymous> (/root/code-server/dist/node/server.js:93:13)
2025-03-07 23:01 +00:00:     at Module._compile (node:internal/modules/cjs/loader:1469:14)
2025-03-07 23:01 +00:00:     at Module._extensions..js (node:internal/modules/cjs/loader:1548:10)
2025-03-07 23:01 +00:00:     at Module.load (node:internal/modules/cjs/loader:1288:32)
2025-03-07 23:01 +00:00:     at Module._load (node:internal/modules/cjs/loader:1104:12)
2025-03-07 23:01 +00:00:     at Object.<anonymous> (/usr/local/lib/node_modules/pm2/lib/ProcessContainerFork.js:33:23) {
2025-03-07 23:01 +00:00:   code: 'EADDRINUSE',
2025-03-07 23:01 +00:00:   errno: -98,
2025-03-07 23:01 +00:00:   syscall: 'listen',
2025-03-07 23:01 +00:00:   address: '::',
2025-03-07 23:01 +00:00:   port: 3000
2025-03-07 23:01 +00:00: }
2025-03-07 23:01 +00:00: [2025-03-07T23:01:12.521Z] [AI-WARROOM] [WARN] OpenRouter API key not provided. AI agents will not be available.
2025-03-07 23:01 +00:00: [2025-03-07T23:01:12.526Z] [AI-WARROOM] [ERROR] Static path does not exist: /root/code-server/dist/node/src/browser/pages
2025-03-07 23:01 +00:00: Error: listen EADDRINUSE: address already in use :::3000
2025-03-07 23:01 +00:00:     at Server.setupListenHandle [as _listen2] (node:net:1902:16)
2025-03-07 23:01 +00:00:     at listenInCluster (node:net:1959:12)
2025-03-07 23:01 +00:00:     at Server.listen (node:net:2061:7)
2025-03-07 23:01 +00:00:     at HttpServer.start (/root/code-server/dist/node/server.js:81:21)
2025-03-07 23:01 +00:00:     at Object.<anonymous> (/root/code-server/dist/node/server.js:93:13)
2025-03-07 23:01 +00:00:     at Module._compile (node:internal/modules/cjs/loader:1469:14)
2025-03-07 23:01 +00:00:     at Module._extensions..js (node:internal/modules/cjs/loader:1548:10)
2025-03-07 23:01 +00:00:     at Module.load (node:internal/modules/cjs/loader:1288:32)
2025-03-07 23:01 +00:00:     at Module._load (node:internal/modules/cjs/loader:1104:12)
2025-03-07 23:01 +00:00:     at Object.<anonymous> (/usr/local/lib/node_modules/pm2/lib/ProcessContainerFork.js:33:23) {
2025-03-07 23:01 +00:00:   code: 'EADDRINUSE',
2025-03-07 23:01 +00:00:   errno: -98,
2025-03-07 23:01 +00:00:   syscall: 'listen',
2025-03-07 23:01 +00:00:   address: '::',
2025-03-07 23:01 +00:00:   port: 3000
2025-03-07 23:01 +00:00: }
2025-03-07 23:01 +00:00: [2025-03-07T23:01:13.142Z] [AI-WARROOM] [WARN] OpenRouter API key not provided. AI agents will not be available.
2025-03-07 23:01 +00:00: [2025-03-07T23:01:13.147Z] [AI-WARROOM] [ERROR] Static path does not exist: /root/code-server/dist/node/src/browser/pages
2025-03-07 23:01 +00:00: Error: listen EADDRINUSE: address already in use :::3000
2025-03-07 23:01 +00:00:     at Server.setupListenHandle [as _listen2] (node:net:1902:16)
2025-03-07 23:01 +00:00:     at listenInCluster (node:net:1959:12)
2025-03-07 23:01 +00:00:     at Server.listen (node:net:2061:7)
2025-03-07 23:01 +00:00:     at HttpServer.start (/root/code-server/dist/node/server.js:81:21)
2025-03-07 23:01 +00:00:     at Object.<anonymous> (/root/code-server/dist/node/server.js:93:13)
2025-03-07 23:01 +00:00:     at Module._compile (node:internal/modules/cjs/loader:1469:14)
2025-03-07 23:01 +00:00:     at Module._extensions..js (node:internal/modules/cjs/loader:1548:10)
2025-03-07 23:01 +00:00:     at Module.load (node:internal/modules/cjs/loader:1288:32)
2025-03-07 23:01 +00:00:     at Module._load (node:internal/modules/cjs/loader:1104:12)
2025-03-07 23:01 +00:00:     at Object.<anonymous> (/usr/local/lib/node_modules/pm2/lib/ProcessContainerFork.js:33:23) {
2025-03-07 23:01 +00:00:   code: 'EADDRINUSE',
2025-03-07 23:01 +00:00:   errno: -98,
2025-03-07 23:01 +00:00:   syscall: 'listen',
2025-03-07 23:01 +00:00:   address: '::',
2025-03-07 23:01 +00:00:   port: 3000
2025-03-07 23:01 +00:00: }
2025-03-07 23:01 +00:00: [2025-03-07T23:01:13.672Z] [AI-WARROOM] [WARN] OpenRouter API key not provided. AI agents will not be available.
2025-03-07 23:01 +00:00: [2025-03-07T23:01:13.677Z] [AI-WARROOM] [ERROR] Static path does not exist: /root/code-server/dist/node/src/browser/pages
2025-03-07 23:01 +00:00: Error: listen EADDRINUSE: address already in use :::3000
2025-03-07 23:01 +00:00:     at Server.setupListenHandle [as _listen2] (node:net:1902:16)
2025-03-07 23:01 +00:00:     at listenInCluster (node:net:1959:12)
2025-03-07 23:01 +00:00:     at Server.listen (node:net:2061:7)
2025-03-07 23:01 +00:00:     at HttpServer.start (/root/code-server/dist/node/server.js:81:21)
2025-03-07 23:01 +00:00:     at Object.<anonymous> (/root/code-server/dist/node/server.js:93:13)
2025-03-07 23:01 +00:00:     at Module._compile (node:internal/modules/cjs/loader:1469:14)
2025-03-07 23:01 +00:00:     at Module._extensions..js (node:internal/modules/cjs/loader:1548:10)
2025-03-07 23:01 +00:00:     at Module.load (node:internal/modules/cjs/loader:1288:32)
2025-03-07 23:01 +00:00:     at Module._load (node:internal/modules/cjs/loader:1104:12)
2025-03-07 23:01 +00:00:     at Object.<anonymous> (/usr/local/lib/node_modules/pm2/lib/ProcessContainerFork.js:33:23) {
2025-03-07 23:01 +00:00:   code: 'EADDRINUSE',
2025-03-07 23:01 +00:00:   errno: -98,
2025-03-07 23:01 +00:00:   syscall: 'listen',
2025-03-07 23:01 +00:00:   address: '::',
2025-03-07 23:01 +00:00:   port: 3000
2025-03-07 23:01 +00:00: }
2025-03-07 23:01 +00:00: [2025-03-07T23:01:14.281Z] [AI-WARROOM] [WARN] OpenRouter API key not provided. AI agents will not be available.
2025-03-07 23:01 +00:00: [2025-03-07T23:01:14.287Z] [AI-WARROOM] [ERROR] Static path does not exist: /root/code-server/dist/node/src/browser/pages
2025-03-07 23:01 +00:00: Error: listen EADDRINUSE: address already in use :::3000
2025-03-07 23:01 +00:00:     at Server.setupListenHandle [as _listen2] (node:net:1902:16)
2025-03-07 23:01 +00:00:     at listenInCluster (node:net:1959:12)
2025-03-07 23:01 +00:00:     at Server.listen (node:net:2061:7)
2025-03-07 23:01 +00:00:     at HttpServer.start (/root/code-server/dist/node/server.js:81:21)
2025-03-07 23:01 +00:00:     at Object.<anonymous> (/root/code-server/dist/node/server.js:93:13)
2025-03-07 23:01 +00:00:     at Module._compile (node:internal/modules/cjs/loader:1469:14)
2025-03-07 23:01 +00:00:     at Module._extensions..js (node:internal/modules/cjs/loader:1548:10)
2025-03-07 23:01 +00:00:     at Module.load (node:internal/modules/cjs/loader:1288:32)
2025-03-07 23:01 +00:00:     at Module._load (node:internal/modules/cjs/loader:1104:12)
2025-03-07 23:01 +00:00:     at Object.<anonymous> (/usr/local/lib/node_modules/pm2/lib/ProcessContainerFork.js:33:23) {
2025-03-07 23:01 +00:00:   code: 'EADDRINUSE',
2025-03-07 23:01 +00:00:   errno: -98,
2025-03-07 23:01 +00:00:   syscall: 'listen',
2025-03-07 23:01 +00:00:   address: '::',
2025-03-07 23:01 +00:00:   port: 3000
2025-03-07 23:01 +00:00: }
2025-03-07 23:01 +00:00: [2025-03-07T23:01:14.887Z] [AI-WARROOM] [WARN] OpenRouter API key not provided. AI agents will not be available.
2025-03-07 23:01 +00:00: [2025-03-07T23:01:14.893Z] [AI-WARROOM] [ERROR] Static path does not exist: /root/code-server/dist/node/src/browser/pages
2025-03-07 23:01 +00:00: Error: listen EADDRINUSE: address already in use :::3000
2025-03-07 23:01 +00:00:     at Server.setupListenHandle [as _listen2] (node:net:1902:16)
2025-03-07 23:01 +00:00:     at listenInCluster (node:net:1959:12)
2025-03-07 23:01 +00:00:     at Server.listen (node:net:2061:7)
2025-03-07 23:01 +00:00:     at HttpServer.start (/root/code-server/dist/node/server.js:81:21)
2025-03-07 23:01 +00:00:     at Object.<anonymous> (/root/code-server/dist/node/server.js:93:13)
2025-03-07 23:01 +00:00:     at Module._compile (node:internal/modules/cjs/loader:1469:14)
2025-03-07 23:01 +00:00:     at Module._extensions..js (node:internal/modules/cjs/loader:1548:10)
2025-03-07 23:01 +00:00:     at Module.load (node:internal/modules/cjs/loader:1288:32)
2025-03-07 23:01 +00:00:     at Module._load (node:internal/modules/cjs/loader:1104:12)
2025-03-07 23:01 +00:00:     at Object.<anonymous> (/usr/local/lib/node_modules/pm2/lib/ProcessContainerFork.js:33:23) {
2025-03-07 23:01 +00:00:   code: 'EADDRINUSE',
2025-03-07 23:01 +00:00:   errno: -98,
2025-03-07 23:01 +00:00:   syscall: 'listen',
2025-03-07 23:01 +00:00:   address: '::',
2025-03-07 23:01 +00:00:   port: 3000
2025-03-07 23:01 +00:00: }
2025-03-07 23:01 +00:00: [2025-03-07T23:01:15.753Z] [AI-WARROOM] [WARN] OpenRouter API key not provided. AI agents will not be available.
2025-03-07 23:01 +00:00: [2025-03-07T23:01:15.764Z] [AI-WARROOM] [ERROR] Static path does not exist: /root/code-server/dist/node/src/browser/pages
2025-03-07 23:01 +00:00: Error: listen EADDRINUSE: address already in use :::3000
2025-03-07 23:01 +00:00:     at Server.setupListenHandle [as _listen2] (node:net:1902:16)
2025-03-07 23:01 +00:00:     at listenInCluster (node:net:1959:12)
2025-03-07 23:01 +00:00:     at Server.listen (node:net:2061:7)
2025-03-07 23:01 +00:00:     at HttpServer.start (/root/code-server/dist/node/server.js:81:21)
2025-03-07 23:01 +00:00:     at Object.<anonymous> (/root/code-server/dist/node/server.js:93:13)
2025-03-07 23:01 +00:00:     at Module._compile (node:internal/modules/cjs/loader:1469:14)
2025-03-07 23:01 +00:00:     at Module._extensions..js (node:internal/modules/cjs/loader:1548:10)
2025-03-07 23:01 +00:00:     at Module.load (node:internal/modules/cjs/loader:1288:32)
2025-03-07 23:01 +00:00:     at Module._load (node:internal/modules/cjs/loader:1104:12)
2025-03-07 23:01 +00:00:     at Object.<anonymous> (/usr/local/lib/node_modules/pm2/lib/ProcessContainerFork.js:33:23) {
2025-03-07 23:01 +00:00:   code: 'EADDRINUSE',
2025-03-07 23:01 +00:00:   errno: -98,
2025-03-07 23:01 +00:00:   syscall: 'listen',
2025-03-07 23:01 +00:00:   address: '::',
2025-03-07 23:01 +00:00:   port: 3000
2025-03-07 23:01 +00:00: }
2025-03-07 23:01 +00:00: [2025-03-07T23:01:16.759Z] [AI-WARROOM] [WARN] OpenRouter API key not provided. AI agents will not be available.
2025-03-07 23:01 +00:00: [2025-03-07T23:01:16.765Z] [AI-WARROOM] [ERROR] Static path does not exist: /root/code-server/dist/node/src/browser/pages
2025-03-07 23:01 +00:00: Error: listen EADDRINUSE: address already in use :::3000
2025-03-07 23:01 +00:00:     at Server.setupListenHandle [as _listen2] (node:net:1902:16)
2025-03-07 23:01 +00:00:     at listenInCluster (node:net:1959:12)
2025-03-07 23:01 +00:00:     at Server.listen (node:net:2061:7)
2025-03-07 23:01 +00:00:     at HttpServer.start (/root/code-server/dist/node/server.js:81:21)
2025-03-07 23:01 +00:00:     at Object.<anonymous> (/root/code-server/dist/node/server.js:93:13)
2025-03-07 23:01 +00:00:     at Module._compile (node:internal/modules/cjs/loader:1469:14)
2025-03-07 23:01 +00:00:     at Module._extensions..js (node:internal/modules/cjs/loader:1548:10)
2025-03-07 23:01 +00:00:     at Module.load (node:internal/modules/cjs/loader:1288:32)
2025-03-07 23:01 +00:00:     at Module._load (node:internal/modules/cjs/loader:1104:12)
2025-03-07 23:01 +00:00:     at Object.<anonymous> (/usr/local/lib/node_modules/pm2/lib/ProcessContainerFork.js:33:23) {
2025-03-07 23:01 +00:00:   code: 'EADDRINUSE',
2025-03-07 23:01 +00:00:   errno: -98,
2025-03-07 23:01 +00:00:   syscall: 'listen',
2025-03-07 23:01 +00:00:   address: '::',
2025-03-07 23:01 +00:00:   port: 3000
2025-03-07 23:01 +00:00: }
2025-03-07 23:01 +00:00: [2025-03-07T23:01:17.466Z] [AI-WARROOM] [WARN] OpenRouter API key not provided. AI agents will not be available.
2025-03-07 23:01 +00:00: [2025-03-07T23:01:17.470Z] [AI-WARROOM] [ERROR] Static path does not exist: /root/code-server/dist/node/src/browser/pages
2025-03-07 23:01 +00:00: Error: listen EADDRINUSE: address already in use :::3000
2025-03-07 23:01 +00:00:     at Server.setupListenHandle [as _listen2] (node:net:1902:16)
2025-03-07 23:01 +00:00:     at listenInCluster (node:net:1959:12)
2025-03-07 23:01 +00:00:     at Server.listen (node:net:2061:7)
2025-03-07 23:01 +00:00:     at HttpServer.start (/root/code-server/dist/node/server.js:81:21)
2025-03-07 23:01 +00:00:     at Object.<anonymous> (/root/code-server/dist/node/server.js:93:13)
2025-03-07 23:01 +00:00:     at Module._compile (node:internal/modules/cjs/loader:1469:14)
2025-03-07 23:01 +00:00:     at Module._extensions..js (node:internal/modules/cjs/loader:1548:10)
2025-03-07 23:01 +00:00:     at Module.load (node:internal/modules/cjs/loader:1288:32)
2025-03-07 23:01 +00:00:     at Module._load (node:internal/modules/cjs/loader:1104:12)
2025-03-07 23:01 +00:00:     at Object.<anonymous> (/usr/local/lib/node_modules/pm2/lib/ProcessContainerFork.js:33:23) {
2025-03-07 23:01 +00:00:   code: 'EADDRINUSE',
2025-03-07 23:01 +00:00:   errno: -98,
2025-03-07 23:01 +00:00:   syscall: 'listen',
2025-03-07 23:01 +00:00:   address: '::',
2025-03-07 23:01 +00:00:   port: 3000
2025-03-07 23:01 +00:00: }
2025-03-07 23:01 +00:00: [2025-03-07T23:01:18.079Z] [AI-WARROOM] [WARN] OpenRouter API key not provided. AI agents will not be available.
2025-03-07 23:01 +00:00: [2025-03-07T23:01:18.096Z] [AI-WARROOM] [ERROR] Static path does not exist: /root/code-server/dist/node/src/browser/pages
2025-03-07 23:01 +00:00: Error: listen EADDRINUSE: address already in use :::3000
2025-03-07 23:01 +00:00:     at Server.setupListenHandle [as _listen2] (node:net:1902:16)
2025-03-07 23:01 +00:00:     at listenInCluster (node:net:1959:12)
2025-03-07 23:01 +00:00:     at Server.listen (node:net:2061:7)
2025-03-07 23:01 +00:00:     at HttpServer.start (/root/code-server/dist/node/server.js:81:21)
2025-03-07 23:01 +00:00:     at Object.<anonymous> (/root/code-server/dist/node/server.js:93:13)
2025-03-07 23:01 +00:00:     at Module._compile (node:internal/modules/cjs/loader:1469:14)
2025-03-07 23:01 +00:00:     at Module._extensions..js (node:internal/modules/cjs/loader:1548:10)
2025-03-07 23:01 +00:00:     at Module.load (node:internal/modules/cjs/loader:1288:32)
2025-03-07 23:01 +00:00:     at Module._load (node:internal/modules/cjs/loader:1104:12)
2025-03-07 23:01 +00:00:     at Object.<anonymous> (/usr/local/lib/node_modules/pm2/lib/ProcessContainerFork.js:33:23) {
2025-03-07 23:01 +00:00:   code: 'EADDRINUSE',
2025-03-07 23:01 +00:00:   errno: -98,
2025-03-07 23:01 +00:00:   syscall: 'listen',
2025-03-07 23:01 +00:00:   address: '::',
2025-03-07 23:01 +00:00:   port: 3000
2025-03-07 23:01 +00:00: }
2025-03-07 23:01 +00:00: [2025-03-07T23:01:18.751Z] [AI-WARROOM] [WARN] OpenRouter API key not provided. AI agents will not be available.
2025-03-07 23:01 +00:00: [2025-03-07T23:01:18.766Z] [AI-WARROOM] [ERROR] Static path does not exist: /root/code-server/dist/node/src/browser/pages
2025-03-07 23:01 +00:00: Error: listen EADDRINUSE: address already in use :::3000
2025-03-07 23:01 +00:00:     at Server.setupListenHandle [as _listen2] (node:net:1902:16)
2025-03-07 23:01 +00:00:     at listenInCluster (node:net:1959:12)
2025-03-07 23:01 +00:00:     at Server.listen (node:net:2061:7)
2025-03-07 23:01 +00:00:     at HttpServer.start (/root/code-server/dist/node/server.js:81:21)
2025-03-07 23:01 +00:00:     at Object.<anonymous> (/root/code-server/dist/node/server.js:93:13)
2025-03-07 23:01 +00:00:     at Module._compile (node:internal/modules/cjs/loader:1469:14)
2025-03-07 23:01 +00:00:     at Module._extensions..js (node:internal/modules/cjs/loader:1548:10)
2025-03-07 23:01 +00:00:     at Module.load (node:internal/modules/cjs/loader:1288:32)
2025-03-07 23:01 +00:00:     at Module._load (node:internal/modules/cjs/loader:1104:12)
2025-03-07 23:01 +00:00:     at Object.<anonymous> (/usr/local/lib/node_modules/pm2/lib/ProcessContainerFork.js:33:23) {
2025-03-07 23:01 +00:00:   code: 'EADDRINUSE',
2025-03-07 23:01 +00:00:   errno: -98,
2025-03-07 23:01 +00:00:   syscall: 'listen',
2025-03-07 23:01 +00:00:   address: '::',
2025-03-07 23:01 +00:00:   port: 3000
2025-03-07 23:01 +00:00: }
2025-03-07 23:01 +00:00: [2025-03-07T23:01:19.386Z] [AI-WARROOM] [WARN] OpenRouter API key not provided. AI agents will not be available.
2025-03-07 23:01 +00:00: [2025-03-07T23:01:19.390Z] [AI-WARROOM] [ERROR] Static path does not exist: /root/code-server/dist/node/src/browser/pages
2025-03-07 23:01 +00:00: Error: listen EADDRINUSE: address already in use :::3000
2025-03-07 23:01 +00:00:     at Server.setupListenHandle [as _listen2] (node:net:1902:16)
2025-03-07 23:01 +00:00:     at listenInCluster (node:net:1959:12)
2025-03-07 23:01 +00:00:     at Server.listen (node:net:2061:7)
2025-03-07 23:01 +00:00:     at HttpServer.start (/root/code-server/dist/node/server.js:81:21)
2025-03-07 23:01 +00:00:     at Object.<anonymous> (/root/code-server/dist/node/server.js:93:13)
2025-03-07 23:01 +00:00:     at Module._compile (node:internal/modules/cjs/loader:1469:14)
2025-03-07 23:01 +00:00:     at Module._extensions..js (node:internal/modules/cjs/loader:1548:10)
2025-03-07 23:01 +00:00:     at Module.load (node:internal/modules/cjs/loader:1288:32)
2025-03-07 23:01 +00:00:     at Module._load (node:internal/modules/cjs/loader:1104:12)
2025-03-07 23:01 +00:00:     at Object.<anonymous> (/usr/local/lib/node_modules/pm2/lib/ProcessContainerFork.js:33:23) {
2025-03-07 23:01 +00:00:   code: 'EADDRINUSE',
2025-03-07 23:01 +00:00:   errno: -98,
2025-03-07 23:01 +00:00:   syscall: 'listen',
2025-03-07 23:01 +00:00:   address: '::',
2025-03-07 23:01 +00:00:   port: 3000
2025-03-07 23:01 +00:00: }
2025-03-07 23:01 +00:00: [2025-03-07T23:01:19.978Z] [AI-WARROOM] [WARN] OpenRouter API key not provided. AI agents will not be available.
2025-03-07 23:01 +00:00: [2025-03-07T23:01:19.983Z] [AI-WARROOM] [ERROR] Static path does not exist: /root/code-server/dist/node/src/browser/pages
2025-03-07 23:01 +00:00: Error: listen EADDRINUSE: address already in use :::3000
2025-03-07 23:01 +00:00:     at Server.setupListenHandle [as _listen2] (node:net:1902:16)
2025-03-07 23:01 +00:00:     at listenInCluster (node:net:1959:12)
2025-03-07 23:01 +00:00:     at Server.listen (node:net:2061:7)
2025-03-07 23:01 +00:00:     at HttpServer.start (/root/code-server/dist/node/server.js:81:21)
2025-03-07 23:01 +00:00:     at Object.<anonymous> (/root/code-server/dist/node/server.js:93:13)
2025-03-07 23:01 +00:00:     at Module._compile (node:internal/modules/cjs/loader:1469:14)
2025-03-07 23:01 +00:00:     at Module._extensions..js (node:internal/modules/cjs/loader:1548:10)
2025-03-07 23:01 +00:00:     at Module.load (node:internal/modules/cjs/loader:1288:32)
2025-03-07 23:01 +00:00:     at Module._load (node:internal/modules/cjs/loader:1104:12)
2025-03-07 23:01 +00:00:     at Object.<anonymous> (/usr/local/lib/node_modules/pm2/lib/ProcessContainerFork.js:33:23) {
2025-03-07 23:01 +00:00:   code: 'EADDRINUSE',
2025-03-07 23:01 +00:00:   errno: -98,
2025-03-07 23:01 +00:00:   syscall: 'listen',
2025-03-07 23:01 +00:00:   address: '::',
2025-03-07 23:01 +00:00:   port: 3000
2025-03-07 23:01 +00:00: }
2025-03-07 23:01 +00:00: [2025-03-07T23:01:20.550Z] [AI-WARROOM] [WARN] OpenRouter API key not provided. AI agents will not be available.
2025-03-07 23:01 +00:00: [2025-03-07T23:01:20.556Z] [AI-WARROOM] [ERROR] Static path does not exist: /root/code-server/dist/node/src/browser/pages
2025-03-07 23:01 +00:00: Error: listen EADDRINUSE: address already in use :::3000
2025-03-07 23:01 +00:00:     at Server.setupListenHandle [as _listen2] (node:net:1902:16)
2025-03-07 23:01 +00:00:     at listenInCluster (node:net:1959:12)
2025-03-07 23:01 +00:00:     at Server.listen (node:net:2061:7)
2025-03-07 23:01 +00:00:     at HttpServer.start (/root/code-server/dist/node/server.js:81:21)
2025-03-07 23:01 +00:00:     at Object.<anonymous> (/root/code-server/dist/node/server.js:93:13)
2025-03-07 23:01 +00:00:     at Module._compile (node:internal/modules/cjs/loader:1469:14)
2025-03-07 23:01 +00:00:     at Module._extensions..js (node:internal/modules/cjs/loader:1548:10)
2025-03-07 23:01 +00:00:     at Module.load (node:internal/modules/cjs/loader:1288:32)
2025-03-07 23:01 +00:00:     at Module._load (node:internal/modules/cjs/loader:1104:12)
2025-03-07 23:01 +00:00:     at Object.<anonymous> (/usr/local/lib/node_modules/pm2/lib/ProcessContainerFork.js:33:23) {
2025-03-07 23:01 +00:00:   code: 'EADDRINUSE',
2025-03-07 23:01 +00:00:   errno: -98,
2025-03-07 23:01 +00:00:   syscall: 'listen',
2025-03-07 23:01 +00:00:   address: '::',
2025-03-07 23:01 +00:00:   port: 3000
2025-03-07 23:01 +00:00: }
2025-03-07 23:01 +00:00: [2025-03-07T23:01:21.159Z] [AI-WARROOM] [WARN] OpenRouter API key not provided. AI agents will not be available.
2025-03-07 23:01 +00:00: [2025-03-07T23:01:21.164Z] [AI-WARROOM] [ERROR] Static path does not exist: /root/code-server/dist/node/src/browser/pages
2025-03-07 23:01 +00:00: Error: listen EADDRINUSE: address already in use :::3000
2025-03-07 23:01 +00:00:     at Server.setupListenHandle [as _listen2] (node:net:1902:16)
2025-03-07 23:01 +00:00:     at listenInCluster (node:net:1959:12)
2025-03-07 23:01 +00:00:     at Server.listen (node:net:2061:7)
2025-03-07 23:01 +00:00:     at HttpServer.start (/root/code-server/dist/node/server.js:81:21)
2025-03-07 23:01 +00:00:     at Object.<anonymous> (/root/code-server/dist/node/server.js:93:13)
2025-03-07 23:01 +00:00:     at Module._compile (node:internal/modules/cjs/loader:1469:14)
2025-03-07 23:01 +00:00:     at Module._extensions..js (node:internal/modules/cjs/loader:1548:10)
2025-03-07 23:01 +00:00:     at Module.load (node:internal/modules/cjs/loader:1288:32)
2025-03-07 23:01 +00:00:     at Module._load (node:internal/modules/cjs/loader:1104:12)
2025-03-07 23:01 +00:00:     at Object.<anonymous> (/usr/local/lib/node_modules/pm2/lib/ProcessContainerFork.js:33:23) {
2025-03-07 23:01 +00:00:   code: 'EADDRINUSE',
2025-03-07 23:01 +00:00:   errno: -98,
2025-03-07 23:01 +00:00:   syscall: 'listen',
2025-03-07 23:01 +00:00:   address: '::',
2025-03-07 23:01 +00:00:   port: 3000
2025-03-07 23:01 +00:00: }
2025-03-07 23:01 +00:00: [2025-03-07T23:01:21.725Z] [AI-WARROOM] [WARN] OpenRouter API key not provided. AI agents will not be available.
2025-03-07 23:01 +00:00: [2025-03-07T23:01:21.731Z] [AI-WARROOM] [ERROR] Static path does not exist: /root/code-server/dist/node/src/browser/pages
2025-03-07 23:01 +00:00: Error: listen EADDRINUSE: address already in use :::3000
2025-03-07 23:01 +00:00:     at Server.setupListenHandle [as _listen2] (node:net:1902:16)
2025-03-07 23:01 +00:00:     at listenInCluster (node:net:1959:12)
2025-03-07 23:01 +00:00:     at Server.listen (node:net:2061:7)
2025-03-07 23:01 +00:00:     at HttpServer.start (/root/code-server/dist/node/server.js:81:21)
2025-03-07 23:01 +00:00:     at Object.<anonymous> (/root/code-server/dist/node/server.js:93:13)
2025-03-07 23:01 +00:00:     at Module._compile (node:internal/modules/cjs/loader:1469:14)
2025-03-07 23:01 +00:00:     at Module._extensions..js (node:internal/modules/cjs/loader:1548:10)
2025-03-07 23:01 +00:00:     at Module.load (node:internal/modules/cjs/loader:1288:32)
2025-03-07 23:01 +00:00:     at Module._load (node:internal/modules/cjs/loader:1104:12)
2025-03-07 23:01 +00:00:     at Object.<anonymous> (/usr/local/lib/node_modules/pm2/lib/ProcessContainerFork.js:33:23) {
2025-03-07 23:01 +00:00:   code: 'EADDRINUSE',
2025-03-07 23:01 +00:00:   errno: -98,
2025-03-07 23:01 +00:00:   syscall: 'listen',
2025-03-07 23:01 +00:00:   address: '::',
2025-03-07 23:01 +00:00:   port: 3000
2025-03-07 23:01 +00:00: }
2025-03-07 23:01 +00:00: [2025-03-07T23:01:22.323Z] [AI-WARROOM] [WARN] OpenRouter API key not provided. AI agents will not be available.
2025-03-07 23:01 +00:00: [2025-03-07T23:01:22.331Z] [AI-WARROOM] [ERROR] Static path does not exist: /root/code-server/dist/node/src/browser/pages
2025-03-07 23:01 +00:00: Error: listen EADDRINUSE: address already in use :::3000
2025-03-07 23:01 +00:00:     at Server.setupListenHandle [as _listen2] (node:net:1902:16)
2025-03-07 23:01 +00:00:     at listenInCluster (node:net:1959:12)
2025-03-07 23:01 +00:00:     at Server.listen (node:net:2061:7)
2025-03-07 23:01 +00:00:     at HttpServer.start (/root/code-server/dist/node/server.js:81:21)
2025-03-07 23:01 +00:00:     at Object.<anonymous> (/root/code-server/dist/node/server.js:93:13)
2025-03-07 23:01 +00:00:     at Module._compile (node:internal/modules/cjs/loader:1469:14)
2025-03-07 23:01 +00:00:     at Module._extensions..js (node:internal/modules/cjs/loader:1548:10)
2025-03-07 23:01 +00:00:     at Module.load (node:internal/modules/cjs/loader:1288:32)
2025-03-07 23:01 +00:00:     at Module._load (node:internal/modules/cjs/loader:1104:12)
2025-03-07 23:01 +00:00:     at Object.<anonymous> (/usr/local/lib/node_modules/pm2/lib/ProcessContainerFork.js:33:23) {
2025-03-07 23:01 +00:00:   code: 'EADDRINUSE',
2025-03-07 23:01 +00:00:   errno: -98,
2025-03-07 23:01 +00:00:   syscall: 'listen',
2025-03-07 23:01 +00:00:   address: '::',
2025-03-07 23:01 +00:00:   port: 3000
2025-03-07 23:01 +00:00: }
2025-03-07 23:01 +00:00: [2025-03-07T23:01:22.937Z] [AI-WARROOM] [WARN] OpenRouter API key not provided. AI agents will not be available.
2025-03-07 23:01 +00:00: [2025-03-07T23:01:22.954Z] [AI-WARROOM] [ERROR] Static path does not exist: /root/code-server/dist/node/src/browser/pages
2025-03-07 23:01 +00:00: Error: listen EADDRINUSE: address already in use :::3000
2025-03-07 23:01 +00:00:     at Server.setupListenHandle [as _listen2] (node:net:1902:16)
2025-03-07 23:01 +00:00:     at listenInCluster (node:net:1959:12)
2025-03-07 23:01 +00:00:     at Server.listen (node:net:2061:7)
2025-03-07 23:01 +00:00:     at HttpServer.start (/root/code-server/dist/node/server.js:81:21)
2025-03-07 23:01 +00:00:     at Object.<anonymous> (/root/code-server/dist/node/server.js:93:13)
2025-03-07 23:01 +00:00:     at Module._compile (node:internal/modules/cjs/loader:1469:14)
2025-03-07 23:01 +00:00:     at Module._extensions..js (node:internal/modules/cjs/loader:1548:10)
2025-03-07 23:01 +00:00:     at Module.load (node:internal/modules/cjs/loader:1288:32)
2025-03-07 23:01 +00:00:     at Module._load (node:internal/modules/cjs/loader:1104:12)
2025-03-07 23:01 +00:00:     at Object.<anonymous> (/usr/local/lib/node_modules/pm2/lib/ProcessContainerFork.js:33:23) {
2025-03-07 23:01 +00:00:   code: 'EADDRINUSE',
2025-03-07 23:01 +00:00:   errno: -98,
2025-03-07 23:01 +00:00:   syscall: 'listen',
2025-03-07 23:01 +00:00:   address: '::',
2025-03-07 23:01 +00:00:   port: 3000
2025-03-07 23:01 +00:00: }
2025-03-07 23:01 +00:00: [2025-03-07T23:01:23.510Z] [AI-WARROOM] [WARN] OpenRouter API key not provided. AI agents will not be available.
2025-03-07 23:01 +00:00: [2025-03-07T23:01:23.514Z] [AI-WARROOM] [ERROR] Static path does not exist: /root/code-server/dist/node/src/browser/pages
2025-03-07 23:01 +00:00: Error: listen EADDRINUSE: address already in use :::3000
2025-03-07 23:01 +00:00:     at Server.setupListenHandle [as _listen2] (node:net:1902:16)
2025-03-07 23:01 +00:00:     at listenInCluster (node:net:1959:12)
2025-03-07 23:01 +00:00:     at Server.listen (node:net:2061:7)
2025-03-07 23:01 +00:00:     at HttpServer.start (/root/code-server/dist/node/server.js:81:21)
2025-03-07 23:01 +00:00:     at Object.<anonymous> (/root/code-server/dist/node/server.js:93:13)
2025-03-07 23:01 +00:00:     at Module._compile (node:internal/modules/cjs/loader:1469:14)
2025-03-07 23:01 +00:00:     at Module._extensions..js (node:internal/modules/cjs/loader:1548:10)
2025-03-07 23:01 +00:00:     at Module.load (node:internal/modules/cjs/loader:1288:32)
2025-03-07 23:01 +00:00:     at Module._load (node:internal/modules/cjs/loader:1104:12)
2025-03-07 23:01 +00:00:     at Object.<anonymous> (/usr/local/lib/node_modules/pm2/lib/ProcessContainerFork.js:33:23) {
2025-03-07 23:01 +00:00:   code: 'EADDRINUSE',
2025-03-07 23:01 +00:00:   errno: -98,
2025-03-07 23:01 +00:00:   syscall: 'listen',
2025-03-07 23:01 +00:00:   address: '::',
2025-03-07 23:01 +00:00:   port: 3000
2025-03-07 23:01 +00:00: }
2025-03-07 23:01 +00:00: [2025-03-07T23:01:24.137Z] [AI-WARROOM] [WARN] OpenRouter API key not provided. AI agents will not be available.
2025-03-07 23:01 +00:00: [2025-03-07T23:01:24.153Z] [AI-WARROOM] [ERROR] Static path does not exist: /root/code-server/dist/node/src/browser/pages
2025-03-07 23:01 +00:00: Error: listen EADDRINUSE: address already in use :::3000
2025-03-07 23:01 +00:00:     at Server.setupListenHandle [as _listen2] (node:net:1902:16)
2025-03-07 23:01 +00:00:     at listenInCluster (node:net:1959:12)
2025-03-07 23:01 +00:00:     at Server.listen (node:net:2061:7)
2025-03-07 23:01 +00:00:     at HttpServer.start (/root/code-server/dist/node/server.js:81:21)
2025-03-07 23:01 +00:00:     at Object.<anonymous> (/root/code-server/dist/node/server.js:93:13)
2025-03-07 23:01 +00:00:     at Module._compile (node:internal/modules/cjs/loader:1469:14)
2025-03-07 23:01 +00:00:     at Module._extensions..js (node:internal/modules/cjs/loader:1548:10)
2025-03-07 23:01 +00:00:     at Module.load (node:internal/modules/cjs/loader:1288:32)
2025-03-07 23:01 +00:00:     at Module._load (node:internal/modules/cjs/loader:1104:12)
2025-03-07 23:01 +00:00:     at Object.<anonymous> (/usr/local/lib/node_modules/pm2/lib/ProcessContainerFork.js:33:23) {
2025-03-07 23:01 +00:00:   code: 'EADDRINUSE',
2025-03-07 23:01 +00:00:   errno: -98,
2025-03-07 23:01 +00:00:   syscall: 'listen',
2025-03-07 23:01 +00:00:   address: '::',
2025-03-07 23:01 +00:00:   port: 3000
2025-03-07 23:01 +00:00: }
2025-03-07 23:01 +00:00: [2025-03-07T23:01:24.694Z] [AI-WARROOM] [WARN] OpenRouter API key not provided. AI agents will not be available.
2025-03-07 23:01 +00:00: [2025-03-07T23:01:24.698Z] [AI-WARROOM] [ERROR] Static path does not exist: /root/code-server/dist/node/src/browser/pages
2025-03-07 23:01 +00:00: Error: listen EADDRINUSE: address already in use :::3000
2025-03-07 23:01 +00:00:     at Server.setupListenHandle [as _listen2] (node:net:1902:16)
2025-03-07 23:01 +00:00:     at listenInCluster (node:net:1959:12)
2025-03-07 23:01 +00:00:     at Server.listen (node:net:2061:7)
2025-03-07 23:01 +00:00:     at HttpServer.start (/root/code-server/dist/node/server.js:81:21)
2025-03-07 23:01 +00:00:     at Object.<anonymous> (/root/code-server/dist/node/server.js:93:13)
2025-03-07 23:01 +00:00:     at Module._compile (node:internal/modules/cjs/loader:1469:14)
2025-03-07 23:01 +00:00:     at Module._extensions..js (node:internal/modules/cjs/loader:1548:10)
2025-03-07 23:01 +00:00:     at Module.load (node:internal/modules/cjs/loader:1288:32)
2025-03-07 23:01 +00:00:     at Module._load (node:internal/modules/cjs/loader:1104:12)
2025-03-07 23:01 +00:00:     at Object.<anonymous> (/usr/local/lib/node_modules/pm2/lib/ProcessContainerFork.js:33:23) {
2025-03-07 23:01 +00:00:   code: 'EADDRINUSE',
2025-03-07 23:01 +00:00:   errno: -98,
2025-03-07 23:01 +00:00:   syscall: 'listen',
2025-03-07 23:01 +00:00:   address: '::',
2025-03-07 23:01 +00:00:   port: 3000
2025-03-07 23:01 +00:00: }
2025-03-07 23:01 +00:00: [2025-03-07T23:01:25.372Z] [AI-WARROOM] [WARN] OpenRouter API key not provided. AI agents will not be available.
2025-03-07 23:01 +00:00: [2025-03-07T23:01:25.387Z] [AI-WARROOM] [ERROR] Static path does not exist: /root/code-server/dist/node/src/browser/pages
2025-03-07 23:01 +00:00: Error: listen EADDRINUSE: address already in use :::3000
2025-03-07 23:01 +00:00:     at Server.setupListenHandle [as _listen2] (node:net:1902:16)
2025-03-07 23:01 +00:00:     at listenInCluster (node:net:1959:12)
2025-03-07 23:01 +00:00:     at Server.listen (node:net:2061:7)
2025-03-07 23:01 +00:00:     at HttpServer.start (/root/code-server/dist/node/server.js:81:21)
2025-03-07 23:01 +00:00:     at Object.<anonymous> (/root/code-server/dist/node/server.js:93:13)
2025-03-07 23:01 +00:00:     at Module._compile (node:internal/modules/cjs/loader:1469:14)
2025-03-07 23:01 +00:00:     at Module._extensions..js (node:internal/modules/cjs/loader:1548:10)
2025-03-07 23:01 +00:00:     at Module.load (node:internal/modules/cjs/loader:1288:32)
2025-03-07 23:01 +00:00:     at Module._load (node:internal/modules/cjs/loader:1104:12)
2025-03-07 23:01 +00:00:     at Object.<anonymous> (/usr/local/lib/node_modules/pm2/lib/ProcessContainerFork.js:33:23) {
2025-03-07 23:01 +00:00:   code: 'EADDRINUSE',
2025-03-07 23:01 +00:00:   errno: -98,
2025-03-07 23:01 +00:00:   syscall: 'listen',
2025-03-07 23:01 +00:00:   address: '::',
2025-03-07 23:01 +00:00:   port: 3000
2025-03-07 23:01 +00:00: }
2025-03-07 23:01 +00:00: [2025-03-07T23:01:25.997Z] [AI-WARROOM] [WARN] OpenRouter API key not provided. AI agents will not be available.
2025-03-07 23:01 +00:00: [2025-03-07T23:01:26.002Z] [AI-WARROOM] [ERROR] Static path does not exist: /root/code-server/dist/node/src/browser/pages
2025-03-07 23:01 +00:00: Error: listen EADDRINUSE: address already in use :::3000
2025-03-07 23:01 +00:00:     at Server.setupListenHandle [as _listen2] (node:net:1902:16)
2025-03-07 23:01 +00:00:     at listenInCluster (node:net:1959:12)
2025-03-07 23:01 +00:00:     at Server.listen (node:net:2061:7)
2025-03-07 23:01 +00:00:     at HttpServer.start (/root/code-server/dist/node/server.js:81:21)
2025-03-07 23:01 +00:00:     at Object.<anonymous> (/root/code-server/dist/node/server.js:93:13)
2025-03-07 23:01 +00:00:     at Module._compile (node:internal/modules/cjs/loader:1469:14)
2025-03-07 23:01 +00:00:     at Module._extensions..js (node:internal/modules/cjs/loader:1548:10)
2025-03-07 23:01 +00:00:     at Module.load (node:internal/modules/cjs/loader:1288:32)
2025-03-07 23:01 +00:00:     at Module._load (node:internal/modules/cjs/loader:1104:12)
2025-03-07 23:01 +00:00:     at Object.<anonymous> (/usr/local/lib/node_modules/pm2/lib/ProcessContainerFork.js:33:23) {
2025-03-07 23:01 +00:00:   code: 'EADDRINUSE',
2025-03-07 23:01 +00:00:   errno: -98,
2025-03-07 23:01 +00:00:   syscall: 'listen',
2025-03-07 23:01 +00:00:   address: '::',
2025-03-07 23:01 +00:00:   port: 3000
2025-03-07 23:01 +00:00: }
2025-03-07 23:01 +00:00: [2025-03-07T23:01:26.584Z] [AI-WARROOM] [WARN] OpenRouter API key not provided. AI agents will not be available.
2025-03-07 23:01 +00:00: [2025-03-07T23:01:26.591Z] [AI-WARROOM] [ERROR] Static path does not exist: /root/code-server/dist/node/src/browser/pages
2025-03-07 23:01 +00:00: Error: listen EADDRINUSE: address already in use :::3000
2025-03-07 23:01 +00:00:     at Server.setupListenHandle [as _listen2] (node:net:1902:16)
2025-03-07 23:01 +00:00:     at listenInCluster (node:net:1959:12)
2025-03-07 23:01 +00:00:     at Server.listen (node:net:2061:7)
2025-03-07 23:01 +00:00:     at HttpServer.start (/root/code-server/dist/node/server.js:81:21)
2025-03-07 23:01 +00:00:     at Object.<anonymous> (/root/code-server/dist/node/server.js:93:13)
2025-03-07 23:01 +00:00:     at Module._compile (node:internal/modules/cjs/loader:1469:14)
2025-03-07 23:01 +00:00:     at Module._extensions..js (node:internal/modules/cjs/loader:1548:10)
2025-03-07 23:01 +00:00:     at Module.load (node:internal/modules/cjs/loader:1288:32)
2025-03-07 23:01 +00:00:     at Module._load (node:internal/modules/cjs/loader:1104:12)
2025-03-07 23:01 +00:00:     at Object.<anonymous> (/usr/local/lib/node_modules/pm2/lib/ProcessContainerFork.js:33:23) {
2025-03-07 23:01 +00:00:   code: 'EADDRINUSE',
2025-03-07 23:01 +00:00:   errno: -98,
2025-03-07 23:01 +00:00:   syscall: 'listen',
2025-03-07 23:01 +00:00:   address: '::',
2025-03-07 23:01 +00:00:   port: 3000
2025-03-07 23:01 +00:00: }
2025-03-07 23:01 +00:00: [2025-03-07T23:01:27.233Z] [AI-WARROOM] [WARN] OpenRouter API key not provided. AI agents will not be available.
2025-03-07 23:01 +00:00: [2025-03-07T23:01:27.242Z] [AI-WARROOM] [ERROR] Static path does not exist: /root/code-server/dist/node/src/browser/pages
2025-03-07 23:01 +00:00: Error: listen EADDRINUSE: address already in use :::3000
2025-03-07 23:01 +00:00:     at Server.setupListenHandle [as _listen2] (node:net:1902:16)
2025-03-07 23:01 +00:00:     at listenInCluster (node:net:1959:12)
2025-03-07 23:01 +00:00:     at Server.listen (node:net:2061:7)
2025-03-07 23:01 +00:00:     at HttpServer.start (/root/code-server/dist/node/server.js:81:21)
2025-03-07 23:01 +00:00:     at Object.<anonymous> (/root/code-server/dist/node/server.js:93:13)
2025-03-07 23:01 +00:00:     at Module._compile (node:internal/modules/cjs/loader:1469:14)
2025-03-07 23:01 +00:00:     at Module._extensions..js (node:internal/modules/cjs/loader:1548:10)
2025-03-07 23:01 +00:00:     at Module.load (node:internal/modules/cjs/loader:1288:32)
2025-03-07 23:01 +00:00:     at Module._load (node:internal/modules/cjs/loader:1104:12)
2025-03-07 23:01 +00:00:     at Object.<anonymous> (/usr/local/lib/node_modules/pm2/lib/ProcessContainerFork.js:33:23) {
2025-03-07 23:01 +00:00:   code: 'EADDRINUSE',
2025-03-07 23:01 +00:00:   errno: -98,
2025-03-07 23:01 +00:00:   syscall: 'listen',
2025-03-07 23:01 +00:00:   address: '::',
2025-03-07 23:01 +00:00:   port: 3000
2025-03-07 23:01 +00:00: }
2025-03-07 23:01 +00:00: [2025-03-07T23:01:27.799Z] [AI-WARROOM] [WARN] OpenRouter API key not provided. AI agents will not be available.
2025-03-07 23:01 +00:00: [2025-03-07T23:01:27.809Z] [AI-WARROOM] [ERROR] Static path does not exist: /root/code-server/dist/node/src/browser/pages
2025-03-07 23:01 +00:00: Error: listen EADDRINUSE: address already in use :::3000
2025-03-07 23:01 +00:00:     at Server.setupListenHandle [as _listen2] (node:net:1902:16)
2025-03-07 23:01 +00:00:     at listenInCluster (node:net:1959:12)
2025-03-07 23:01 +00:00:     at Server.listen (node:net:2061:7)
2025-03-07 23:01 +00:00:     at HttpServer.start (/root/code-server/dist/node/server.js:81:21)
2025-03-07 23:01 +00:00:     at Object.<anonymous> (/root/code-server/dist/node/server.js:93:13)
2025-03-07 23:01 +00:00:     at Module._compile (node:internal/modules/cjs/loader:1469:14)
2025-03-07 23:01 +00:00:     at Module._extensions..js (node:internal/modules/cjs/loader:1548:10)
2025-03-07 23:01 +00:00:     at Module.load (node:internal/modules/cjs/loader:1288:32)
2025-03-07 23:01 +00:00:     at Module._load (node:internal/modules/cjs/loader:1104:12)
2025-03-07 23:01 +00:00:     at Object.<anonymous> (/usr/local/lib/node_modules/pm2/lib/ProcessContainerFork.js:33:23) {
2025-03-07 23:01 +00:00:   code: 'EADDRINUSE',
2025-03-07 23:01 +00:00:   errno: -98,
2025-03-07 23:01 +00:00:   syscall: 'listen',
2025-03-07 23:01 +00:00:   address: '::',
2025-03-07 23:01 +00:00:   port: 3000
2025-03-07 23:01 +00:00: }
2025-03-07 23:01 +00:00: [2025-03-07T23:01:28.414Z] [AI-WARROOM] [WARN] OpenRouter API key not provided. AI agents will not be available.
2025-03-07 23:01 +00:00: [2025-03-07T23:01:28.419Z] [AI-WARROOM] [ERROR] Static path does not exist: /root/code-server/dist/node/src/browser/pages
2025-03-07 23:01 +00:00: Error: listen EADDRINUSE: address already in use :::3000
2025-03-07 23:01 +00:00:     at Server.setupListenHandle [as _listen2] (node:net:1902:16)
2025-03-07 23:01 +00:00:     at listenInCluster (node:net:1959:12)
2025-03-07 23:01 +00:00:     at Server.listen (node:net:2061:7)
2025-03-07 23:01 +00:00:     at HttpServer.start (/root/code-server/dist/node/server.js:81:21)
2025-03-07 23:01 +00:00:     at Object.<anonymous> (/root/code-server/dist/node/server.js:93:13)
2025-03-07 23:01 +00:00:     at Module._compile (node:internal/modules/cjs/loader:1469:14)
2025-03-07 23:01 +00:00:     at Module._extensions..js (node:internal/modules/cjs/loader:1548:10)
2025-03-07 23:01 +00:00:     at Module.load (node:internal/modules/cjs/loader:1288:32)
2025-03-07 23:01 +00:00:     at Module._load (node:internal/modules/cjs/loader:1104:12)
2025-03-07 23:01 +00:00:     at Object.<anonymous> (/usr/local/lib/node_modules/pm2/lib/ProcessContainerFork.js:33:23) {
2025-03-07 23:01 +00:00:   code: 'EADDRINUSE',
2025-03-07 23:01 +00:00:   errno: -98,
2025-03-07 23:01 +00:00:   syscall: 'listen',
2025-03-07 23:01 +00:00:   address: '::',
2025-03-07 23:01 +00:00:   port: 3000
2025-03-07 23:01 +00:00: }
2025-03-07 23:01 +00:00: [2025-03-07T23:01:29.004Z] [AI-WARROOM] [WARN] OpenRouter API key not provided. AI agents will not be available.
2025-03-07 23:01 +00:00: [2025-03-07T23:01:29.011Z] [AI-WARROOM] [ERROR] Static path does not exist: /root/code-server/dist/node/src/browser/pages
2025-03-07 23:01 +00:00: Error: listen EADDRINUSE: address already in use :::3000
2025-03-07 23:01 +00:00:     at Server.setupListenHandle [as _listen2] (node:net:1902:16)
2025-03-07 23:01 +00:00:     at listenInCluster (node:net:1959:12)
2025-03-07 23:01 +00:00:     at Server.listen (node:net:2061:7)
2025-03-07 23:01 +00:00:     at HttpServer.start (/root/code-server/dist/node/server.js:81:21)
2025-03-07 23:01 +00:00:     at Object.<anonymous> (/root/code-server/dist/node/server.js:93:13)
2025-03-07 23:01 +00:00:     at Module._compile (node:internal/modules/cjs/loader:1469:14)
2025-03-07 23:01 +00:00:     at Module._extensions..js (node:internal/modules/cjs/loader:1548:10)
2025-03-07 23:01 +00:00:     at Module.load (node:internal/modules/cjs/loader:1288:32)
2025-03-07 23:01 +00:00:     at Module._load (node:internal/modules/cjs/loader:1104:12)
2025-03-07 23:01 +00:00:     at Object.<anonymous> (/usr/local/lib/node_modules/pm2/lib/ProcessContainerFork.js:33:23) {
2025-03-07 23:01 +00:00:   code: 'EADDRINUSE',
2025-03-07 23:01 +00:00:   errno: -98,
2025-03-07 23:01 +00:00:   syscall: 'listen',
2025-03-07 23:01 +00:00:   address: '::',
2025-03-07 23:01 +00:00:   port: 3000
2025-03-07 23:01 +00:00: }
2025-03-07 23:01 +00:00: [2025-03-07T23:01:29.715Z] [AI-WARROOM] [WARN] OpenRouter API key not provided. AI agents will not be available.
2025-03-07 23:01 +00:00: [2025-03-07T23:01:29.721Z] [AI-WARROOM] [ERROR] Static path does not exist: /root/code-server/dist/node/src/browser/pages
2025-03-07 23:01 +00:00: Error: listen EADDRINUSE: address already in use :::3000
2025-03-07 23:01 +00:00:     at Server.setupListenHandle [as _listen2] (node:net:1902:16)
2025-03-07 23:01 +00:00:     at listenInCluster (node:net:1959:12)
2025-03-07 23:01 +00:00:     at Server.listen (node:net:2061:7)
2025-03-07 23:01 +00:00:     at HttpServer.start (/root/code-server/dist/node/server.js:81:21)
2025-03-07 23:01 +00:00:     at Object.<anonymous> (/root/code-server/dist/node/server.js:93:13)
2025-03-07 23:01 +00:00:     at Module._compile (node:internal/modules/cjs/loader:1469:14)
2025-03-07 23:01 +00:00:     at Module._extensions..js (node:internal/modules/cjs/loader:1548:10)
2025-03-07 23:01 +00:00:     at Module.load (node:internal/modules/cjs/loader:1288:32)
2025-03-07 23:01 +00:00:     at Module._load (node:internal/modules/cjs/loader:1104:12)
2025-03-07 23:01 +00:00:     at Object.<anonymous> (/usr/local/lib/node_modules/pm2/lib/ProcessContainerFork.js:33:23) {
2025-03-07 23:01 +00:00:   code: 'EADDRINUSE',
2025-03-07 23:01 +00:00:   errno: -98,
2025-03-07 23:01 +00:00:   syscall: 'listen',
2025-03-07 23:01 +00:00:   address: '::',
2025-03-07 23:01 +00:00:   port: 3000
2025-03-07 23:01 +00:00: }
2025-03-07 23:01 +00:00: [2025-03-07T23:01:30.394Z] [AI-WARROOM] [WARN] OpenRouter API key not provided. AI agents will not be available.
2025-03-07 23:01 +00:00: [2025-03-07T23:01:30.415Z] [AI-WARROOM] [ERROR] Static path does not exist: /root/code-server/dist/node/src/browser/pages
2025-03-07 23:01 +00:00: [2025-03-07T23:01:31.047Z] [AI-WARROOM] [WARN] OpenRouter API key not provided. AI agents will not be available.
2025-03-07 23:01 +00:00: [2025-03-07T23:01:31.051Z] [AI-WARROOM] [ERROR] Static path does not exist: /root/code-server/dist/node/src/browser/pages
2025-03-07 23:01 +00:00: Error: listen EADDRINUSE: address already in use :::3000
2025-03-07 23:01 +00:00:     at Server.setupListenHandle [as _listen2] (node:net:1902:16)
2025-03-07 23:01 +00:00:     at listenInCluster (node:net:1959:12)
2025-03-07 23:01 +00:00:     at Server.listen (node:net:2061:7)
2025-03-07 23:01 +00:00:     at HttpServer.start (/root/code-server/dist/node/server.js:81:21)
2025-03-07 23:01 +00:00:     at Object.<anonymous> (/root/code-server/dist/node/server.js:93:13)
2025-03-07 23:01 +00:00:     at Module._compile (node:internal/modules/cjs/loader:1469:14)
2025-03-07 23:01 +00:00:     at Module._extensions..js (node:internal/modules/cjs/loader:1548:10)
2025-03-07 23:01 +00:00:     at Module.load (node:internal/modules/cjs/loader:1288:32)
2025-03-07 23:01 +00:00:     at Module._load (node:internal/modules/cjs/loader:1104:12)
2025-03-07 23:01 +00:00:     at Object.<anonymous> (/usr/local/lib/node_modules/pm2/lib/ProcessContainerFork.js:33:23) {
2025-03-07 23:01 +00:00:   code: 'EADDRINUSE',
2025-03-07 23:01 +00:00:   errno: -98,
2025-03-07 23:01 +00:00:   syscall: 'listen',
2025-03-07 23:01 +00:00:   address: '::',
2025-03-07 23:01 +00:00:   port: 3000
2025-03-07 23:01 +00:00: }
2025-03-07 23:01 +00:00: [2025-03-07T23:01:31.630Z] [AI-WARROOM] [WARN] OpenRouter API key not provided. AI agents will not be available.
2025-03-07 23:01 +00:00: [2025-03-07T23:01:31.635Z] [AI-WARROOM] [ERROR] Static path does not exist: /root/code-server/dist/node/src/browser/pages
2025-03-07 23:01 +00:00: Error: listen EADDRINUSE: address already in use :::3000
2025-03-07 23:01 +00:00:     at Server.setupListenHandle [as _listen2] (node:net:1902:16)
2025-03-07 23:01 +00:00:     at listenInCluster (node:net:1959:12)
2025-03-07 23:01 +00:00:     at Server.listen (node:net:2061:7)
2025-03-07 23:01 +00:00:     at HttpServer.start (/root/code-server/dist/node/server.js:81:21)
2025-03-07 23:01 +00:00:     at Object.<anonymous> (/root/code-server/dist/node/server.js:93:13)
2025-03-07 23:01 +00:00:     at Module._compile (node:internal/modules/cjs/loader:1469:14)
2025-03-07 23:01 +00:00:     at Module._extensions..js (node:internal/modules/cjs/loader:1548:10)
2025-03-07 23:01 +00:00:     at Module.load (node:internal/modules/cjs/loader:1288:32)
2025-03-07 23:01 +00:00:     at Module._load (node:internal/modules/cjs/loader:1104:12)
2025-03-07 23:01 +00:00:     at Object.<anonymous> (/usr/local/lib/node_modules/pm2/lib/ProcessContainerFork.js:33:23) {
2025-03-07 23:01 +00:00:   code: 'EADDRINUSE',
2025-03-07 23:01 +00:00:   errno: -98,
2025-03-07 23:01 +00:00:   syscall: 'listen',
2025-03-07 23:01 +00:00:   address: '::',
2025-03-07 23:01 +00:00:   port: 3000
2025-03-07 23:01 +00:00: }
2025-03-07 23:01 +00:00: [2025-03-07T23:01:32.248Z] [AI-WARROOM] [WARN] OpenRouter API key not provided. AI agents will not be available.
2025-03-07 23:01 +00:00: [2025-03-07T23:01:32.253Z] [AI-WARROOM] [ERROR] Static path does not exist: /root/code-server/dist/node/src/browser/pages
2025-03-07 23:01 +00:00: Error: listen EADDRINUSE: address already in use :::3000
2025-03-07 23:01 +00:00:     at Server.setupListenHandle [as _listen2] (node:net:1902:16)
2025-03-07 23:01 +00:00:     at listenInCluster (node:net:1959:12)
2025-03-07 23:01 +00:00:     at Server.listen (node:net:2061:7)
2025-03-07 23:01 +00:00:     at HttpServer.start (/root/code-server/dist/node/server.js:81:21)
2025-03-07 23:01 +00:00:     at Object.<anonymous> (/root/code-server/dist/node/server.js:93:13)
2025-03-07 23:01 +00:00:     at Module._compile (node:internal/modules/cjs/loader:1469:14)
2025-03-07 23:01 +00:00:     at Module._extensions..js (node:internal/modules/cjs/loader:1548:10)
2025-03-07 23:01 +00:00:     at Module.load (node:internal/modules/cjs/loader:1288:32)
2025-03-07 23:01 +00:00:     at Module._load (node:internal/modules/cjs/loader:1104:12)
2025-03-07 23:01 +00:00:     at Object.<anonymous> (/usr/local/lib/node_modules/pm2/lib/ProcessContainerFork.js:33:23) {
2025-03-07 23:01 +00:00:   code: 'EADDRINUSE',
2025-03-07 23:01 +00:00:   errno: -98,
2025-03-07 23:01 +00:00:   syscall: 'listen',
2025-03-07 23:01 +00:00:   address: '::',
2025-03-07 23:01 +00:00:   port: 3000
2025-03-07 23:01 +00:00: }
2025-03-07 23:01 +00:00: [2025-03-07T23:01:32.839Z] [AI-WARROOM] [WARN] OpenRouter API key not provided. AI agents will not be available.
2025-03-07 23:01 +00:00: [2025-03-07T23:01:32.844Z] [AI-WARROOM] [ERROR] Static path does not exist: /root/code-server/dist/node/src/browser/pages
2025-03-07 23:01 +00:00: Error: listen EADDRINUSE: address already in use :::3000
2025-03-07 23:01 +00:00:     at Server.setupListenHandle [as _listen2] (node:net:1902:16)
2025-03-07 23:01 +00:00:     at listenInCluster (node:net:1959:12)
2025-03-07 23:01 +00:00:     at Server.listen (node:net:2061:7)
2025-03-07 23:01 +00:00:     at HttpServer.start (/root/code-server/dist/node/server.js:81:21)
2025-03-07 23:01 +00:00:     at Object.<anonymous> (/root/code-server/dist/node/server.js:93:13)
2025-03-07 23:01 +00:00:     at Module._compile (node:internal/modules/cjs/loader:1469:14)
2025-03-07 23:01 +00:00:     at Module._extensions..js (node:internal/modules/cjs/loader:1548:10)
2025-03-07 23:01 +00:00:     at Module.load (node:internal/modules/cjs/loader:1288:32)
2025-03-07 23:01 +00:00:     at Module._load (node:internal/modules/cjs/loader:1104:12)
2025-03-07 23:01 +00:00:     at Object.<anonymous> (/usr/local/lib/node_modules/pm2/lib/ProcessContainerFork.js:33:23) {
2025-03-07 23:01 +00:00:   code: 'EADDRINUSE',
2025-03-07 23:01 +00:00:   errno: -98,
2025-03-07 23:01 +00:00:   syscall: 'listen',
2025-03-07 23:01 +00:00:   address: '::',
2025-03-07 23:01 +00:00:   port: 3000
2025-03-07 23:01 +00:00: }
2025-03-07 23:01 +00:00: [2025-03-07T23:01:33.443Z] [AI-WARROOM] [WARN] OpenRouter API key not provided. AI agents will not be available.
2025-03-07 23:01 +00:00: [2025-03-07T23:01:33.448Z] [AI-WARROOM] [ERROR] Static path does not exist: /root/code-server/dist/node/src/browser/pages
2025-03-07 23:01 +00:00: Error: listen EADDRINUSE: address already in use :::3000
2025-03-07 23:01 +00:00:     at Server.setupListenHandle [as _listen2] (node:net:1902:16)
2025-03-07 23:01 +00:00:     at listenInCluster (node:net:1959:12)
2025-03-07 23:01 +00:00:     at Server.listen (node:net:2061:7)
2025-03-07 23:01 +00:00:     at HttpServer.start (/root/code-server/dist/node/server.js:81:21)
2025-03-07 23:01 +00:00:     at Object.<anonymous> (/root/code-server/dist/node/server.js:93:13)
2025-03-07 23:01 +00:00:     at Module._compile (node:internal/modules/cjs/loader:1469:14)
2025-03-07 23:01 +00:00:     at Module._extensions..js (node:internal/modules/cjs/loader:1548:10)
2025-03-07 23:01 +00:00:     at Module.load (node:internal/modules/cjs/loader:1288:32)
2025-03-07 23:01 +00:00:     at Module._load (node:internal/modules/cjs/loader:1104:12)
2025-03-07 23:01 +00:00:     at Object.<anonymous> (/usr/local/lib/node_modules/pm2/lib/ProcessContainerFork.js:33:23) {
2025-03-07 23:01 +00:00:   code: 'EADDRINUSE',
2025-03-07 23:01 +00:00:   errno: -98,
2025-03-07 23:01 +00:00:   syscall: 'listen',
2025-03-07 23:01 +00:00:   address: '::',
2025-03-07 23:01 +00:00:   port: 3000
2025-03-07 23:01 +00:00: }
2025-03-07 23:01 +00:00: [2025-03-07T23:01:34.007Z] [AI-WARROOM] [WARN] OpenRouter API key not provided. AI agents will not be available.
2025-03-07 23:01 +00:00: [2025-03-07T23:01:34.015Z] [AI-WARROOM] [ERROR] Static path does not exist: /root/code-server/dist/node/src/browser/pages
2025-03-07 23:01 +00:00: Error: listen EADDRINUSE: address already in use :::3000
2025-03-07 23:01 +00:00:     at Server.setupListenHandle [as _listen2] (node:net:1902:16)
2025-03-07 23:01 +00:00:     at listenInCluster (node:net:1959:12)
2025-03-07 23:01 +00:00:     at Server.listen (node:net:2061:7)
2025-03-07 23:01 +00:00:     at HttpServer.start (/root/code-server/dist/node/server.js:81:21)
2025-03-07 23:01 +00:00:     at Object.<anonymous> (/root/code-server/dist/node/server.js:93:13)
2025-03-07 23:01 +00:00:     at Module._compile (node:internal/modules/cjs/loader:1469:14)
2025-03-07 23:01 +00:00:     at Module._extensions..js (node:internal/modules/cjs/loader:1548:10)
2025-03-07 23:01 +00:00:     at Module.load (node:internal/modules/cjs/loader:1288:32)
2025-03-07 23:01 +00:00:     at Module._load (node:internal/modules/cjs/loader:1104:12)
2025-03-07 23:01 +00:00:     at Object.<anonymous> (/usr/local/lib/node_modules/pm2/lib/ProcessContainerFork.js:33:23) {
2025-03-07 23:01 +00:00:   code: 'EADDRINUSE',
2025-03-07 23:01 +00:00:   errno: -98,
2025-03-07 23:01 +00:00:   syscall: 'listen',
2025-03-07 23:01 +00:00:   address: '::',
2025-03-07 23:01 +00:00:   port: 3000
2025-03-07 23:01 +00:00: }
2025-03-07 23:01 +00:00: [2025-03-07T23:01:34.588Z] [AI-WARROOM] [WARN] OpenRouter API key not provided. AI agents will not be available.
2025-03-07 23:01 +00:00: [2025-03-07T23:01:34.602Z] [AI-WARROOM] [ERROR] Static path does not exist: /root/code-server/dist/node/src/browser/pages
2025-03-07 23:01 +00:00: Error: listen EADDRINUSE: address already in use :::3000
2025-03-07 23:01 +00:00:     at Server.setupListenHandle [as _listen2] (node:net:1902:16)
2025-03-07 23:01 +00:00:     at listenInCluster (node:net:1959:12)
2025-03-07 23:01 +00:00:     at Server.listen (node:net:2061:7)
2025-03-07 23:01 +00:00:     at HttpServer.start (/root/code-server/dist/node/server.js:81:21)
2025-03-07 23:01 +00:00:     at Object.<anonymous> (/root/code-server/dist/node/server.js:93:13)
2025-03-07 23:01 +00:00:     at Module._compile (node:internal/modules/cjs/loader:1469:14)
2025-03-07 23:01 +00:00:     at Module._extensions..js (node:internal/modules/cjs/loader:1548:10)
2025-03-07 23:01 +00:00:     at Module.load (node:internal/modules/cjs/loader:1288:32)
2025-03-07 23:01 +00:00:     at Module._load (node:internal/modules/cjs/loader:1104:12)
2025-03-07 23:01 +00:00:     at Object.<anonymous> (/usr/local/lib/node_modules/pm2/lib/ProcessContainerFork.js:33:23) {
2025-03-07 23:01 +00:00:   code: 'EADDRINUSE',
2025-03-07 23:01 +00:00:   errno: -98,
2025-03-07 23:01 +00:00:   syscall: 'listen',
2025-03-07 23:01 +00:00:   address: '::',
2025-03-07 23:01 +00:00:   port: 3000
2025-03-07 23:01 +00:00: }
2025-03-07 23:01 +00:00: [2025-03-07T23:01:35.232Z] [AI-WARROOM] [WARN] OpenRouter API key not provided. AI agents will not be available.
2025-03-07 23:01 +00:00: [2025-03-07T23:01:35.243Z] [AI-WARROOM] [ERROR] Static path does not exist: /root/code-server/dist/node/src/browser/pages
2025-03-07 23:01 +00:00: Error: listen EADDRINUSE: address already in use :::3000
2025-03-07 23:01 +00:00:     at Server.setupListenHandle [as _listen2] (node:net:1902:16)
2025-03-07 23:01 +00:00:     at listenInCluster (node:net:1959:12)
2025-03-07 23:01 +00:00:     at Server.listen (node:net:2061:7)
2025-03-07 23:01 +00:00:     at HttpServer.start (/root/code-server/dist/node/server.js:81:21)
2025-03-07 23:01 +00:00:     at Object.<anonymous> (/root/code-server/dist/node/server.js:93:13)
2025-03-07 23:01 +00:00:     at Module._compile (node:internal/modules/cjs/loader:1469:14)
2025-03-07 23:01 +00:00:     at Module._extensions..js (node:internal/modules/cjs/loader:1548:10)
2025-03-07 23:01 +00:00:     at Module.load (node:internal/modules/cjs/loader:1288:32)
2025-03-07 23:01 +00:00:     at Module._load (node:internal/modules/cjs/loader:1104:12)
2025-03-07 23:01 +00:00:     at Object.<anonymous> (/usr/local/lib/node_modules/pm2/lib/ProcessContainerFork.js:33:23) {
2025-03-07 23:01 +00:00:   code: 'EADDRINUSE',
2025-03-07 23:01 +00:00:   errno: -98,
2025-03-07 23:01 +00:00:   syscall: 'listen',
2025-03-07 23:01 +00:00:   address: '::',
2025-03-07 23:01 +00:00:   port: 3000
2025-03-07 23:01 +00:00: }
2025-03-07 23:01 +00:00: [2025-03-07T23:01:35.802Z] [AI-WARROOM] [WARN] OpenRouter API key not provided. AI agents will not be available.
2025-03-07 23:01 +00:00: [2025-03-07T23:01:35.809Z] [AI-WARROOM] [ERROR] Static path does not exist: /root/code-server/dist/node/src/browser/pages
2025-03-07 23:01 +00:00: Error: listen EADDRINUSE: address already in use :::3000
2025-03-07 23:01 +00:00:     at Server.setupListenHandle [as _listen2] (node:net:1902:16)
2025-03-07 23:01 +00:00:     at listenInCluster (node:net:1959:12)
2025-03-07 23:01 +00:00:     at Server.listen (node:net:2061:7)
2025-03-07 23:01 +00:00:     at HttpServer.start (/root/code-server/dist/node/server.js:81:21)
2025-03-07 23:01 +00:00:     at Object.<anonymous> (/root/code-server/dist/node/server.js:93:13)
2025-03-07 23:01 +00:00:     at Module._compile (node:internal/modules/cjs/loader:1469:14)
2025-03-07 23:01 +00:00:     at Module._extensions..js (node:internal/modules/cjs/loader:1548:10)
2025-03-07 23:01 +00:00:     at Module.load (node:internal/modules/cjs/loader:1288:32)
2025-03-07 23:01 +00:00:     at Module._load (node:internal/modules/cjs/loader:1104:12)
2025-03-07 23:01 +00:00:     at Object.<anonymous> (/usr/local/lib/node_modules/pm2/lib/ProcessContainerFork.js:33:23) {
2025-03-07 23:01 +00:00:   code: 'EADDRINUSE',
2025-03-07 23:01 +00:00:   errno: -98,
2025-03-07 23:01 +00:00:   syscall: 'listen',
2025-03-07 23:01 +00:00:   address: '::',
2025-03-07 23:01 +00:00:   port: 3000
2025-03-07 23:01 +00:00: }
2025-03-07 23:01 +00:00: [2025-03-07T23:01:36.444Z] [AI-WARROOM] [WARN] OpenRouter API key not provided. AI agents will not be available.
2025-03-07 23:01 +00:00: [2025-03-07T23:01:36.448Z] [AI-WARROOM] [ERROR] Static path does not exist: /root/code-server/dist/node/src/browser/pages
2025-03-07 23:01 +00:00: Error: listen EADDRINUSE: address already in use :::3000
2025-03-07 23:01 +00:00:     at Server.setupListenHandle [as _listen2] (node:net:1902:16)
2025-03-07 23:01 +00:00:     at listenInCluster (node:net:1959:12)
2025-03-07 23:01 +00:00:     at Server.listen (node:net:2061:7)
2025-03-07 23:01 +00:00:     at HttpServer.start (/root/code-server/dist/node/server.js:81:21)
2025-03-07 23:01 +00:00:     at Object.<anonymous> (/root/code-server/dist/node/server.js:93:13)
2025-03-07 23:01 +00:00:     at Module._compile (node:internal/modules/cjs/loader:1469:14)
2025-03-07 23:01 +00:00:     at Module._extensions..js (node:internal/modules/cjs/loader:1548:10)
2025-03-07 23:01 +00:00:     at Module.load (node:internal/modules/cjs/loader:1288:32)
2025-03-07 23:01 +00:00:     at Module._load (node:internal/modules/cjs/loader:1104:12)
2025-03-07 23:01 +00:00:     at Object.<anonymous> (/usr/local/lib/node_modules/pm2/lib/ProcessContainerFork.js:33:23) {
2025-03-07 23:01 +00:00:   code: 'EADDRINUSE',
2025-03-07 23:01 +00:00:   errno: -98,
2025-03-07 23:01 +00:00:   syscall: 'listen',
2025-03-07 23:01 +00:00:   address: '::',
2025-03-07 23:01 +00:00:   port: 3000
2025-03-07 23:01 +00:00: }
2025-03-07 23:01 +00:00: [2025-03-07T23:01:37.013Z] [AI-WARROOM] [WARN] OpenRouter API key not provided. AI agents will not be available.
2025-03-07 23:01 +00:00: [2025-03-07T23:01:37.018Z] [AI-WARROOM] [ERROR] Static path does not exist: /root/code-server/dist/node/src/browser/pages
2025-03-07 23:01 +00:00: Error: listen EADDRINUSE: address already in use :::3000
2025-03-07 23:01 +00:00:     at Server.setupListenHandle [as _listen2] (node:net:1902:16)
2025-03-07 23:01 +00:00:     at listenInCluster (node:net:1959:12)
2025-03-07 23:01 +00:00:     at Server.listen (node:net:2061:7)
2025-03-07 23:01 +00:00:     at HttpServer.start (/root/code-server/dist/node/server.js:81:21)
2025-03-07 23:01 +00:00:     at Object.<anonymous> (/root/code-server/dist/node/server.js:93:13)
2025-03-07 23:01 +00:00:     at Module._compile (node:internal/modules/cjs/loader:1469:14)
2025-03-07 23:01 +00:00:     at Module._extensions..js (node:internal/modules/cjs/loader:1548:10)
2025-03-07 23:01 +00:00:     at Module.load (node:internal/modules/cjs/loader:1288:32)
2025-03-07 23:01 +00:00:     at Module._load (node:internal/modules/cjs/loader:1104:12)
2025-03-07 23:01 +00:00:     at Object.<anonymous> (/usr/local/lib/node_modules/pm2/lib/ProcessContainerFork.js:33:23) {
2025-03-07 23:01 +00:00:   code: 'EADDRINUSE',
2025-03-07 23:01 +00:00:   errno: -98,
2025-03-07 23:01 +00:00:   syscall: 'listen',
2025-03-07 23:01 +00:00:   address: '::',
2025-03-07 23:01 +00:00:   port: 3000
2025-03-07 23:01 +00:00: }
2025-03-07 23:01 +00:00: [2025-03-07T23:01:37.836Z] [AI-WARROOM] [WARN] OpenRouter API key not provided. AI agents will not be available.
2025-03-07 23:01 +00:00: [2025-03-07T23:01:37.842Z] [AI-WARROOM] [ERROR] Static path does not exist: /root/code-server/dist/node/src/browser/pages
2025-03-07 23:01 +00:00: Error: listen EADDRINUSE: address already in use :::3000
2025-03-07 23:01 +00:00:     at Server.setupListenHandle [as _listen2] (node:net:1902:16)
2025-03-07 23:01 +00:00:     at listenInCluster (node:net:1959:12)
2025-03-07 23:01 +00:00:     at Server.listen (node:net:2061:7)
2025-03-07 23:01 +00:00:     at HttpServer.start (/root/code-server/dist/node/server.js:81:21)
2025-03-07 23:01 +00:00:     at Object.<anonymous> (/root/code-server/dist/node/server.js:93:13)
2025-03-07 23:01 +00:00:     at Module._compile (node:internal/modules/cjs/loader:1469:14)
2025-03-07 23:01 +00:00:     at Module._extensions..js (node:internal/modules/cjs/loader:1548:10)
2025-03-07 23:01 +00:00:     at Module.load (node:internal/modules/cjs/loader:1288:32)
2025-03-07 23:01 +00:00:     at Module._load (node:internal/modules/cjs/loader:1104:12)
2025-03-07 23:01 +00:00:     at Object.<anonymous> (/usr/local/lib/node_modules/pm2/lib/ProcessContainerFork.js:33:23) {
2025-03-07 23:01 +00:00:   code: 'EADDRINUSE',
2025-03-07 23:01 +00:00:   errno: -98,
2025-03-07 23:01 +00:00:   syscall: 'listen',
2025-03-07 23:01 +00:00:   address: '::',
2025-03-07 23:01 +00:00:   port: 3000
2025-03-07 23:01 +00:00: }
2025-03-07 23:01 +00:00: [2025-03-07T23:01:38.542Z] [AI-WARROOM] [WARN] OpenRouter API key not provided. AI agents will not be available.
2025-03-07 23:01 +00:00: [2025-03-07T23:01:38.547Z] [AI-WARROOM] [ERROR] Static path does not exist: /root/code-server/dist/node/src/browser/pages
2025-03-07 23:01 +00:00: Error: listen EADDRINUSE: address already in use :::3000
2025-03-07 23:01 +00:00:     at Server.setupListenHandle [as _listen2] (node:net:1902:16)
2025-03-07 23:01 +00:00:     at listenInCluster (node:net:1959:12)
2025-03-07 23:01 +00:00:     at Server.listen (node:net:2061:7)
2025-03-07 23:01 +00:00:     at HttpServer.start (/root/code-server/dist/node/server.js:81:21)
2025-03-07 23:01 +00:00:     at Object.<anonymous> (/root/code-server/dist/node/server.js:93:13)
2025-03-07 23:01 +00:00:     at Module._compile (node:internal/modules/cjs/loader:1469:14)
2025-03-07 23:01 +00:00:     at Module._extensions..js (node:internal/modules/cjs/loader:1548:10)
2025-03-07 23:01 +00:00:     at Module.load (node:internal/modules/cjs/loader:1288:32)
2025-03-07 23:01 +00:00:     at Module._load (node:internal/modules/cjs/loader:1104:12)
2025-03-07 23:01 +00:00:     at Object.<anonymous> (/usr/local/lib/node_modules/pm2/lib/ProcessContainerFork.js:33:23) {
2025-03-07 23:01 +00:00:   code: 'EADDRINUSE',
2025-03-07 23:01 +00:00:   errno: -98,
2025-03-07 23:01 +00:00:   syscall: 'listen',
2025-03-07 23:01 +00:00:   address: '::',
2025-03-07 23:01 +00:00:   port: 3000
2025-03-07 23:01 +00:00: }
2025-03-07 23:01 +00:00: [2025-03-07T23:01:39.125Z] [AI-WARROOM] [WARN] OpenRouter API key not provided. AI agents will not be available.
2025-03-07 23:01 +00:00: [2025-03-07T23:01:39.141Z] [AI-WARROOM] [ERROR] Static path does not exist: /root/code-server/dist/node/src/browser/pages
2025-03-07 23:01 +00:00: Error: listen EADDRINUSE: address already in use :::3000
2025-03-07 23:01 +00:00:     at Server.setupListenHandle [as _listen2] (node:net:1902:16)
2025-03-07 23:01 +00:00:     at listenInCluster (node:net:1959:12)
2025-03-07 23:01 +00:00:     at Server.listen (node:net:2061:7)
2025-03-07 23:01 +00:00:     at HttpServer.start (/root/code-server/dist/node/server.js:81:21)
2025-03-07 23:01 +00:00:     at Object.<anonymous> (/root/code-server/dist/node/server.js:93:13)
2025-03-07 23:01 +00:00:     at Module._compile (node:internal/modules/cjs/loader:1469:14)
2025-03-07 23:01 +00:00:     at Module._extensions..js (node:internal/modules/cjs/loader:1548:10)
2025-03-07 23:01 +00:00:     at Module.load (node:internal/modules/cjs/loader:1288:32)
2025-03-07 23:01 +00:00:     at Module._load (node:internal/modules/cjs/loader:1104:12)
2025-03-07 23:01 +00:00:     at Object.<anonymous> (/usr/local/lib/node_modules/pm2/lib/ProcessContainerFork.js:33:23) {
2025-03-07 23:01 +00:00:   code: 'EADDRINUSE',
2025-03-07 23:01 +00:00:   errno: -98,
2025-03-07 23:01 +00:00:   syscall: 'listen',
2025-03-07 23:01 +00:00:   address: '::',
2025-03-07 23:01 +00:00:   port: 3000
2025-03-07 23:01 +00:00: }
2025-03-07 23:01 +00:00: [2025-03-07T23:01:39.682Z] [AI-WARROOM] [WARN] OpenRouter API key not provided. AI agents will not be available.
2025-03-07 23:01 +00:00: [2025-03-07T23:01:39.695Z] [AI-WARROOM] [ERROR] Static path does not exist: /root/code-server/dist/node/src/browser/pages
2025-03-07 23:01 +00:00: Error: listen EADDRINUSE: address already in use :::3000
2025-03-07 23:01 +00:00:     at Server.setupListenHandle [as _listen2] (node:net:1902:16)
2025-03-07 23:01 +00:00:     at listenInCluster (node:net:1959:12)
2025-03-07 23:01 +00:00:     at Server.listen (node:net:2061:7)
2025-03-07 23:01 +00:00:     at HttpServer.start (/root/code-server/dist/node/server.js:81:21)
2025-03-07 23:01 +00:00:     at Object.<anonymous> (/root/code-server/dist/node/server.js:93:13)
2025-03-07 23:01 +00:00:     at Module._compile (node:internal/modules/cjs/loader:1469:14)
2025-03-07 23:01 +00:00:     at Module._extensions..js (node:internal/modules/cjs/loader:1548:10)
2025-03-07 23:01 +00:00:     at Module.load (node:internal/modules/cjs/loader:1288:32)
2025-03-07 23:01 +00:00:     at Module._load (node:internal/modules/cjs/loader:1104:12)
2025-03-07 23:01 +00:00:     at Object.<anonymous> (/usr/local/lib/node_modules/pm2/lib/ProcessContainerFork.js:33:23) {
2025-03-07 23:01 +00:00:   code: 'EADDRINUSE',
2025-03-07 23:01 +00:00:   errno: -98,
2025-03-07 23:01 +00:00:   syscall: 'listen',
2025-03-07 23:01 +00:00:   address: '::',
2025-03-07 23:01 +00:00:   port: 3000
2025-03-07 23:01 +00:00: }
2025-03-07 23:01 +00:00: [2025-03-07T23:01:40.329Z] [AI-WARROOM] [WARN] OpenRouter API key not provided. AI agents will not be available.
2025-03-07 23:01 +00:00: [2025-03-07T23:01:40.334Z] [AI-WARROOM] [ERROR] Static path does not exist: /root/code-server/dist/node/src/browser/pages
2025-03-07 23:01 +00:00: Error: listen EADDRINUSE: address already in use :::3000
2025-03-07 23:01 +00:00:     at Server.setupListenHandle [as _listen2] (node:net:1902:16)
2025-03-07 23:01 +00:00:     at listenInCluster (node:net:1959:12)
2025-03-07 23:01 +00:00:     at Server.listen (node:net:2061:7)
2025-03-07 23:01 +00:00:     at HttpServer.start (/root/code-server/dist/node/server.js:81:21)
2025-03-07 23:01 +00:00:     at Object.<anonymous> (/root/code-server/dist/node/server.js:93:13)
2025-03-07 23:01 +00:00:     at Module._compile (node:internal/modules/cjs/loader:1469:14)
2025-03-07 23:01 +00:00:     at Module._extensions..js (node:internal/modules/cjs/loader:1548:10)
2025-03-07 23:01 +00:00:     at Module.load (node:internal/modules/cjs/loader:1288:32)
2025-03-07 23:01 +00:00:     at Module._load (node:internal/modules/cjs/loader:1104:12)
2025-03-07 23:01 +00:00:     at Object.<anonymous> (/usr/local/lib/node_modules/pm2/lib/ProcessContainerFork.js:33:23) {
2025-03-07 23:01 +00:00:   code: 'EADDRINUSE',
2025-03-07 23:01 +00:00:   errno: -98,
2025-03-07 23:01 +00:00:   syscall: 'listen',
2025-03-07 23:01 +00:00:   address: '::',
2025-03-07 23:01 +00:00:   port: 3000
2025-03-07 23:01 +00:00: }
2025-03-07 23:01 +00:00: [2025-03-07T23:01:40.881Z] [AI-WARROOM] [WARN] OpenRouter API key not provided. AI agents will not be available.
2025-03-07 23:01 +00:00: [2025-03-07T23:01:40.886Z] [AI-WARROOM] [ERROR] Static path does not exist: /root/code-server/dist/node/src/browser/pages
2025-03-07 23:01 +00:00: Error: listen EADDRINUSE: address already in use :::3000
2025-03-07 23:01 +00:00:     at Server.setupListenHandle [as _listen2] (node:net:1902:16)
2025-03-07 23:01 +00:00:     at listenInCluster (node:net:1959:12)
2025-03-07 23:01 +00:00:     at Server.listen (node:net:2061:7)
2025-03-07 23:01 +00:00:     at HttpServer.start (/root/code-server/dist/node/server.js:81:21)
2025-03-07 23:01 +00:00:     at Object.<anonymous> (/root/code-server/dist/node/server.js:93:13)
2025-03-07 23:01 +00:00:     at Module._compile (node:internal/modules/cjs/loader:1469:14)
2025-03-07 23:01 +00:00:     at Module._extensions..js (node:internal/modules/cjs/loader:1548:10)
2025-03-07 23:01 +00:00:     at Module.load (node:internal/modules/cjs/loader:1288:32)
2025-03-07 23:01 +00:00:     at Module._load (node:internal/modules/cjs/loader:1104:12)
2025-03-07 23:01 +00:00:     at Object.<anonymous> (/usr/local/lib/node_modules/pm2/lib/ProcessContainerFork.js:33:23) {
2025-03-07 23:01 +00:00:   code: 'EADDRINUSE',
2025-03-07 23:01 +00:00:   errno: -98,
2025-03-07 23:01 +00:00:   syscall: 'listen',
2025-03-07 23:01 +00:00:   address: '::',
2025-03-07 23:01 +00:00:   port: 3000
2025-03-07 23:01 +00:00: }
2025-03-07 23:01 +00:00: [2025-03-07T23:01:41.464Z] [AI-WARROOM] [WARN] OpenRouter API key not provided. AI agents will not be available.
2025-03-07 23:01 +00:00: [2025-03-07T23:01:41.468Z] [AI-WARROOM] [ERROR] Static path does not exist: /root/code-server/dist/node/src/browser/pages
2025-03-07 23:01 +00:00: Error: listen EADDRINUSE: address already in use :::3000
2025-03-07 23:01 +00:00:     at Server.setupListenHandle [as _listen2] (node:net:1902:16)
2025-03-07 23:01 +00:00:     at listenInCluster (node:net:1959:12)
2025-03-07 23:01 +00:00:     at Server.listen (node:net:2061:7)
2025-03-07 23:01 +00:00:     at HttpServer.start (/root/code-server/dist/node/server.js:81:21)
2025-03-07 23:01 +00:00:     at Object.<anonymous> (/root/code-server/dist/node/server.js:93:13)
2025-03-07 23:01 +00:00:     at Module._compile (node:internal/modules/cjs/loader:1469:14)
2025-03-07 23:01 +00:00:     at Module._extensions..js (node:internal/modules/cjs/loader:1548:10)
2025-03-07 23:01 +00:00:     at Module.load (node:internal/modules/cjs/loader:1288:32)
2025-03-07 23:01 +00:00:     at Module._load (node:internal/modules/cjs/loader:1104:12)
2025-03-07 23:01 +00:00:     at Object.<anonymous> (/usr/local/lib/node_modules/pm2/lib/ProcessContainerFork.js:33:23) {
2025-03-07 23:01 +00:00:   code: 'EADDRINUSE',
2025-03-07 23:01 +00:00:   errno: -98,
2025-03-07 23:01 +00:00:   syscall: 'listen',
2025-03-07 23:01 +00:00:   address: '::',
2025-03-07 23:01 +00:00:   port: 3000
2025-03-07 23:01 +00:00: }
2025-03-07 23:01 +00:00: [2025-03-07T23:01:42.032Z] [AI-WARROOM] [WARN] OpenRouter API key not provided. AI agents will not be available.
2025-03-07 23:01 +00:00: [2025-03-07T23:01:42.054Z] [AI-WARROOM] [ERROR] Static path does not exist: /root/code-server/dist/node/src/browser/pages
2025-03-07 23:01 +00:00: Error: listen EADDRINUSE: address already in use :::3000
2025-03-07 23:01 +00:00:     at Server.setupListenHandle [as _listen2] (node:net:1902:16)
2025-03-07 23:01 +00:00:     at listenInCluster (node:net:1959:12)
2025-03-07 23:01 +00:00:     at Server.listen (node:net:2061:7)
2025-03-07 23:01 +00:00:     at HttpServer.start (/root/code-server/dist/node/server.js:81:21)
2025-03-07 23:01 +00:00:     at Object.<anonymous> (/root/code-server/dist/node/server.js:93:13)
2025-03-07 23:01 +00:00:     at Module._compile (node:internal/modules/cjs/loader:1469:14)
2025-03-07 23:01 +00:00:     at Module._extensions..js (node:internal/modules/cjs/loader:1548:10)
2025-03-07 23:01 +00:00:     at Module.load (node:internal/modules/cjs/loader:1288:32)
2025-03-07 23:01 +00:00:     at Module._load (node:internal/modules/cjs/loader:1104:12)
2025-03-07 23:01 +00:00:     at Object.<anonymous> (/usr/local/lib/node_modules/pm2/lib/ProcessContainerFork.js:33:23) {
2025-03-07 23:01 +00:00:   code: 'EADDRINUSE',
2025-03-07 23:01 +00:00:   errno: -98,
2025-03-07 23:01 +00:00:   syscall: 'listen',
2025-03-07 23:01 +00:00:   address: '::',
2025-03-07 23:01 +00:00:   port: 3000
2025-03-07 23:01 +00:00: }
2025-03-07 23:01 +00:00: [2025-03-07T23:01:42.588Z] [AI-WARROOM] [WARN] OpenRouter API key not provided. AI agents will not be available.
2025-03-07 23:01 +00:00: [2025-03-07T23:01:42.591Z] [AI-WARROOM] [ERROR] Static path does not exist: /root/code-server/dist/node/src/browser/pages
2025-03-07 23:01 +00:00: Error: listen EADDRINUSE: address already in use :::3000
2025-03-07 23:01 +00:00:     at Server.setupListenHandle [as _listen2] (node:net:1902:16)
2025-03-07 23:01 +00:00:     at listenInCluster (node:net:1959:12)
2025-03-07 23:01 +00:00:     at Server.listen (node:net:2061:7)
2025-03-07 23:01 +00:00:     at HttpServer.start (/root/code-server/dist/node/server.js:81:21)
2025-03-07 23:01 +00:00:     at Object.<anonymous> (/root/code-server/dist/node/server.js:93:13)
2025-03-07 23:01 +00:00:     at Module._compile (node:internal/modules/cjs/loader:1469:14)
2025-03-07 23:01 +00:00:     at Module._extensions..js (node:internal/modules/cjs/loader:1548:10)
2025-03-07 23:01 +00:00:     at Module.load (node:internal/modules/cjs/loader:1288:32)
2025-03-07 23:01 +00:00:     at Module._load (node:internal/modules/cjs/loader:1104:12)
2025-03-07 23:01 +00:00:     at Object.<anonymous> (/usr/local/lib/node_modules/pm2/lib/ProcessContainerFork.js:33:23) {
2025-03-07 23:01 +00:00:   code: 'EADDRINUSE',
2025-03-07 23:01 +00:00:   errno: -98,
2025-03-07 23:01 +00:00:   syscall: 'listen',
2025-03-07 23:01 +00:00:   address: '::',
2025-03-07 23:01 +00:00:   port: 3000
2025-03-07 23:01 +00:00: }
2025-03-07 23:01 +00:00: [2025-03-07T23:01:43.192Z] [AI-WARROOM] [WARN] OpenRouter API key not provided. AI agents will not be available.
2025-03-07 23:01 +00:00: [2025-03-07T23:01:43.202Z] [AI-WARROOM] [ERROR] Static path does not exist: /root/code-server/dist/node/src/browser/pages
2025-03-07 23:01 +00:00: Error: listen EADDRINUSE: address already in use :::3000
2025-03-07 23:01 +00:00:     at Server.setupListenHandle [as _listen2] (node:net:1902:16)
2025-03-07 23:01 +00:00:     at listenInCluster (node:net:1959:12)
2025-03-07 23:01 +00:00:     at Server.listen (node:net:2061:7)
2025-03-07 23:01 +00:00:     at HttpServer.start (/root/code-server/dist/node/server.js:81:21)
2025-03-07 23:01 +00:00:     at Object.<anonymous> (/root/code-server/dist/node/server.js:93:13)
2025-03-07 23:01 +00:00:     at Module._compile (node:internal/modules/cjs/loader:1469:14)
2025-03-07 23:01 +00:00:     at Module._extensions..js (node:internal/modules/cjs/loader:1548:10)
2025-03-07 23:01 +00:00:     at Module.load (node:internal/modules/cjs/loader:1288:32)
2025-03-07 23:01 +00:00:     at Module._load (node:internal/modules/cjs/loader:1104:12)
2025-03-07 23:01 +00:00:     at Object.<anonymous> (/usr/local/lib/node_modules/pm2/lib/ProcessContainerFork.js:33:23) {
2025-03-07 23:01 +00:00:   code: 'EADDRINUSE',
2025-03-07 23:01 +00:00:   errno: -98,
2025-03-07 23:01 +00:00:   syscall: 'listen',
2025-03-07 23:01 +00:00:   address: '::',
2025-03-07 23:01 +00:00:   port: 3000
2025-03-07 23:01 +00:00: }
2025-03-07 23:01 +00:00: [2025-03-07T23:01:43.784Z] [AI-WARROOM] [WARN] OpenRouter API key not provided. AI agents will not be available.
2025-03-07 23:01 +00:00: [2025-03-07T23:01:43.790Z] [AI-WARROOM] [ERROR] Static path does not exist: /root/code-server/dist/node/src/browser/pages
2025-03-07 23:01 +00:00: Error: listen EADDRINUSE: address already in use :::3000
2025-03-07 23:01 +00:00:     at Server.setupListenHandle [as _listen2] (node:net:1902:16)
2025-03-07 23:01 +00:00:     at listenInCluster (node:net:1959:12)
2025-03-07 23:01 +00:00:     at Server.listen (node:net:2061:7)
2025-03-07 23:01 +00:00:     at HttpServer.start (/root/code-server/dist/node/server.js:81:21)
2025-03-07 23:01 +00:00:     at Object.<anonymous> (/root/code-server/dist/node/server.js:93:13)
2025-03-07 23:01 +00:00:     at Module._compile (node:internal/modules/cjs/loader:1469:14)
2025-03-07 23:01 +00:00:     at Module._extensions..js (node:internal/modules/cjs/loader:1548:10)
2025-03-07 23:01 +00:00:     at Module.load (node:internal/modules/cjs/loader:1288:32)
2025-03-07 23:01 +00:00:     at Module._load (node:internal/modules/cjs/loader:1104:12)
2025-03-07 23:01 +00:00:     at Object.<anonymous> (/usr/local/lib/node_modules/pm2/lib/ProcessContainerFork.js:33:23) {
2025-03-07 23:01 +00:00:   code: 'EADDRINUSE',
2025-03-07 23:01 +00:00:   errno: -98,
2025-03-07 23:01 +00:00:   syscall: 'listen',
2025-03-07 23:01 +00:00:   address: '::',
2025-03-07 23:01 +00:00:   port: 3000
2025-03-07 23:01 +00:00: }
2025-03-07 23:01 +00:00: [2025-03-07T23:01:44.370Z] [AI-WARROOM] [WARN] OpenRouter API key not provided. AI agents will not be available.
2025-03-07 23:01 +00:00: [2025-03-07T23:01:44.376Z] [AI-WARROOM] [ERROR] Static path does not exist: /root/code-server/dist/node/src/browser/pages
2025-03-07 23:01 +00:00: Error: listen EADDRINUSE: address already in use :::3000
2025-03-07 23:01 +00:00:     at Server.setupListenHandle [as _listen2] (node:net:1902:16)
2025-03-07 23:01 +00:00:     at listenInCluster (node:net:1959:12)
2025-03-07 23:01 +00:00:     at Server.listen (node:net:2061:7)
2025-03-07 23:01 +00:00:     at HttpServer.start (/root/code-server/dist/node/server.js:81:21)
2025-03-07 23:01 +00:00:     at Object.<anonymous> (/root/code-server/dist/node/server.js:93:13)
2025-03-07 23:01 +00:00:     at Module._compile (node:internal/modules/cjs/loader:1469:14)
2025-03-07 23:01 +00:00:     at Module._extensions..js (node:internal/modules/cjs/loader:1548:10)
2025-03-07 23:01 +00:00:     at Module.load (node:internal/modules/cjs/loader:1288:32)
2025-03-07 23:01 +00:00:     at Module._load (node:internal/modules/cjs/loader:1104:12)
2025-03-07 23:01 +00:00:     at Object.<anonymous> (/usr/local/lib/node_modules/pm2/lib/ProcessContainerFork.js:33:23) {
2025-03-07 23:01 +00:00:   code: 'EADDRINUSE',
2025-03-07 23:01 +00:00:   errno: -98,
2025-03-07 23:01 +00:00:   syscall: 'listen',
2025-03-07 23:01 +00:00:   address: '::',
2025-03-07 23:01 +00:00:   port: 3000
2025-03-07 23:01 +00:00: }
2025-03-07 23:01 +00:00: [2025-03-07T23:01:45.025Z] [AI-WARROOM] [WARN] OpenRouter API key not provided. AI agents will not be available.
2025-03-07 23:01 +00:00: [2025-03-07T23:01:45.029Z] [AI-WARROOM] [ERROR] Static path does not exist: /root/code-server/dist/node/src/browser/pages
2025-03-07 23:01 +00:00: Error: listen EADDRINUSE: address already in use :::3000
2025-03-07 23:01 +00:00:     at Server.setupListenHandle [as _listen2] (node:net:1902:16)
2025-03-07 23:01 +00:00:     at listenInCluster (node:net:1959:12)
2025-03-07 23:01 +00:00:     at Server.listen (node:net:2061:7)
2025-03-07 23:01 +00:00:     at HttpServer.start (/root/code-server/dist/node/server.js:81:21)
2025-03-07 23:01 +00:00:     at Object.<anonymous> (/root/code-server/dist/node/server.js:93:13)
2025-03-07 23:01 +00:00:     at Module._compile (node:internal/modules/cjs/loader:1469:14)
2025-03-07 23:01 +00:00:     at Module._extensions..js (node:internal/modules/cjs/loader:1548:10)
2025-03-07 23:01 +00:00:     at Module.load (node:internal/modules/cjs/loader:1288:32)
2025-03-07 23:01 +00:00:     at Module._load (node:internal/modules/cjs/loader:1104:12)
2025-03-07 23:01 +00:00:     at Object.<anonymous> (/usr/local/lib/node_modules/pm2/lib/ProcessContainerFork.js:33:23) {
2025-03-07 23:01 +00:00:   code: 'EADDRINUSE',
2025-03-07 23:01 +00:00:   errno: -98,
2025-03-07 23:01 +00:00:   syscall: 'listen',
2025-03-07 23:01 +00:00:   address: '::',
2025-03-07 23:01 +00:00:   port: 3000
2025-03-07 23:01 +00:00: }
2025-03-07 23:01 +00:00: [2025-03-07T23:01:45.603Z] [AI-WARROOM] [WARN] OpenRouter API key not provided. AI agents will not be available.
2025-03-07 23:01 +00:00: [2025-03-07T23:01:45.607Z] [AI-WARROOM] [ERROR] Static path does not exist: /root/code-server/dist/node/src/browser/pages
2025-03-07 23:01 +00:00: Error: listen EADDRINUSE: address already in use :::3000
2025-03-07 23:01 +00:00:     at Server.setupListenHandle [as _listen2] (node:net:1902:16)
2025-03-07 23:01 +00:00:     at listenInCluster (node:net:1959:12)
2025-03-07 23:01 +00:00:     at Server.listen (node:net:2061:7)
2025-03-07 23:01 +00:00:     at HttpServer.start (/root/code-server/dist/node/server.js:81:21)
2025-03-07 23:01 +00:00:     at Object.<anonymous> (/root/code-server/dist/node/server.js:93:13)
2025-03-07 23:01 +00:00:     at Module._compile (node:internal/modules/cjs/loader:1469:14)
2025-03-07 23:01 +00:00:     at Module._extensions..js (node:internal/modules/cjs/loader:1548:10)
2025-03-07 23:01 +00:00:     at Module.load (node:internal/modules/cjs/loader:1288:32)
2025-03-07 23:01 +00:00:     at Module._load (node:internal/modules/cjs/loader:1104:12)
2025-03-07 23:01 +00:00:     at Object.<anonymous> (/usr/local/lib/node_modules/pm2/lib/ProcessContainerFork.js:33:23) {
2025-03-07 23:01 +00:00:   code: 'EADDRINUSE',
2025-03-07 23:01 +00:00:   errno: -98,
2025-03-07 23:01 +00:00:   syscall: 'listen',
2025-03-07 23:01 +00:00:   address: '::',
2025-03-07 23:01 +00:00:   port: 3000
2025-03-07 23:01 +00:00: }
2025-03-07 23:01 +00:00: [2025-03-07T23:01:46.247Z] [AI-WARROOM] [WARN] OpenRouter API key not provided. AI agents will not be available.
2025-03-07 23:01 +00:00: [2025-03-07T23:01:46.251Z] [AI-WARROOM] [ERROR] Static path does not exist: /root/code-server/dist/node/src/browser/pages
2025-03-07 23:01 +00:00: Error: listen EADDRINUSE: address already in use :::3000
2025-03-07 23:01 +00:00:     at Server.setupListenHandle [as _listen2] (node:net:1902:16)
2025-03-07 23:01 +00:00:     at listenInCluster (node:net:1959:12)
2025-03-07 23:01 +00:00:     at Server.listen (node:net:2061:7)
2025-03-07 23:01 +00:00:     at HttpServer.start (/root/code-server/dist/node/server.js:81:21)
2025-03-07 23:01 +00:00:     at Object.<anonymous> (/root/code-server/dist/node/server.js:93:13)
2025-03-07 23:01 +00:00:     at Module._compile (node:internal/modules/cjs/loader:1469:14)
2025-03-07 23:01 +00:00:     at Module._extensions..js (node:internal/modules/cjs/loader:1548:10)
2025-03-07 23:01 +00:00:     at Module.load (node:internal/modules/cjs/loader:1288:32)
2025-03-07 23:01 +00:00:     at Module._load (node:internal/modules/cjs/loader:1104:12)
2025-03-07 23:01 +00:00:     at Object.<anonymous> (/usr/local/lib/node_modules/pm2/lib/ProcessContainerFork.js:33:23) {
2025-03-07 23:01 +00:00:   code: 'EADDRINUSE',
2025-03-07 23:01 +00:00:   errno: -98,
2025-03-07 23:01 +00:00:   syscall: 'listen',
2025-03-07 23:01 +00:00:   address: '::',
2025-03-07 23:01 +00:00:   port: 3000
2025-03-07 23:01 +00:00: }
2025-03-07 23:01 +00:00: [2025-03-07T23:01:46.808Z] [AI-WARROOM] [WARN] OpenRouter API key not provided. AI agents will not be available.
2025-03-07 23:01 +00:00: [2025-03-07T23:01:46.823Z] [AI-WARROOM] [ERROR] Static path does not exist: /root/code-server/dist/node/src/browser/pages
2025-03-07 23:01 +00:00: Error: listen EADDRINUSE: address already in use :::3000
2025-03-07 23:01 +00:00:     at Server.setupListenHandle [as _listen2] (node:net:1902:16)
2025-03-07 23:01 +00:00:     at listenInCluster (node:net:1959:12)
2025-03-07 23:01 +00:00:     at Server.listen (node:net:2061:7)
2025-03-07 23:01 +00:00:     at HttpServer.start (/root/code-server/dist/node/server.js:81:21)
2025-03-07 23:01 +00:00:     at Object.<anonymous> (/root/code-server/dist/node/server.js:93:13)
2025-03-07 23:01 +00:00:     at Module._compile (node:internal/modules/cjs/loader:1469:14)
2025-03-07 23:01 +00:00:     at Module._extensions..js (node:internal/modules/cjs/loader:1548:10)
2025-03-07 23:01 +00:00:     at Module.load (node:internal/modules/cjs/loader:1288:32)
2025-03-07 23:01 +00:00:     at Module._load (node:internal/modules/cjs/loader:1104:12)
2025-03-07 23:01 +00:00:     at Object.<anonymous> (/usr/local/lib/node_modules/pm2/lib/ProcessContainerFork.js:33:23) {
2025-03-07 23:01 +00:00:   code: 'EADDRINUSE',
2025-03-07 23:01 +00:00:   errno: -98,
2025-03-07 23:01 +00:00:   syscall: 'listen',
2025-03-07 23:01 +00:00:   address: '::',
2025-03-07 23:01 +00:00:   port: 3000
2025-03-07 23:01 +00:00: }
2025-03-07 23:01 +00:00: [2025-03-07T23:01:47.354Z] [AI-WARROOM] [WARN] OpenRouter API key not provided. AI agents will not be available.
2025-03-07 23:01 +00:00: [2025-03-07T23:01:47.359Z] [AI-WARROOM] [ERROR] Static path does not exist: /root/code-server/dist/node/src/browser/pages
2025-03-07 23:01 +00:00: Error: listen EADDRINUSE: address already in use :::3000
2025-03-07 23:01 +00:00:     at Server.setupListenHandle [as _listen2] (node:net:1902:16)
2025-03-07 23:01 +00:00:     at listenInCluster (node:net:1959:12)
2025-03-07 23:01 +00:00:     at Server.listen (node:net:2061:7)
2025-03-07 23:01 +00:00:     at HttpServer.start (/root/code-server/dist/node/server.js:81:21)
2025-03-07 23:01 +00:00:     at Object.<anonymous> (/root/code-server/dist/node/server.js:93:13)
2025-03-07 23:01 +00:00:     at Module._compile (node:internal/modules/cjs/loader:1469:14)
2025-03-07 23:01 +00:00:     at Module._extensions..js (node:internal/modules/cjs/loader:1548:10)
2025-03-07 23:01 +00:00:     at Module.load (node:internal/modules/cjs/loader:1288:32)
2025-03-07 23:01 +00:00:     at Module._load (node:internal/modules/cjs/loader:1104:12)
2025-03-07 23:01 +00:00:     at Object.<anonymous> (/usr/local/lib/node_modules/pm2/lib/ProcessContainerFork.js:33:23) {
2025-03-07 23:01 +00:00:   code: 'EADDRINUSE',
2025-03-07 23:01 +00:00:   errno: -98,
2025-03-07 23:01 +00:00:   syscall: 'listen',
2025-03-07 23:01 +00:00:   address: '::',
2025-03-07 23:01 +00:00:   port: 3000
2025-03-07 23:01 +00:00: }
2025-03-07 23:01 +00:00: [2025-03-07T23:01:47.932Z] [AI-WARROOM] [WARN] OpenRouter API key not provided. AI agents will not be available.
2025-03-07 23:01 +00:00: [2025-03-07T23:01:47.937Z] [AI-WARROOM] [ERROR] Static path does not exist: /root/code-server/dist/node/src/browser/pages
2025-03-07 23:01 +00:00: Error: listen EADDRINUSE: address already in use :::3000
2025-03-07 23:01 +00:00:     at Server.setupListenHandle [as _listen2] (node:net:1902:16)
2025-03-07 23:01 +00:00:     at listenInCluster (node:net:1959:12)
2025-03-07 23:01 +00:00:     at Server.listen (node:net:2061:7)
2025-03-07 23:01 +00:00:     at HttpServer.start (/root/code-server/dist/node/server.js:81:21)
2025-03-07 23:01 +00:00:     at Object.<anonymous> (/root/code-server/dist/node/server.js:93:13)
2025-03-07 23:01 +00:00:     at Module._compile (node:internal/modules/cjs/loader:1469:14)
2025-03-07 23:01 +00:00:     at Module._extensions..js (node:internal/modules/cjs/loader:1548:10)
2025-03-07 23:01 +00:00:     at Module.load (node:internal/modules/cjs/loader:1288:32)
2025-03-07 23:01 +00:00:     at Module._load (node:internal/modules/cjs/loader:1104:12)
2025-03-07 23:01 +00:00:     at Object.<anonymous> (/usr/local/lib/node_modules/pm2/lib/ProcessContainerFork.js:33:23) {
2025-03-07 23:01 +00:00:   code: 'EADDRINUSE',
2025-03-07 23:01 +00:00:   errno: -98,
2025-03-07 23:01 +00:00:   syscall: 'listen',
2025-03-07 23:01 +00:00:   address: '::',
2025-03-07 23:01 +00:00:   port: 3000
2025-03-07 23:01 +00:00: }
2025-03-07 23:01 +00:00: [2025-03-07T23:01:48.500Z] [AI-WARROOM] [WARN] OpenRouter API key not provided. AI agents will not be available.
2025-03-07 23:01 +00:00: [2025-03-07T23:01:48.506Z] [AI-WARROOM] [ERROR] Static path does not exist: /root/code-server/dist/node/src/browser/pages
2025-03-07 23:01 +00:00: Error: listen EADDRINUSE: address already in use :::3000
2025-03-07 23:01 +00:00:     at Server.setupListenHandle [as _listen2] (node:net:1902:16)
2025-03-07 23:01 +00:00:     at listenInCluster (node:net:1959:12)
2025-03-07 23:01 +00:00:     at Server.listen (node:net:2061:7)
2025-03-07 23:01 +00:00:     at HttpServer.start (/root/code-server/dist/node/server.js:81:21)
2025-03-07 23:01 +00:00:     at Object.<anonymous> (/root/code-server/dist/node/server.js:93:13)
2025-03-07 23:01 +00:00:     at Module._compile (node:internal/modules/cjs/loader:1469:14)
2025-03-07 23:01 +00:00:     at Module._extensions..js (node:internal/modules/cjs/loader:1548:10)
2025-03-07 23:01 +00:00:     at Module.load (node:internal/modules/cjs/loader:1288:32)
2025-03-07 23:01 +00:00:     at Module._load (node:internal/modules/cjs/loader:1104:12)
2025-03-07 23:01 +00:00:     at Object.<anonymous> (/usr/local/lib/node_modules/pm2/lib/ProcessContainerFork.js:33:23) {
2025-03-07 23:01 +00:00:   code: 'EADDRINUSE',
2025-03-07 23:01 +00:00:   errno: -98,
2025-03-07 23:01 +00:00:   syscall: 'listen',
2025-03-07 23:01 +00:00:   address: '::',
2025-03-07 23:01 +00:00:   port: 3000
2025-03-07 23:01 +00:00: }
2025-03-07 23:01 +00:00: [2025-03-07T23:01:49.114Z] [AI-WARROOM] [WARN] OpenRouter API key not provided. AI agents will not be available.
2025-03-07 23:01 +00:00: [2025-03-07T23:01:49.119Z] [AI-WARROOM] [ERROR] Static path does not exist: /root/code-server/dist/node/src/browser/pages
2025-03-07 23:01 +00:00: Error: listen EADDRINUSE: address already in use :::3000
2025-03-07 23:01 +00:00:     at Server.setupListenHandle [as _listen2] (node:net:1902:16)
2025-03-07 23:01 +00:00:     at listenInCluster (node:net:1959:12)
2025-03-07 23:01 +00:00:     at Server.listen (node:net:2061:7)
2025-03-07 23:01 +00:00:     at HttpServer.start (/root/code-server/dist/node/server.js:81:21)
2025-03-07 23:01 +00:00:     at Object.<anonymous> (/root/code-server/dist/node/server.js:93:13)
2025-03-07 23:01 +00:00:     at Module._compile (node:internal/modules/cjs/loader:1469:14)
2025-03-07 23:01 +00:00:     at Module._extensions..js (node:internal/modules/cjs/loader:1548:10)
2025-03-07 23:01 +00:00:     at Module.load (node:internal/modules/cjs/loader:1288:32)
2025-03-07 23:01 +00:00:     at Module._load (node:internal/modules/cjs/loader:1104:12)
2025-03-07 23:01 +00:00:     at Object.<anonymous> (/usr/local/lib/node_modules/pm2/lib/ProcessContainerFork.js:33:23) {
2025-03-07 23:01 +00:00:   code: 'EADDRINUSE',
2025-03-07 23:01 +00:00:   errno: -98,
2025-03-07 23:01 +00:00:   syscall: 'listen',
2025-03-07 23:01 +00:00:   address: '::',
2025-03-07 23:01 +00:00:   port: 3000
2025-03-07 23:01 +00:00: }
2025-03-07 23:01 +00:00: [2025-03-07T23:01:49.652Z] [AI-WARROOM] [WARN] OpenRouter API key not provided. AI agents will not be available.
2025-03-07 23:01 +00:00: [2025-03-07T23:01:49.658Z] [AI-WARROOM] [ERROR] Static path does not exist: /root/code-server/dist/node/src/browser/pages
2025-03-07 23:01 +00:00: Error: listen EADDRINUSE: address already in use :::3000
2025-03-07 23:01 +00:00:     at Server.setupListenHandle [as _listen2] (node:net:1902:16)
2025-03-07 23:01 +00:00:     at listenInCluster (node:net:1959:12)
2025-03-07 23:01 +00:00:     at Server.listen (node:net:2061:7)
2025-03-07 23:01 +00:00:     at HttpServer.start (/root/code-server/dist/node/server.js:81:21)
2025-03-07 23:01 +00:00:     at Object.<anonymous> (/root/code-server/dist/node/server.js:93:13)
2025-03-07 23:01 +00:00:     at Module._compile (node:internal/modules/cjs/loader:1469:14)
2025-03-07 23:01 +00:00:     at Module._extensions..js (node:internal/modules/cjs/loader:1548:10)
2025-03-07 23:01 +00:00:     at Module.load (node:internal/modules/cjs/loader:1288:32)
2025-03-07 23:01 +00:00:     at Module._load (node:internal/modules/cjs/loader:1104:12)
2025-03-07 23:01 +00:00:     at Object.<anonymous> (/usr/local/lib/node_modules/pm2/lib/ProcessContainerFork.js:33:23) {
2025-03-07 23:01 +00:00:   code: 'EADDRINUSE',
2025-03-07 23:01 +00:00:   errno: -98,
2025-03-07 23:01 +00:00:   syscall: 'listen',
2025-03-07 23:01 +00:00:   address: '::',
2025-03-07 23:01 +00:00:   port: 3000
2025-03-07 23:01 +00:00: }
2025-03-07 23:01 +00:00: [2025-03-07T23:01:50.252Z] [AI-WARROOM] [WARN] OpenRouter API key not provided. AI agents will not be available.
2025-03-07 23:01 +00:00: [2025-03-07T23:01:50.257Z] [AI-WARROOM] [ERROR] Static path does not exist: /root/code-server/dist/node/src/browser/pages
2025-03-07 23:01 +00:00: Error: listen EADDRINUSE: address already in use :::3000
2025-03-07 23:01 +00:00:     at Server.setupListenHandle [as _listen2] (node:net:1902:16)
2025-03-07 23:01 +00:00:     at listenInCluster (node:net:1959:12)
2025-03-07 23:01 +00:00:     at Server.listen (node:net:2061:7)
2025-03-07 23:01 +00:00:     at HttpServer.start (/root/code-server/dist/node/server.js:81:21)
2025-03-07 23:01 +00:00:     at Object.<anonymous> (/root/code-server/dist/node/server.js:93:13)
2025-03-07 23:01 +00:00:     at Module._compile (node:internal/modules/cjs/loader:1469:14)
2025-03-07 23:01 +00:00:     at Module._extensions..js (node:internal/modules/cjs/loader:1548:10)
2025-03-07 23:01 +00:00:     at Module.load (node:internal/modules/cjs/loader:1288:32)
2025-03-07 23:01 +00:00:     at Module._load (node:internal/modules/cjs/loader:1104:12)
2025-03-07 23:01 +00:00:     at Object.<anonymous> (/usr/local/lib/node_modules/pm2/lib/ProcessContainerFork.js:33:23) {
2025-03-07 23:01 +00:00:   code: 'EADDRINUSE',
2025-03-07 23:01 +00:00:   errno: -98,
2025-03-07 23:01 +00:00:   syscall: 'listen',
2025-03-07 23:01 +00:00:   address: '::',
2025-03-07 23:01 +00:00:   port: 3000
2025-03-07 23:01 +00:00: }
2025-03-07 23:01 +00:00: [2025-03-07T23:01:50.814Z] [AI-WARROOM] [WARN] OpenRouter API key not provided. AI agents will not be available.
2025-03-07 23:01 +00:00: [2025-03-07T23:01:50.818Z] [AI-WARROOM] [ERROR] Static path does not exist: /root/code-server/dist/node/src/browser/pages
2025-03-07 23:01 +00:00: Error: listen EADDRINUSE: address already in use :::3000
2025-03-07 23:01 +00:00:     at Server.setupListenHandle [as _listen2] (node:net:1902:16)
2025-03-07 23:01 +00:00:     at listenInCluster (node:net:1959:12)
2025-03-07 23:01 +00:00:     at Server.listen (node:net:2061:7)
2025-03-07 23:01 +00:00:     at HttpServer.start (/root/code-server/dist/node/server.js:81:21)
2025-03-07 23:01 +00:00:     at Object.<anonymous> (/root/code-server/dist/node/server.js:93:13)
2025-03-07 23:01 +00:00:     at Module._compile (node:internal/modules/cjs/loader:1469:14)
2025-03-07 23:01 +00:00:     at Module._extensions..js (node:internal/modules/cjs/loader:1548:10)
2025-03-07 23:01 +00:00:     at Module.load (node:internal/modules/cjs/loader:1288:32)
2025-03-07 23:01 +00:00:     at Module._load (node:internal/modules/cjs/loader:1104:12)
2025-03-07 23:01 +00:00:     at Object.<anonymous> (/usr/local/lib/node_modules/pm2/lib/ProcessContainerFork.js:33:23) {
2025-03-07 23:01 +00:00:   code: 'EADDRINUSE',
2025-03-07 23:01 +00:00:   errno: -98,
2025-03-07 23:01 +00:00:   syscall: 'listen',
2025-03-07 23:01 +00:00:   address: '::',
2025-03-07 23:01 +00:00:   port: 3000
2025-03-07 23:01 +00:00: }
2025-03-07 23:01 +00:00: [2025-03-07T23:01:51.422Z] [AI-WARROOM] [WARN] OpenRouter API key not provided. AI agents will not be available.
2025-03-07 23:01 +00:00: [2025-03-07T23:01:51.430Z] [AI-WARROOM] [ERROR] Static path does not exist: /root/code-server/dist/node/src/browser/pages
2025-03-07 23:01 +00:00: Error: listen EADDRINUSE: address already in use :::3000
2025-03-07 23:01 +00:00:     at Server.setupListenHandle [as _listen2] (node:net:1902:16)
2025-03-07 23:01 +00:00:     at listenInCluster (node:net:1959:12)
2025-03-07 23:01 +00:00:     at Server.listen (node:net:2061:7)
2025-03-07 23:01 +00:00:     at HttpServer.start (/root/code-server/dist/node/server.js:81:21)
2025-03-07 23:01 +00:00:     at Object.<anonymous> (/root/code-server/dist/node/server.js:93:13)
2025-03-07 23:01 +00:00:     at Module._compile (node:internal/modules/cjs/loader:1469:14)
2025-03-07 23:01 +00:00:     at Module._extensions..js (node:internal/modules/cjs/loader:1548:10)
2025-03-07 23:01 +00:00:     at Module.load (node:internal/modules/cjs/loader:1288:32)
2025-03-07 23:01 +00:00:     at Module._load (node:internal/modules/cjs/loader:1104:12)
2025-03-07 23:01 +00:00:     at Object.<anonymous> (/usr/local/lib/node_modules/pm2/lib/ProcessContainerFork.js:33:23) {
2025-03-07 23:01 +00:00:   code: 'EADDRINUSE',
2025-03-07 23:01 +00:00:   errno: -98,
2025-03-07 23:01 +00:00:   syscall: 'listen',
2025-03-07 23:01 +00:00:   address: '::',
2025-03-07 23:01 +00:00:   port: 3000
2025-03-07 23:01 +00:00: }
2025-03-07 23:01 +00:00: [2025-03-07T23:01:51.970Z] [AI-WARROOM] [WARN] OpenRouter API key not provided. AI agents will not be available.
2025-03-07 23:01 +00:00: [2025-03-07T23:01:51.974Z] [AI-WARROOM] [ERROR] Static path does not exist: /root/code-server/dist/node/src/browser/pages
2025-03-07 23:01 +00:00: Error: listen EADDRINUSE: address already in use :::3000
2025-03-07 23:01 +00:00:     at Server.setupListenHandle [as _listen2] (node:net:1902:16)
2025-03-07 23:01 +00:00:     at listenInCluster (node:net:1959:12)
2025-03-07 23:01 +00:00:     at Server.listen (node:net:2061:7)
2025-03-07 23:01 +00:00:     at HttpServer.start (/root/code-server/dist/node/server.js:81:21)
2025-03-07 23:01 +00:00:     at Object.<anonymous> (/root/code-server/dist/node/server.js:93:13)
2025-03-07 23:01 +00:00:     at Module._compile (node:internal/modules/cjs/loader:1469:14)
2025-03-07 23:01 +00:00:     at Module._extensions..js (node:internal/modules/cjs/loader:1548:10)
2025-03-07 23:01 +00:00:     at Module.load (node:internal/modules/cjs/loader:1288:32)
2025-03-07 23:01 +00:00:     at Module._load (node:internal/modules/cjs/loader:1104:12)
2025-03-07 23:01 +00:00:     at Object.<anonymous> (/usr/local/lib/node_modules/pm2/lib/ProcessContainerFork.js:33:23) {
2025-03-07 23:01 +00:00:   code: 'EADDRINUSE',
2025-03-07 23:01 +00:00:   errno: -98,
2025-03-07 23:01 +00:00:   syscall: 'listen',
2025-03-07 23:01 +00:00:   address: '::',
2025-03-07 23:01 +00:00:   port: 3000
2025-03-07 23:01 +00:00: }
2025-03-07 23:01 +00:00: [2025-03-07T23:01:52.563Z] [AI-WARROOM] [WARN] OpenRouter API key not provided. AI agents will not be available.
2025-03-07 23:01 +00:00: [2025-03-07T23:01:52.568Z] [AI-WARROOM] [ERROR] Static path does not exist: /root/code-server/dist/node/src/browser/pages
2025-03-07 23:01 +00:00: Error: listen EADDRINUSE: address already in use :::3000
2025-03-07 23:01 +00:00:     at Server.setupListenHandle [as _listen2] (node:net:1902:16)
2025-03-07 23:01 +00:00:     at listenInCluster (node:net:1959:12)
2025-03-07 23:01 +00:00:     at Server.listen (node:net:2061:7)
2025-03-07 23:01 +00:00:     at HttpServer.start (/root/code-server/dist/node/server.js:81:21)
2025-03-07 23:01 +00:00:     at Object.<anonymous> (/root/code-server/dist/node/server.js:93:13)
2025-03-07 23:01 +00:00:     at Module._compile (node:internal/modules/cjs/loader:1469:14)
2025-03-07 23:01 +00:00:     at Module._extensions..js (node:internal/modules/cjs/loader:1548:10)
2025-03-07 23:01 +00:00:     at Module.load (node:internal/modules/cjs/loader:1288:32)
2025-03-07 23:01 +00:00:     at Module._load (node:internal/modules/cjs/loader:1104:12)
2025-03-07 23:01 +00:00:     at Object.<anonymous> (/usr/local/lib/node_modules/pm2/lib/ProcessContainerFork.js:33:23) {
2025-03-07 23:01 +00:00:   code: 'EADDRINUSE',
2025-03-07 23:01 +00:00:   errno: -98,
2025-03-07 23:01 +00:00:   syscall: 'listen',
2025-03-07 23:01 +00:00:   address: '::',
2025-03-07 23:01 +00:00:   port: 3000
2025-03-07 23:01 +00:00: }
2025-03-07 23:01 +00:00: [2025-03-07T23:01:53.199Z] [AI-WARROOM] [WARN] OpenRouter API key not provided. AI agents will not be available.
2025-03-07 23:01 +00:00: [2025-03-07T23:01:53.207Z] [AI-WARROOM] [ERROR] Static path does not exist: /root/code-server/dist/node/src/browser/pages
2025-03-07 23:01 +00:00: Error: listen EADDRINUSE: address already in use :::3000
2025-03-07 23:01 +00:00:     at Server.setupListenHandle [as _listen2] (node:net:1902:16)
2025-03-07 23:01 +00:00:     at listenInCluster (node:net:1959:12)
2025-03-07 23:01 +00:00:     at Server.listen (node:net:2061:7)
2025-03-07 23:01 +00:00:     at HttpServer.start (/root/code-server/dist/node/server.js:81:21)
2025-03-07 23:01 +00:00:     at Object.<anonymous> (/root/code-server/dist/node/server.js:93:13)
2025-03-07 23:01 +00:00:     at Module._compile (node:internal/modules/cjs/loader:1469:14)
2025-03-07 23:01 +00:00:     at Module._extensions..js (node:internal/modules/cjs/loader:1548:10)
2025-03-07 23:01 +00:00:     at Module.load (node:internal/modules/cjs/loader:1288:32)
2025-03-07 23:01 +00:00:     at Module._load (node:internal/modules/cjs/loader:1104:12)
2025-03-07 23:01 +00:00:     at Object.<anonymous> (/usr/local/lib/node_modules/pm2/lib/ProcessContainerFork.js:33:23) {
2025-03-07 23:01 +00:00:   code: 'EADDRINUSE',
2025-03-07 23:01 +00:00:   errno: -98,
2025-03-07 23:01 +00:00:   syscall: 'listen',
2025-03-07 23:01 +00:00:   address: '::',
2025-03-07 23:01 +00:00:   port: 3000
2025-03-07 23:01 +00:00: }
2025-03-07 23:01 +00:00: [2025-03-07T23:01:53.770Z] [AI-WARROOM] [WARN] OpenRouter API key not provided. AI agents will not be available.
2025-03-07 23:01 +00:00: [2025-03-07T23:01:53.786Z] [AI-WARROOM] [ERROR] Static path does not exist: /root/code-server/dist/node/src/browser/pages
2025-03-07 23:01 +00:00: Error: listen EADDRINUSE: address already in use :::3000
2025-03-07 23:01 +00:00:     at Server.setupListenHandle [as _listen2] (node:net:1902:16)
2025-03-07 23:01 +00:00:     at listenInCluster (node:net:1959:12)
2025-03-07 23:01 +00:00:     at Server.listen (node:net:2061:7)
2025-03-07 23:01 +00:00:     at HttpServer.start (/root/code-server/dist/node/server.js:81:21)
2025-03-07 23:01 +00:00:     at Object.<anonymous> (/root/code-server/dist/node/server.js:93:13)
2025-03-07 23:01 +00:00:     at Module._compile (node:internal/modules/cjs/loader:1469:14)
2025-03-07 23:01 +00:00:     at Module._extensions..js (node:internal/modules/cjs/loader:1548:10)
2025-03-07 23:01 +00:00:     at Module.load (node:internal/modules/cjs/loader:1288:32)
2025-03-07 23:01 +00:00:     at Module._load (node:internal/modules/cjs/loader:1104:12)
2025-03-07 23:01 +00:00:     at Object.<anonymous> (/usr/local/lib/node_modules/pm2/lib/ProcessContainerFork.js:33:23) {
2025-03-07 23:01 +00:00:   code: 'EADDRINUSE',
2025-03-07 23:01 +00:00:   errno: -98,
2025-03-07 23:01 +00:00:   syscall: 'listen',
2025-03-07 23:01 +00:00:   address: '::',
2025-03-07 23:01 +00:00:   port: 3000
2025-03-07 23:01 +00:00: }
2025-03-07 23:01 +00:00: [2025-03-07T23:01:54.358Z] [AI-WARROOM] [WARN] OpenRouter API key not provided. AI agents will not be available.
2025-03-07 23:01 +00:00: [2025-03-07T23:01:54.362Z] [AI-WARROOM] [ERROR] Static path does not exist: /root/code-server/dist/node/src/browser/pages
2025-03-07 23:01 +00:00: Error: listen EADDRINUSE: address already in use :::3000
2025-03-07 23:01 +00:00:     at Server.setupListenHandle [as _listen2] (node:net:1902:16)
2025-03-07 23:01 +00:00:     at listenInCluster (node:net:1959:12)
2025-03-07 23:01 +00:00:     at Server.listen (node:net:2061:7)
2025-03-07 23:01 +00:00:     at HttpServer.start (/root/code-server/dist/node/server.js:81:21)
2025-03-07 23:01 +00:00:     at Object.<anonymous> (/root/code-server/dist/node/server.js:93:13)
2025-03-07 23:01 +00:00:     at Module._compile (node:internal/modules/cjs/loader:1469:14)
2025-03-07 23:01 +00:00:     at Module._extensions..js (node:internal/modules/cjs/loader:1548:10)
2025-03-07 23:01 +00:00:     at Module.load (node:internal/modules/cjs/loader:1288:32)
2025-03-07 23:01 +00:00:     at Module._load (node:internal/modules/cjs/loader:1104:12)
2025-03-07 23:01 +00:00:     at Object.<anonymous> (/usr/local/lib/node_modules/pm2/lib/ProcessContainerFork.js:33:23) {
2025-03-07 23:01 +00:00:   code: 'EADDRINUSE',
2025-03-07 23:01 +00:00:   errno: -98,
2025-03-07 23:01 +00:00:   syscall: 'listen',
2025-03-07 23:01 +00:00:   address: '::',
2025-03-07 23:01 +00:00:   port: 3000
2025-03-07 23:01 +00:00: }
2025-03-07 23:01 +00:00: [2025-03-07T23:01:54.896Z] [AI-WARROOM] [WARN] OpenRouter API key not provided. AI agents will not be available.
2025-03-07 23:01 +00:00: [2025-03-07T23:01:54.901Z] [AI-WARROOM] [ERROR] Static path does not exist: /root/code-server/dist/node/src/browser/pages
2025-03-07 23:01 +00:00: Error: listen EADDRINUSE: address already in use :::3000
2025-03-07 23:01 +00:00:     at Server.setupListenHandle [as _listen2] (node:net:1902:16)
2025-03-07 23:01 +00:00:     at listenInCluster (node:net:1959:12)
2025-03-07 23:01 +00:00:     at Server.listen (node:net:2061:7)
2025-03-07 23:01 +00:00:     at HttpServer.start (/root/code-server/dist/node/server.js:81:21)
2025-03-07 23:01 +00:00:     at Object.<anonymous> (/root/code-server/dist/node/server.js:93:13)
2025-03-07 23:01 +00:00:     at Module._compile (node:internal/modules/cjs/loader:1469:14)
2025-03-07 23:01 +00:00:     at Module._extensions..js (node:internal/modules/cjs/loader:1548:10)
2025-03-07 23:01 +00:00:     at Module.load (node:internal/modules/cjs/loader:1288:32)
2025-03-07 23:01 +00:00:     at Module._load (node:internal/modules/cjs/loader:1104:12)
2025-03-07 23:01 +00:00:     at Object.<anonymous> (/usr/local/lib/node_modules/pm2/lib/ProcessContainerFork.js:33:23) {
2025-03-07 23:01 +00:00:   code: 'EADDRINUSE',
2025-03-07 23:01 +00:00:   errno: -98,
2025-03-07 23:01 +00:00:   syscall: 'listen',
2025-03-07 23:01 +00:00:   address: '::',
2025-03-07 23:01 +00:00:   port: 3000
2025-03-07 23:01 +00:00: }
2025-03-07 23:01 +00:00: [2025-03-07T23:01:55.500Z] [AI-WARROOM] [WARN] OpenRouter API key not provided. AI agents will not be available.
2025-03-07 23:01 +00:00: [2025-03-07T23:01:55.509Z] [AI-WARROOM] [ERROR] Static path does not exist: /root/code-server/dist/node/src/browser/pages
2025-03-07 23:01 +00:00: Error: listen EADDRINUSE: address already in use :::3000
2025-03-07 23:01 +00:00:     at Server.setupListenHandle [as _listen2] (node:net:1902:16)
2025-03-07 23:01 +00:00:     at listenInCluster (node:net:1959:12)
2025-03-07 23:01 +00:00:     at Server.listen (node:net:2061:7)
2025-03-07 23:01 +00:00:     at HttpServer.start (/root/code-server/dist/node/server.js:81:21)
2025-03-07 23:01 +00:00:     at Object.<anonymous> (/root/code-server/dist/node/server.js:93:13)
2025-03-07 23:01 +00:00:     at Module._compile (node:internal/modules/cjs/loader:1469:14)
2025-03-07 23:01 +00:00:     at Module._extensions..js (node:internal/modules/cjs/loader:1548:10)
2025-03-07 23:01 +00:00:     at Module.load (node:internal/modules/cjs/loader:1288:32)
2025-03-07 23:01 +00:00:     at Module._load (node:internal/modules/cjs/loader:1104:12)
2025-03-07 23:01 +00:00:     at Object.<anonymous> (/usr/local/lib/node_modules/pm2/lib/ProcessContainerFork.js:33:23) {
2025-03-07 23:01 +00:00:   code: 'EADDRINUSE',
2025-03-07 23:01 +00:00:   errno: -98,
2025-03-07 23:01 +00:00:   syscall: 'listen',
2025-03-07 23:01 +00:00:   address: '::',
2025-03-07 23:01 +00:00:   port: 3000
2025-03-07 23:01 +00:00: }
2025-03-07 23:01 +00:00: [2025-03-07T23:01:56.160Z] [AI-WARROOM] [WARN] OpenRouter API key not provided. AI agents will not be available.
2025-03-07 23:01 +00:00: [2025-03-07T23:01:56.165Z] [AI-WARROOM] [ERROR] Static path does not exist: /root/code-server/dist/node/src/browser/pages
2025-03-07 23:01 +00:00: Error: listen EADDRINUSE: address already in use :::3000
2025-03-07 23:01 +00:00:     at Server.setupListenHandle [as _listen2] (node:net:1902:16)
2025-03-07 23:01 +00:00:     at listenInCluster (node:net:1959:12)
2025-03-07 23:01 +00:00:     at Server.listen (node:net:2061:7)
2025-03-07 23:01 +00:00:     at HttpServer.start (/root/code-server/dist/node/server.js:81:21)
2025-03-07 23:01 +00:00:     at Object.<anonymous> (/root/code-server/dist/node/server.js:93:13)
2025-03-07 23:01 +00:00:     at Module._compile (node:internal/modules/cjs/loader:1469:14)
2025-03-07 23:01 +00:00:     at Module._extensions..js (node:internal/modules/cjs/loader:1548:10)
2025-03-07 23:01 +00:00:     at Module.load (node:internal/modules/cjs/loader:1288:32)
2025-03-07 23:01 +00:00:     at Module._load (node:internal/modules/cjs/loader:1104:12)
2025-03-07 23:01 +00:00:     at Object.<anonymous> (/usr/local/lib/node_modules/pm2/lib/ProcessContainerFork.js:33:23) {
2025-03-07 23:01 +00:00:   code: 'EADDRINUSE',
2025-03-07 23:01 +00:00:   errno: -98,
2025-03-07 23:01 +00:00:   syscall: 'listen',
2025-03-07 23:01 +00:00:   address: '::',
2025-03-07 23:01 +00:00:   port: 3000
2025-03-07 23:01 +00:00: }
2025-03-07 23:01 +00:00: [2025-03-07T23:01:56.742Z] [AI-WARROOM] [WARN] OpenRouter API key not provided. AI agents will not be available.
2025-03-07 23:01 +00:00: [2025-03-07T23:01:56.750Z] [AI-WARROOM] [ERROR] Static path does not exist: /root/code-server/dist/node/src/browser/pages
2025-03-07 23:01 +00:00: Error: listen EADDRINUSE: address already in use :::3000
2025-03-07 23:01 +00:00:     at Server.setupListenHandle [as _listen2] (node:net:1902:16)
2025-03-07 23:01 +00:00:     at listenInCluster (node:net:1959:12)
2025-03-07 23:01 +00:00:     at Server.listen (node:net:2061:7)
2025-03-07 23:01 +00:00:     at HttpServer.start (/root/code-server/dist/node/server.js:81:21)
2025-03-07 23:01 +00:00:     at Object.<anonymous> (/root/code-server/dist/node/server.js:93:13)
2025-03-07 23:01 +00:00:     at Module._compile (node:internal/modules/cjs/loader:1469:14)
2025-03-07 23:01 +00:00:     at Module._extensions..js (node:internal/modules/cjs/loader:1548:10)
2025-03-07 23:01 +00:00:     at Module.load (node:internal/modules/cjs/loader:1288:32)
2025-03-07 23:01 +00:00:     at Module._load (node:internal/modules/cjs/loader:1104:12)
2025-03-07 23:01 +00:00:     at Object.<anonymous> (/usr/local/lib/node_modules/pm2/lib/ProcessContainerFork.js:33:23) {
2025-03-07 23:01 +00:00:   code: 'EADDRINUSE',
2025-03-07 23:01 +00:00:   errno: -98,
2025-03-07 23:01 +00:00:   syscall: 'listen',
2025-03-07 23:01 +00:00:   address: '::',
2025-03-07 23:01 +00:00:   port: 3000
2025-03-07 23:01 +00:00: }
2025-03-07 23:01 +00:00: [2025-03-07T23:01:57.364Z] [AI-WARROOM] [WARN] OpenRouter API key not provided. AI agents will not be available.
2025-03-07 23:01 +00:00: [2025-03-07T23:01:57.380Z] [AI-WARROOM] [ERROR] Static path does not exist: /root/code-server/dist/node/src/browser/pages
2025-03-07 23:01 +00:00: Error: listen EADDRINUSE: address already in use :::3000
2025-03-07 23:01 +00:00:     at Server.setupListenHandle [as _listen2] (node:net:1902:16)
2025-03-07 23:01 +00:00:     at listenInCluster (node:net:1959:12)
2025-03-07 23:01 +00:00:     at Server.listen (node:net:2061:7)
2025-03-07 23:01 +00:00:     at HttpServer.start (/root/code-server/dist/node/server.js:81:21)
2025-03-07 23:01 +00:00:     at Object.<anonymous> (/root/code-server/dist/node/server.js:93:13)
2025-03-07 23:01 +00:00:     at Module._compile (node:internal/modules/cjs/loader:1469:14)
2025-03-07 23:01 +00:00:     at Module._extensions..js (node:internal/modules/cjs/loader:1548:10)
2025-03-07 23:01 +00:00:     at Module.load (node:internal/modules/cjs/loader:1288:32)
2025-03-07 23:01 +00:00:     at Module._load (node:internal/modules/cjs/loader:1104:12)
2025-03-07 23:01 +00:00:     at Object.<anonymous> (/usr/local/lib/node_modules/pm2/lib/ProcessContainerFork.js:33:23) {
2025-03-07 23:01 +00:00:   code: 'EADDRINUSE',
2025-03-07 23:01 +00:00:   errno: -98,
2025-03-07 23:01 +00:00:   syscall: 'listen',
2025-03-07 23:01 +00:00:   address: '::',
2025-03-07 23:01 +00:00:   port: 3000
2025-03-07 23:01 +00:00: }
2025-03-07 23:01 +00:00: [2025-03-07T23:01:57.991Z] [AI-WARROOM] [WARN] OpenRouter API key not provided. AI agents will not be available.
2025-03-07 23:01 +00:00: [2025-03-07T23:01:57.995Z] [AI-WARROOM] [ERROR] Static path does not exist: /root/code-server/dist/node/src/browser/pages
2025-03-07 23:01 +00:00: Error: listen EADDRINUSE: address already in use :::3000
2025-03-07 23:01 +00:00:     at Server.setupListenHandle [as _listen2] (node:net:1902:16)
2025-03-07 23:01 +00:00:     at listenInCluster (node:net:1959:12)
2025-03-07 23:01 +00:00:     at Server.listen (node:net:2061:7)
2025-03-07 23:01 +00:00:     at HttpServer.start (/root/code-server/dist/node/server.js:81:21)
2025-03-07 23:01 +00:00:     at Object.<anonymous> (/root/code-server/dist/node/server.js:93:13)
2025-03-07 23:01 +00:00:     at Module._compile (node:internal/modules/cjs/loader:1469:14)
2025-03-07 23:01 +00:00:     at Module._extensions..js (node:internal/modules/cjs/loader:1548:10)
2025-03-07 23:01 +00:00:     at Module.load (node:internal/modules/cjs/loader:1288:32)
2025-03-07 23:01 +00:00:     at Module._load (node:internal/modules/cjs/loader:1104:12)
2025-03-07 23:01 +00:00:     at Object.<anonymous> (/usr/local/lib/node_modules/pm2/lib/ProcessContainerFork.js:33:23) {
2025-03-07 23:01 +00:00:   code: 'EADDRINUSE',
2025-03-07 23:01 +00:00:   errno: -98,
2025-03-07 23:01 +00:00:   syscall: 'listen',
2025-03-07 23:01 +00:00:   address: '::',
2025-03-07 23:01 +00:00:   port: 3000
2025-03-07 23:01 +00:00: }
2025-03-07 23:01 +00:00: [2025-03-07T23:01:59.088Z] [AI-WARROOM] [WARN] OpenRouter API key not provided. AI agents will not be available.
2025-03-07 23:01 +00:00: [2025-03-07T23:01:59.108Z] [AI-WARROOM] [ERROR] Static path does not exist: /root/code-server/dist/node/src/browser/pages
2025-03-07 23:01 +00:00: Error: listen EADDRINUSE: address already in use :::3000
2025-03-07 23:01 +00:00:     at Server.setupListenHandle [as _listen2] (node:net:1902:16)
2025-03-07 23:01 +00:00:     at listenInCluster (node:net:1959:12)
2025-03-07 23:01 +00:00:     at Server.listen (node:net:2061:7)
2025-03-07 23:01 +00:00:     at HttpServer.start (/root/code-server/dist/node/server.js:81:21)
2025-03-07 23:01 +00:00:     at Object.<anonymous> (/root/code-server/dist/node/server.js:93:13)
2025-03-07 23:01 +00:00:     at Module._compile (node:internal/modules/cjs/loader:1469:14)
2025-03-07 23:01 +00:00:     at Module._extensions..js (node:internal/modules/cjs/loader:1548:10)
2025-03-07 23:01 +00:00:     at Module.load (node:internal/modules/cjs/loader:1288:32)
2025-03-07 23:01 +00:00:     at Module._load (node:internal/modules/cjs/loader:1104:12)
2025-03-07 23:01 +00:00:     at Object.<anonymous> (/usr/local/lib/node_modules/pm2/lib/ProcessContainerFork.js:33:23) {
2025-03-07 23:01 +00:00:   code: 'EADDRINUSE',
2025-03-07 23:01 +00:00:   errno: -98,
2025-03-07 23:01 +00:00:   syscall: 'listen',
2025-03-07 23:01 +00:00:   address: '::',
2025-03-07 23:01 +00:00:   port: 3000
2025-03-07 23:01 +00:00: }
2025-03-07 23:01 +00:00: [2025-03-07T23:01:59.658Z] [AI-WARROOM] [WARN] OpenRouter API key not provided. AI agents will not be available.
2025-03-07 23:01 +00:00: [2025-03-07T23:01:59.664Z] [AI-WARROOM] [ERROR] Static path does not exist: /root/code-server/dist/node/src/browser/pages
2025-03-07 23:01 +00:00: Error: listen EADDRINUSE: address already in use :::3000
2025-03-07 23:01 +00:00:     at Server.setupListenHandle [as _listen2] (node:net:1902:16)
2025-03-07 23:01 +00:00:     at listenInCluster (node:net:1959:12)
2025-03-07 23:01 +00:00:     at Server.listen (node:net:2061:7)
2025-03-07 23:01 +00:00:     at HttpServer.start (/root/code-server/dist/node/server.js:81:21)
2025-03-07 23:01 +00:00:     at Object.<anonymous> (/root/code-server/dist/node/server.js:93:13)
2025-03-07 23:01 +00:00:     at Module._compile (node:internal/modules/cjs/loader:1469:14)
2025-03-07 23:01 +00:00:     at Module._extensions..js (node:internal/modules/cjs/loader:1548:10)
2025-03-07 23:01 +00:00:     at Module.load (node:internal/modules/cjs/loader:1288:32)
2025-03-07 23:01 +00:00:     at Module._load (node:internal/modules/cjs/loader:1104:12)
2025-03-07 23:01 +00:00:     at Object.<anonymous> (/usr/local/lib/node_modules/pm2/lib/ProcessContainerFork.js:33:23) {
2025-03-07 23:01 +00:00:   code: 'EADDRINUSE',
2025-03-07 23:01 +00:00:   errno: -98,
2025-03-07 23:01 +00:00:   syscall: 'listen',
2025-03-07 23:01 +00:00:   address: '::',
2025-03-07 23:01 +00:00:   port: 3000
2025-03-07 23:01 +00:00: }
2025-03-07 23:02 +00:00: [2025-03-07T23:02:00.488Z] [AI-WARROOM] [WARN] OpenRouter API key not provided. AI agents will not be available.
2025-03-07 23:02 +00:00: [2025-03-07T23:02:00.494Z] [AI-WARROOM] [ERROR] Static path does not exist: /root/code-server/dist/node/src/browser/pages
2025-03-07 23:02 +00:00: Error: listen EADDRINUSE: address already in use :::3000
2025-03-07 23:02 +00:00:     at Server.setupListenHandle [as _listen2] (node:net:1902:16)
2025-03-07 23:02 +00:00:     at listenInCluster (node:net:1959:12)
2025-03-07 23:02 +00:00:     at Server.listen (node:net:2061:7)
2025-03-07 23:02 +00:00:     at HttpServer.start (/root/code-server/dist/node/server.js:81:21)
2025-03-07 23:02 +00:00:     at Object.<anonymous> (/root/code-server/dist/node/server.js:93:13)
2025-03-07 23:02 +00:00:     at Module._compile (node:internal/modules/cjs/loader:1469:14)
2025-03-07 23:02 +00:00:     at Module._extensions..js (node:internal/modules/cjs/loader:1548:10)
2025-03-07 23:02 +00:00:     at Module.load (node:internal/modules/cjs/loader:1288:32)
2025-03-07 23:02 +00:00:     at Module._load (node:internal/modules/cjs/loader:1104:12)
2025-03-07 23:02 +00:00:     at Object.<anonymous> (/usr/local/lib/node_modules/pm2/lib/ProcessContainerFork.js:33:23) {
2025-03-07 23:02 +00:00:   code: 'EADDRINUSE',
2025-03-07 23:02 +00:00:   errno: -98,
2025-03-07 23:02 +00:00:   syscall: 'listen',
2025-03-07 23:02 +00:00:   address: '::',
2025-03-07 23:02 +00:00:   port: 3000
2025-03-07 23:02 +00:00: }
2025-03-07 23:02 +00:00: [2025-03-07T23:02:01.992Z] [AI-WARROOM] [WARN] OpenRouter API key not provided. AI agents will not be available.
2025-03-07 23:02 +00:00: [2025-03-07T23:02:01.997Z] [AI-WARROOM] [ERROR] Static path does not exist: /root/code-server/dist/node/src/browser/pages
2025-03-07 23:02 +00:00: Error: listen EADDRINUSE: address already in use :::3000
2025-03-07 23:02 +00:00:     at Server.setupListenHandle [as _listen2] (node:net:1902:16)
2025-03-07 23:02 +00:00:     at listenInCluster (node:net:1959:12)
2025-03-07 23:02 +00:00:     at Server.listen (node:net:2061:7)
2025-03-07 23:02 +00:00:     at HttpServer.start (/root/code-server/dist/node/server.js:81:21)
2025-03-07 23:02 +00:00:     at Object.<anonymous> (/root/code-server/dist/node/server.js:93:13)
2025-03-07 23:02 +00:00:     at Module._compile (node:internal/modules/cjs/loader:1469:14)
2025-03-07 23:02 +00:00:     at Module._extensions..js (node:internal/modules/cjs/loader:1548:10)
2025-03-07 23:02 +00:00:     at Module.load (node:internal/modules/cjs/loader:1288:32)
2025-03-07 23:02 +00:00:     at Module._load (node:internal/modules/cjs/loader:1104:12)
2025-03-07 23:02 +00:00:     at Object.<anonymous> (/usr/local/lib/node_modules/pm2/lib/ProcessContainerFork.js:33:23) {
2025-03-07 23:02 +00:00:   code: 'EADDRINUSE',
2025-03-07 23:02 +00:00:   errno: -98,
2025-03-07 23:02 +00:00:   syscall: 'listen',
2025-03-07 23:02 +00:00:   address: '::',
2025-03-07 23:02 +00:00:   port: 3000
2025-03-07 23:02 +00:00: }
2025-03-07 23:02 +00:00: [2025-03-07T23:02:02.725Z] [AI-WARROOM] [WARN] OpenRouter API key not provided. AI agents will not be available.
2025-03-07 23:02 +00:00: [2025-03-07T23:02:02.733Z] [AI-WARROOM] [ERROR] Static path does not exist: /root/code-server/dist/node/src/browser/pages
2025-03-07 23:02 +00:00: Error: listen EADDRINUSE: address already in use :::3000
2025-03-07 23:02 +00:00:     at Server.setupListenHandle [as _listen2] (node:net:1902:16)
2025-03-07 23:02 +00:00:     at listenInCluster (node:net:1959:12)
2025-03-07 23:02 +00:00:     at Server.listen (node:net:2061:7)
2025-03-07 23:02 +00:00:     at HttpServer.start (/root/code-server/dist/node/server.js:81:21)
2025-03-07 23:02 +00:00:     at Object.<anonymous> (/root/code-server/dist/node/server.js:93:13)
2025-03-07 23:02 +00:00:     at Module._compile (node:internal/modules/cjs/loader:1469:14)
2025-03-07 23:02 +00:00:     at Module._extensions..js (node:internal/modules/cjs/loader:1548:10)
2025-03-07 23:02 +00:00:     at Module.load (node:internal/modules/cjs/loader:1288:32)
2025-03-07 23:02 +00:00:     at Module._load (node:internal/modules/cjs/loader:1104:12)
2025-03-07 23:02 +00:00:     at Object.<anonymous> (/usr/local/lib/node_modules/pm2/lib/ProcessContainerFork.js:33:23) {
2025-03-07 23:02 +00:00:   code: 'EADDRINUSE',
2025-03-07 23:02 +00:00:   errno: -98,
2025-03-07 23:02 +00:00:   syscall: 'listen',
2025-03-07 23:02 +00:00:   address: '::',
2025-03-07 23:02 +00:00:   port: 3000
2025-03-07 23:02 +00:00: }
2025-03-07 23:02 +00:00: [2025-03-07T23:02:03.451Z] [AI-WARROOM] [WARN] OpenRouter API key not provided. AI agents will not be available.
2025-03-07 23:02 +00:00: [2025-03-07T23:02:03.457Z] [AI-WARROOM] [ERROR] Static path does not exist: /root/code-server/dist/node/src/browser/pages
2025-03-07 23:02 +00:00: Error: listen EADDRINUSE: address already in use :::3000
2025-03-07 23:02 +00:00:     at Server.setupListenHandle [as _listen2] (node:net:1902:16)
2025-03-07 23:02 +00:00:     at listenInCluster (node:net:1959:12)
2025-03-07 23:02 +00:00:     at Server.listen (node:net:2061:7)
2025-03-07 23:02 +00:00:     at HttpServer.start (/root/code-server/dist/node/server.js:81:21)
2025-03-07 23:02 +00:00:     at Object.<anonymous> (/root/code-server/dist/node/server.js:93:13)
2025-03-07 23:02 +00:00:     at Module._compile (node:internal/modules/cjs/loader:1469:14)
2025-03-07 23:02 +00:00:     at Module._extensions..js (node:internal/modules/cjs/loader:1548:10)
2025-03-07 23:02 +00:00:     at Module.load (node:internal/modules/cjs/loader:1288:32)
2025-03-07 23:02 +00:00:     at Module._load (node:internal/modules/cjs/loader:1104:12)
2025-03-07 23:02 +00:00:     at Object.<anonymous> (/usr/local/lib/node_modules/pm2/lib/ProcessContainerFork.js:33:23) {
2025-03-07 23:02 +00:00:   code: 'EADDRINUSE',
2025-03-07 23:02 +00:00:   errno: -98,
2025-03-07 23:02 +00:00:   syscall: 'listen',
2025-03-07 23:02 +00:00:   address: '::',
2025-03-07 23:02 +00:00:   port: 3000
2025-03-07 23:02 +00:00: }
2025-03-07 23:02 +00:00: [2025-03-07T23:02:04.195Z] [AI-WARROOM] [WARN] OpenRouter API key not provided. AI agents will not be available.
2025-03-07 23:02 +00:00: [2025-03-07T23:02:04.200Z] [AI-WARROOM] [ERROR] Static path does not exist: /root/code-server/dist/node/src/browser/pages
2025-03-07 23:02 +00:00: Error: listen EADDRINUSE: address already in use :::3000
2025-03-07 23:02 +00:00:     at Server.setupListenHandle [as _listen2] (node:net:1902:16)
2025-03-07 23:02 +00:00:     at listenInCluster (node:net:1959:12)
2025-03-07 23:02 +00:00:     at Server.listen (node:net:2061:7)
2025-03-07 23:02 +00:00:     at HttpServer.start (/root/code-server/dist/node/server.js:81:21)
2025-03-07 23:02 +00:00:     at Object.<anonymous> (/root/code-server/dist/node/server.js:93:13)
2025-03-07 23:02 +00:00:     at Module._compile (node:internal/modules/cjs/loader:1469:14)
2025-03-07 23:02 +00:00:     at Module._extensions..js (node:internal/modules/cjs/loader:1548:10)
2025-03-07 23:02 +00:00:     at Module.load (node:internal/modules/cjs/loader:1288:32)
2025-03-07 23:02 +00:00:     at Module._load (node:internal/modules/cjs/loader:1104:12)
2025-03-07 23:02 +00:00:     at Object.<anonymous> (/usr/local/lib/node_modules/pm2/lib/ProcessContainerFork.js:33:23) {
2025-03-07 23:02 +00:00:   code: 'EADDRINUSE',
2025-03-07 23:02 +00:00:   errno: -98,
2025-03-07 23:02 +00:00:   syscall: 'listen',
2025-03-07 23:02 +00:00:   address: '::',
2025-03-07 23:02 +00:00:   port: 3000
2025-03-07 23:02 +00:00: }
2025-03-07 23:02 +00:00: [2025-03-07T23:02:04.824Z] [AI-WARROOM] [WARN] OpenRouter API key not provided. AI agents will not be available.
2025-03-07 23:02 +00:00: [2025-03-07T23:02:04.838Z] [AI-WARROOM] [ERROR] Static path does not exist: /root/code-server/dist/node/src/browser/pages
2025-03-07 23:02 +00:00: Error: listen EADDRINUSE: address already in use :::3000
2025-03-07 23:02 +00:00:     at Server.setupListenHandle [as _listen2] (node:net:1902:16)
2025-03-07 23:02 +00:00:     at listenInCluster (node:net:1959:12)
2025-03-07 23:02 +00:00:     at Server.listen (node:net:2061:7)
2025-03-07 23:02 +00:00:     at HttpServer.start (/root/code-server/dist/node/server.js:81:21)
2025-03-07 23:02 +00:00:     at Object.<anonymous> (/root/code-server/dist/node/server.js:93:13)
2025-03-07 23:02 +00:00:     at Module._compile (node:internal/modules/cjs/loader:1469:14)
2025-03-07 23:02 +00:00:     at Module._extensions..js (node:internal/modules/cjs/loader:1548:10)
2025-03-07 23:02 +00:00:     at Module.load (node:internal/modules/cjs/loader:1288:32)
2025-03-07 23:02 +00:00:     at Module._load (node:internal/modules/cjs/loader:1104:12)
2025-03-07 23:02 +00:00:     at Object.<anonymous> (/usr/local/lib/node_modules/pm2/lib/ProcessContainerFork.js:33:23) {
2025-03-07 23:02 +00:00:   code: 'EADDRINUSE',
2025-03-07 23:02 +00:00:   errno: -98,
2025-03-07 23:02 +00:00:   syscall: 'listen',
2025-03-07 23:02 +00:00:   address: '::',
2025-03-07 23:02 +00:00:   port: 3000
2025-03-07 23:02 +00:00: }
2025-03-07 23:02 +00:00: [2025-03-07T23:02:05.556Z] [AI-WARROOM] [WARN] OpenRouter API key not provided. AI agents will not be available.
2025-03-07 23:02 +00:00: [2025-03-07T23:02:05.577Z] [AI-WARROOM] [ERROR] Static path does not exist: /root/code-server/dist/node/src/browser/pages
2025-03-07 23:02 +00:00: [2025-03-07T23:02:06.170Z] [AI-WARROOM] [WARN] OpenRouter API key not provided. AI agents will not be available.
2025-03-07 23:02 +00:00: [2025-03-07T23:02:06.174Z] [AI-WARROOM] [ERROR] Static path does not exist: /root/code-server/dist/node/src/browser/pages
2025-03-07 23:02 +00:00: Error: listen EADDRINUSE: address already in use :::3000
2025-03-07 23:02 +00:00:     at Server.setupListenHandle [as _listen2] (node:net:1902:16)
2025-03-07 23:02 +00:00:     at listenInCluster (node:net:1959:12)
2025-03-07 23:02 +00:00:     at Server.listen (node:net:2061:7)
2025-03-07 23:02 +00:00:     at HttpServer.start (/root/code-server/dist/node/server.js:81:21)
2025-03-07 23:02 +00:00:     at Object.<anonymous> (/root/code-server/dist/node/server.js:93:13)
2025-03-07 23:02 +00:00:     at Module._compile (node:internal/modules/cjs/loader:1469:14)
2025-03-07 23:02 +00:00:     at Module._extensions..js (node:internal/modules/cjs/loader:1548:10)
2025-03-07 23:02 +00:00:     at Module.load (node:internal/modules/cjs/loader:1288:32)
2025-03-07 23:02 +00:00:     at Module._load (node:internal/modules/cjs/loader:1104:12)
2025-03-07 23:02 +00:00:     at Object.<anonymous> (/usr/local/lib/node_modules/pm2/lib/ProcessContainerFork.js:33:23) {
2025-03-07 23:02 +00:00:   code: 'EADDRINUSE',
2025-03-07 23:02 +00:00:   errno: -98,
2025-03-07 23:02 +00:00:   syscall: 'listen',
2025-03-07 23:02 +00:00:   address: '::',
2025-03-07 23:02 +00:00:   port: 3000
2025-03-07 23:02 +00:00: }
2025-03-07 23:02 +00:00: [2025-03-07T23:02:06.737Z] [AI-WARROOM] [WARN] OpenRouter API key not provided. AI agents will not be available.
2025-03-07 23:02 +00:00: [2025-03-07T23:02:06.742Z] [AI-WARROOM] [ERROR] Static path does not exist: /root/code-server/dist/node/src/browser/pages
2025-03-07 23:02 +00:00: Error: listen EADDRINUSE: address already in use :::3000
2025-03-07 23:02 +00:00:     at Server.setupListenHandle [as _listen2] (node:net:1902:16)
2025-03-07 23:02 +00:00:     at listenInCluster (node:net:1959:12)
2025-03-07 23:02 +00:00:     at Server.listen (node:net:2061:7)
2025-03-07 23:02 +00:00:     at HttpServer.start (/root/code-server/dist/node/server.js:81:21)
2025-03-07 23:02 +00:00:     at Object.<anonymous> (/root/code-server/dist/node/server.js:93:13)
2025-03-07 23:02 +00:00:     at Module._compile (node:internal/modules/cjs/loader:1469:14)
2025-03-07 23:02 +00:00:     at Module._extensions..js (node:internal/modules/cjs/loader:1548:10)
2025-03-07 23:02 +00:00:     at Module.load (node:internal/modules/cjs/loader:1288:32)
2025-03-07 23:02 +00:00:     at Module._load (node:internal/modules/cjs/loader:1104:12)
2025-03-07 23:02 +00:00:     at Object.<anonymous> (/usr/local/lib/node_modules/pm2/lib/ProcessContainerFork.js:33:23) {
2025-03-07 23:02 +00:00:   code: 'EADDRINUSE',
2025-03-07 23:02 +00:00:   errno: -98,
2025-03-07 23:02 +00:00:   syscall: 'listen',
2025-03-07 23:02 +00:00:   address: '::',
2025-03-07 23:02 +00:00:   port: 3000
2025-03-07 23:02 +00:00: }
2025-03-07 23:02 +00:00: [2025-03-07T23:02:07.577Z] [AI-WARROOM] [WARN] OpenRouter API key not provided. AI agents will not be available.
2025-03-07 23:02 +00:00: [2025-03-07T23:02:07.589Z] [AI-WARROOM] [ERROR] Static path does not exist: /root/code-server/dist/node/src/browser/pages
2025-03-07 23:02 +00:00: Error: listen EADDRINUSE: address already in use :::3000
2025-03-07 23:02 +00:00:     at Server.setupListenHandle [as _listen2] (node:net:1902:16)
2025-03-07 23:02 +00:00:     at listenInCluster (node:net:1959:12)
2025-03-07 23:02 +00:00:     at Server.listen (node:net:2061:7)
2025-03-07 23:02 +00:00:     at HttpServer.start (/root/code-server/dist/node/server.js:81:21)
2025-03-07 23:02 +00:00:     at Object.<anonymous> (/root/code-server/dist/node/server.js:93:13)
2025-03-07 23:02 +00:00:     at Module._compile (node:internal/modules/cjs/loader:1469:14)
2025-03-07 23:02 +00:00:     at Module._extensions..js (node:internal/modules/cjs/loader:1548:10)
2025-03-07 23:02 +00:00:     at Module.load (node:internal/modules/cjs/loader:1288:32)
2025-03-07 23:02 +00:00:     at Module._load (node:internal/modules/cjs/loader:1104:12)
2025-03-07 23:02 +00:00:     at Object.<anonymous> (/usr/local/lib/node_modules/pm2/lib/ProcessContainerFork.js:33:23) {
2025-03-07 23:02 +00:00:   code: 'EADDRINUSE',
2025-03-07 23:02 +00:00:   errno: -98,
2025-03-07 23:02 +00:00:   syscall: 'listen',
2025-03-07 23:02 +00:00:   address: '::',
2025-03-07 23:02 +00:00:   port: 3000
2025-03-07 23:02 +00:00: }
2025-03-07 23:02 +00:00: [2025-03-07T23:02:08.415Z] [AI-WARROOM] [WARN] OpenRouter API key not provided. AI agents will not be available.
2025-03-07 23:02 +00:00: [2025-03-07T23:02:08.429Z] [AI-WARROOM] [ERROR] Static path does not exist: /root/code-server/dist/node/src/browser/pages
2025-03-07 23:02 +00:00: Error: listen EADDRINUSE: address already in use :::3000
2025-03-07 23:02 +00:00:     at Server.setupListenHandle [as _listen2] (node:net:1902:16)
2025-03-07 23:02 +00:00:     at listenInCluster (node:net:1959:12)
2025-03-07 23:02 +00:00:     at Server.listen (node:net:2061:7)
2025-03-07 23:02 +00:00:     at HttpServer.start (/root/code-server/dist/node/server.js:81:21)
2025-03-07 23:02 +00:00:     at Object.<anonymous> (/root/code-server/dist/node/server.js:93:13)
2025-03-07 23:02 +00:00:     at Module._compile (node:internal/modules/cjs/loader:1469:14)
2025-03-07 23:02 +00:00:     at Module._extensions..js (node:internal/modules/cjs/loader:1548:10)
2025-03-07 23:02 +00:00:     at Module.load (node:internal/modules/cjs/loader:1288:32)
2025-03-07 23:02 +00:00:     at Module._load (node:internal/modules/cjs/loader:1104:12)
2025-03-07 23:02 +00:00:     at Object.<anonymous> (/usr/local/lib/node_modules/pm2/lib/ProcessContainerFork.js:33:23) {
2025-03-07 23:02 +00:00:   code: 'EADDRINUSE',
2025-03-07 23:02 +00:00:   errno: -98,
2025-03-07 23:02 +00:00:   syscall: 'listen',
2025-03-07 23:02 +00:00:   address: '::',
2025-03-07 23:02 +00:00:   port: 3000
2025-03-07 23:02 +00:00: }
2025-03-07 23:02 +00:00: [2025-03-07T23:02:09.182Z] [AI-WARROOM] [WARN] OpenRouter API key not provided. AI agents will not be available.
2025-03-07 23:02 +00:00: [2025-03-07T23:02:09.195Z] [AI-WARROOM] [ERROR] Static path does not exist: /root/code-server/dist/node/src/browser/pages
2025-03-07 23:02 +00:00: Error: listen EADDRINUSE: address already in use :::3000
2025-03-07 23:02 +00:00:     at Server.setupListenHandle [as _listen2] (node:net:1902:16)
2025-03-07 23:02 +00:00:     at listenInCluster (node:net:1959:12)
2025-03-07 23:02 +00:00:     at Server.listen (node:net:2061:7)
2025-03-07 23:02 +00:00:     at HttpServer.start (/root/code-server/dist/node/server.js:81:21)
2025-03-07 23:02 +00:00:     at Object.<anonymous> (/root/code-server/dist/node/server.js:93:13)
2025-03-07 23:02 +00:00:     at Module._compile (node:internal/modules/cjs/loader:1469:14)
2025-03-07 23:02 +00:00:     at Module._extensions..js (node:internal/modules/cjs/loader:1548:10)
2025-03-07 23:02 +00:00:     at Module.load (node:internal/modules/cjs/loader:1288:32)
2025-03-07 23:02 +00:00:     at Module._load (node:internal/modules/cjs/loader:1104:12)
2025-03-07 23:02 +00:00:     at Object.<anonymous> (/usr/local/lib/node_modules/pm2/lib/ProcessContainerFork.js:33:23) {
2025-03-07 23:02 +00:00:   code: 'EADDRINUSE',
2025-03-07 23:02 +00:00:   errno: -98,
2025-03-07 23:02 +00:00:   syscall: 'listen',
2025-03-07 23:02 +00:00:   address: '::',
2025-03-07 23:02 +00:00:   port: 3000
2025-03-07 23:02 +00:00: }
2025-03-07 23:02 +00:00: [2025-03-07T23:02:10.141Z] [AI-WARROOM] [WARN] OpenRouter API key not provided. AI agents will not be available.
2025-03-07 23:02 +00:00: [2025-03-07T23:02:10.150Z] [AI-WARROOM] [ERROR] Static path does not exist: /root/code-server/dist/node/src/browser/pages
2025-03-07 23:02 +00:00: Error: listen EADDRINUSE: address already in use :::3000
2025-03-07 23:02 +00:00:     at Server.setupListenHandle [as _listen2] (node:net:1902:16)
2025-03-07 23:02 +00:00:     at listenInCluster (node:net:1959:12)
2025-03-07 23:02 +00:00:     at Server.listen (node:net:2061:7)
2025-03-07 23:02 +00:00:     at HttpServer.start (/root/code-server/dist/node/server.js:81:21)
2025-03-07 23:02 +00:00:     at Object.<anonymous> (/root/code-server/dist/node/server.js:93:13)
2025-03-07 23:02 +00:00:     at Module._compile (node:internal/modules/cjs/loader:1469:14)
2025-03-07 23:02 +00:00:     at Module._extensions..js (node:internal/modules/cjs/loader:1548:10)
2025-03-07 23:02 +00:00:     at Module.load (node:internal/modules/cjs/loader:1288:32)
2025-03-07 23:02 +00:00:     at Module._load (node:internal/modules/cjs/loader:1104:12)
2025-03-07 23:02 +00:00:     at Object.<anonymous> (/usr/local/lib/node_modules/pm2/lib/ProcessContainerFork.js:33:23) {
2025-03-07 23:02 +00:00:   code: 'EADDRINUSE',
2025-03-07 23:02 +00:00:   errno: -98,
2025-03-07 23:02 +00:00:   syscall: 'listen',
2025-03-07 23:02 +00:00:   address: '::',
2025-03-07 23:02 +00:00:   port: 3000
2025-03-07 23:02 +00:00: }
2025-03-07 23:02 +00:00: [2025-03-07T23:02:10.763Z] [AI-WARROOM] [WARN] OpenRouter API key not provided. AI agents will not be available.
2025-03-07 23:02 +00:00: [2025-03-07T23:02:10.767Z] [AI-WARROOM] [ERROR] Static path does not exist: /root/code-server/dist/node/src/browser/pages
2025-03-07 23:02 +00:00: Error: listen EADDRINUSE: address already in use :::3000
2025-03-07 23:02 +00:00:     at Server.setupListenHandle [as _listen2] (node:net:1902:16)
2025-03-07 23:02 +00:00:     at listenInCluster (node:net:1959:12)
2025-03-07 23:02 +00:00:     at Server.listen (node:net:2061:7)
2025-03-07 23:02 +00:00:     at HttpServer.start (/root/code-server/dist/node/server.js:81:21)
2025-03-07 23:02 +00:00:     at Object.<anonymous> (/root/code-server/dist/node/server.js:93:13)
2025-03-07 23:02 +00:00:     at Module._compile (node:internal/modules/cjs/loader:1469:14)
2025-03-07 23:02 +00:00:     at Module._extensions..js (node:internal/modules/cjs/loader:1548:10)
2025-03-07 23:02 +00:00:     at Module.load (node:internal/modules/cjs/loader:1288:32)
2025-03-07 23:02 +00:00:     at Module._load (node:internal/modules/cjs/loader:1104:12)
2025-03-07 23:02 +00:00:     at Object.<anonymous> (/usr/local/lib/node_modules/pm2/lib/ProcessContainerFork.js:33:23) {
2025-03-07 23:02 +00:00:   code: 'EADDRINUSE',
2025-03-07 23:02 +00:00:   errno: -98,
2025-03-07 23:02 +00:00:   syscall: 'listen',
2025-03-07 23:02 +00:00:   address: '::',
2025-03-07 23:02 +00:00:   port: 3000
2025-03-07 23:02 +00:00: }
2025-03-07 23:02 +00:00: [2025-03-07T23:02:11.336Z] [AI-WARROOM] [WARN] OpenRouter API key not provided. AI agents will not be available.
2025-03-07 23:02 +00:00: [2025-03-07T23:02:11.341Z] [AI-WARROOM] [ERROR] Static path does not exist: /root/code-server/dist/node/src/browser/pages
2025-03-07 23:02 +00:00: Error: listen EADDRINUSE: address already in use :::3000
2025-03-07 23:02 +00:00:     at Server.setupListenHandle [as _listen2] (node:net:1902:16)
2025-03-07 23:02 +00:00:     at listenInCluster (node:net:1959:12)
2025-03-07 23:02 +00:00:     at Server.listen (node:net:2061:7)
2025-03-07 23:02 +00:00:     at HttpServer.start (/root/code-server/dist/node/server.js:81:21)
2025-03-07 23:02 +00:00:     at Object.<anonymous> (/root/code-server/dist/node/server.js:93:13)
2025-03-07 23:02 +00:00:     at Module._compile (node:internal/modules/cjs/loader:1469:14)
2025-03-07 23:02 +00:00:     at Module._extensions..js (node:internal/modules/cjs/loader:1548:10)
2025-03-07 23:02 +00:00:     at Module.load (node:internal/modules/cjs/loader:1288:32)
2025-03-07 23:02 +00:00:     at Module._load (node:internal/modules/cjs/loader:1104:12)
2025-03-07 23:02 +00:00:     at Object.<anonymous> (/usr/local/lib/node_modules/pm2/lib/ProcessContainerFork.js:33:23) {
2025-03-07 23:02 +00:00:   code: 'EADDRINUSE',
2025-03-07 23:02 +00:00:   errno: -98,
2025-03-07 23:02 +00:00:   syscall: 'listen',
2025-03-07 23:02 +00:00:   address: '::',
2025-03-07 23:02 +00:00:   port: 3000
2025-03-07 23:02 +00:00: }
2025-03-07 23:02 +00:00: [2025-03-07T23:02:11.918Z] [AI-WARROOM] [WARN] OpenRouter API key not provided. AI agents will not be available.
2025-03-07 23:02 +00:00: [2025-03-07T23:02:11.924Z] [AI-WARROOM] [ERROR] Static path does not exist: /root/code-server/dist/node/src/browser/pages
2025-03-07 23:02 +00:00: Error: listen EADDRINUSE: address already in use :::3000
2025-03-07 23:02 +00:00:     at Server.setupListenHandle [as _listen2] (node:net:1902:16)
2025-03-07 23:02 +00:00:     at listenInCluster (node:net:1959:12)
2025-03-07 23:02 +00:00:     at Server.listen (node:net:2061:7)
2025-03-07 23:02 +00:00:     at HttpServer.start (/root/code-server/dist/node/server.js:81:21)
2025-03-07 23:02 +00:00:     at Object.<anonymous> (/root/code-server/dist/node/server.js:93:13)
2025-03-07 23:02 +00:00:     at Module._compile (node:internal/modules/cjs/loader:1469:14)
2025-03-07 23:02 +00:00:     at Module._extensions..js (node:internal/modules/cjs/loader:1548:10)
2025-03-07 23:02 +00:00:     at Module.load (node:internal/modules/cjs/loader:1288:32)
2025-03-07 23:02 +00:00:     at Module._load (node:internal/modules/cjs/loader:1104:12)
2025-03-07 23:02 +00:00:     at Object.<anonymous> (/usr/local/lib/node_modules/pm2/lib/ProcessContainerFork.js:33:23) {
2025-03-07 23:02 +00:00:   code: 'EADDRINUSE',
2025-03-07 23:02 +00:00:   errno: -98,
2025-03-07 23:02 +00:00:   syscall: 'listen',
2025-03-07 23:02 +00:00:   address: '::',
2025-03-07 23:02 +00:00:   port: 3000
2025-03-07 23:02 +00:00: }
2025-03-07 23:02 +00:00: [2025-03-07T23:02:12.536Z] [AI-WARROOM] [WARN] OpenRouter API key not provided. AI agents will not be available.
2025-03-07 23:02 +00:00: [2025-03-07T23:02:12.547Z] [AI-WARROOM] [ERROR] Static path does not exist: /root/code-server/dist/node/src/browser/pages
2025-03-07 23:02 +00:00: Error: listen EADDRINUSE: address already in use :::3000
2025-03-07 23:02 +00:00:     at Server.setupListenHandle [as _listen2] (node:net:1902:16)
2025-03-07 23:02 +00:00:     at listenInCluster (node:net:1959:12)
2025-03-07 23:02 +00:00:     at Server.listen (node:net:2061:7)
2025-03-07 23:02 +00:00:     at HttpServer.start (/root/code-server/dist/node/server.js:81:21)
2025-03-07 23:02 +00:00:     at Object.<anonymous> (/root/code-server/dist/node/server.js:93:13)
2025-03-07 23:02 +00:00:     at Module._compile (node:internal/modules/cjs/loader:1469:14)
2025-03-07 23:02 +00:00:     at Module._extensions..js (node:internal/modules/cjs/loader:1548:10)
2025-03-07 23:02 +00:00:     at Module.load (node:internal/modules/cjs/loader:1288:32)
2025-03-07 23:02 +00:00:     at Module._load (node:internal/modules/cjs/loader:1104:12)
2025-03-07 23:02 +00:00:     at Object.<anonymous> (/usr/local/lib/node_modules/pm2/lib/ProcessContainerFork.js:33:23) {
2025-03-07 23:02 +00:00:   code: 'EADDRINUSE',
2025-03-07 23:02 +00:00:   errno: -98,
2025-03-07 23:02 +00:00:   syscall: 'listen',
2025-03-07 23:02 +00:00:   address: '::',
2025-03-07 23:02 +00:00:   port: 3000
2025-03-07 23:02 +00:00: }
2025-03-07 23:02 +00:00: [2025-03-07T23:02:13.120Z] [AI-WARROOM] [WARN] OpenRouter API key not provided. AI agents will not be available.
2025-03-07 23:02 +00:00: [2025-03-07T23:02:13.149Z] [AI-WARROOM] [ERROR] Static path does not exist: /root/code-server/dist/node/src/browser/pages
2025-03-07 23:02 +00:00: Error: listen EADDRINUSE: address already in use :::3000
2025-03-07 23:02 +00:00:     at Server.setupListenHandle [as _listen2] (node:net:1902:16)
2025-03-07 23:02 +00:00:     at listenInCluster (node:net:1959:12)
2025-03-07 23:02 +00:00:     at Server.listen (node:net:2061:7)
2025-03-07 23:02 +00:00:     at HttpServer.start (/root/code-server/dist/node/server.js:81:21)
2025-03-07 23:02 +00:00:     at Object.<anonymous> (/root/code-server/dist/node/server.js:93:13)
2025-03-07 23:02 +00:00:     at Module._compile (node:internal/modules/cjs/loader:1469:14)
2025-03-07 23:02 +00:00:     at Module._extensions..js (node:internal/modules/cjs/loader:1548:10)
2025-03-07 23:02 +00:00:     at Module.load (node:internal/modules/cjs/loader:1288:32)
2025-03-07 23:02 +00:00:     at Module._load (node:internal/modules/cjs/loader:1104:12)
2025-03-07 23:02 +00:00:     at Object.<anonymous> (/usr/local/lib/node_modules/pm2/lib/ProcessContainerFork.js:33:23) {
2025-03-07 23:02 +00:00:   code: 'EADDRINUSE',
2025-03-07 23:02 +00:00:   errno: -98,
2025-03-07 23:02 +00:00:   syscall: 'listen',
2025-03-07 23:02 +00:00:   address: '::',
2025-03-07 23:02 +00:00:   port: 3000
2025-03-07 23:02 +00:00: }
2025-03-07 23:02 +00:00: [2025-03-07T23:02:13.682Z] [AI-WARROOM] [WARN] OpenRouter API key not provided. AI agents will not be available.
2025-03-07 23:02 +00:00: [2025-03-07T23:02:13.686Z] [AI-WARROOM] [ERROR] Static path does not exist: /root/code-server/dist/node/src/browser/pages
2025-03-07 23:02 +00:00: Error: listen EADDRINUSE: address already in use :::3000
2025-03-07 23:02 +00:00:     at Server.setupListenHandle [as _listen2] (node:net:1902:16)
2025-03-07 23:02 +00:00:     at listenInCluster (node:net:1959:12)
2025-03-07 23:02 +00:00:     at Server.listen (node:net:2061:7)
2025-03-07 23:02 +00:00:     at HttpServer.start (/root/code-server/dist/node/server.js:81:21)
2025-03-07 23:02 +00:00:     at Object.<anonymous> (/root/code-server/dist/node/server.js:93:13)
2025-03-07 23:02 +00:00:     at Module._compile (node:internal/modules/cjs/loader:1469:14)
2025-03-07 23:02 +00:00:     at Module._extensions..js (node:internal/modules/cjs/loader:1548:10)
2025-03-07 23:02 +00:00:     at Module.load (node:internal/modules/cjs/loader:1288:32)
2025-03-07 23:02 +00:00:     at Module._load (node:internal/modules/cjs/loader:1104:12)
2025-03-07 23:02 +00:00:     at Object.<anonymous> (/usr/local/lib/node_modules/pm2/lib/ProcessContainerFork.js:33:23) {
2025-03-07 23:02 +00:00:   code: 'EADDRINUSE',
2025-03-07 23:02 +00:00:   errno: -98,
2025-03-07 23:02 +00:00:   syscall: 'listen',
2025-03-07 23:02 +00:00:   address: '::',
2025-03-07 23:02 +00:00:   port: 3000
2025-03-07 23:02 +00:00: }
2025-03-07 23:02 +00:00: [2025-03-07T23:02:14.317Z] [AI-WARROOM] [WARN] OpenRouter API key not provided. AI agents will not be available.
2025-03-07 23:02 +00:00: [2025-03-07T23:02:14.322Z] [AI-WARROOM] [ERROR] Static path does not exist: /root/code-server/dist/node/src/browser/pages
2025-03-07 23:02 +00:00: Error: listen EADDRINUSE: address already in use :::3000
2025-03-07 23:02 +00:00:     at Server.setupListenHandle [as _listen2] (node:net:1902:16)
2025-03-07 23:02 +00:00:     at listenInCluster (node:net:1959:12)
2025-03-07 23:02 +00:00:     at Server.listen (node:net:2061:7)
2025-03-07 23:02 +00:00:     at HttpServer.start (/root/code-server/dist/node/server.js:81:21)
2025-03-07 23:02 +00:00:     at Object.<anonymous> (/root/code-server/dist/node/server.js:93:13)
2025-03-07 23:02 +00:00:     at Module._compile (node:internal/modules/cjs/loader:1469:14)
2025-03-07 23:02 +00:00:     at Module._extensions..js (node:internal/modules/cjs/loader:1548:10)
2025-03-07 23:02 +00:00:     at Module.load (node:internal/modules/cjs/loader:1288:32)
2025-03-07 23:02 +00:00:     at Module._load (node:internal/modules/cjs/loader:1104:12)
2025-03-07 23:02 +00:00:     at Object.<anonymous> (/usr/local/lib/node_modules/pm2/lib/ProcessContainerFork.js:33:23) {
2025-03-07 23:02 +00:00:   code: 'EADDRINUSE',
2025-03-07 23:02 +00:00:   errno: -98,
2025-03-07 23:02 +00:00:   syscall: 'listen',
2025-03-07 23:02 +00:00:   address: '::',
2025-03-07 23:02 +00:00:   port: 3000
2025-03-07 23:02 +00:00: }
2025-03-07 23:02 +00:00: [2025-03-07T23:02:14.931Z] [AI-WARROOM] [WARN] OpenRouter API key not provided. AI agents will not be available.
2025-03-07 23:02 +00:00: [2025-03-07T23:02:14.936Z] [AI-WARROOM] [ERROR] Static path does not exist: /root/code-server/dist/node/src/browser/pages
2025-03-07 23:02 +00:00: Error: listen EADDRINUSE: address already in use :::3000
2025-03-07 23:02 +00:00:     at Server.setupListenHandle [as _listen2] (node:net:1902:16)
2025-03-07 23:02 +00:00:     at listenInCluster (node:net:1959:12)
2025-03-07 23:02 +00:00:     at Server.listen (node:net:2061:7)
2025-03-07 23:02 +00:00:     at HttpServer.start (/root/code-server/dist/node/server.js:81:21)
2025-03-07 23:02 +00:00:     at Object.<anonymous> (/root/code-server/dist/node/server.js:93:13)
2025-03-07 23:02 +00:00:     at Module._compile (node:internal/modules/cjs/loader:1469:14)
2025-03-07 23:02 +00:00:     at Module._extensions..js (node:internal/modules/cjs/loader:1548:10)
2025-03-07 23:02 +00:00:     at Module.load (node:internal/modules/cjs/loader:1288:32)
2025-03-07 23:02 +00:00:     at Module._load (node:internal/modules/cjs/loader:1104:12)
2025-03-07 23:02 +00:00:     at Object.<anonymous> (/usr/local/lib/node_modules/pm2/lib/ProcessContainerFork.js:33:23) {
2025-03-07 23:02 +00:00:   code: 'EADDRINUSE',
2025-03-07 23:02 +00:00:   errno: -98,
2025-03-07 23:02 +00:00:   syscall: 'listen',
2025-03-07 23:02 +00:00:   address: '::',
2025-03-07 23:02 +00:00:   port: 3000
2025-03-07 23:02 +00:00: }
2025-03-07 23:02 +00:00: [2025-03-07T23:02:15.577Z] [AI-WARROOM] [WARN] OpenRouter API key not provided. AI agents will not be available.
2025-03-07 23:02 +00:00: [2025-03-07T23:02:15.590Z] [AI-WARROOM] [ERROR] Static path does not exist: /root/code-server/dist/node/src/browser/pages
2025-03-07 23:02 +00:00: Error: listen EADDRINUSE: address already in use :::3000
2025-03-07 23:02 +00:00:     at Server.setupListenHandle [as _listen2] (node:net:1902:16)
2025-03-07 23:02 +00:00:     at listenInCluster (node:net:1959:12)
2025-03-07 23:02 +00:00:     at Server.listen (node:net:2061:7)
2025-03-07 23:02 +00:00:     at HttpServer.start (/root/code-server/dist/node/server.js:81:21)
2025-03-07 23:02 +00:00:     at Object.<anonymous> (/root/code-server/dist/node/server.js:93:13)
2025-03-07 23:02 +00:00:     at Module._compile (node:internal/modules/cjs/loader:1469:14)
2025-03-07 23:02 +00:00:     at Module._extensions..js (node:internal/modules/cjs/loader:1548:10)
2025-03-07 23:02 +00:00:     at Module.load (node:internal/modules/cjs/loader:1288:32)
2025-03-07 23:02 +00:00:     at Module._load (node:internal/modules/cjs/loader:1104:12)
2025-03-07 23:02 +00:00:     at Object.<anonymous> (/usr/local/lib/node_modules/pm2/lib/ProcessContainerFork.js:33:23) {
2025-03-07 23:02 +00:00:   code: 'EADDRINUSE',
2025-03-07 23:02 +00:00:   errno: -98,
2025-03-07 23:02 +00:00:   syscall: 'listen',
2025-03-07 23:02 +00:00:   address: '::',
2025-03-07 23:02 +00:00:   port: 3000
2025-03-07 23:02 +00:00: }
2025-03-07 23:02 +00:00: [2025-03-07T23:02:16.346Z] [AI-WARROOM] [WARN] OpenRouter API key not provided. AI agents will not be available.
2025-03-07 23:02 +00:00: [2025-03-07T23:02:16.351Z] [AI-WARROOM] [ERROR] Static path does not exist: /root/code-server/dist/node/src/browser/pages
2025-03-07 23:02 +00:00: Error: listen EADDRINUSE: address already in use :::3000
2025-03-07 23:02 +00:00:     at Server.setupListenHandle [as _listen2] (node:net:1902:16)
2025-03-07 23:02 +00:00:     at listenInCluster (node:net:1959:12)
2025-03-07 23:02 +00:00:     at Server.listen (node:net:2061:7)
2025-03-07 23:02 +00:00:     at HttpServer.start (/root/code-server/dist/node/server.js:81:21)
2025-03-07 23:02 +00:00:     at Object.<anonymous> (/root/code-server/dist/node/server.js:93:13)
2025-03-07 23:02 +00:00:     at Module._compile (node:internal/modules/cjs/loader:1469:14)
2025-03-07 23:02 +00:00:     at Module._extensions..js (node:internal/modules/cjs/loader:1548:10)
2025-03-07 23:02 +00:00:     at Module.load (node:internal/modules/cjs/loader:1288:32)
2025-03-07 23:02 +00:00:     at Module._load (node:internal/modules/cjs/loader:1104:12)
2025-03-07 23:02 +00:00:     at Object.<anonymous> (/usr/local/lib/node_modules/pm2/lib/ProcessContainerFork.js:33:23) {
2025-03-07 23:02 +00:00:   code: 'EADDRINUSE',
2025-03-07 23:02 +00:00:   errno: -98,
2025-03-07 23:02 +00:00:   syscall: 'listen',
2025-03-07 23:02 +00:00:   address: '::',
2025-03-07 23:02 +00:00:   port: 3000
2025-03-07 23:02 +00:00: }
2025-03-07 23:02 +00:00: [2025-03-07T23:02:16.958Z] [AI-WARROOM] [WARN] OpenRouter API key not provided. AI agents will not be available.
2025-03-07 23:02 +00:00: [2025-03-07T23:02:16.978Z] [AI-WARROOM] [ERROR] Static path does not exist: /root/code-server/dist/node/src/browser/pages
2025-03-07 23:02 +00:00: Error: listen EADDRINUSE: address already in use :::3000
2025-03-07 23:02 +00:00:     at Server.setupListenHandle [as _listen2] (node:net:1902:16)
2025-03-07 23:02 +00:00:     at listenInCluster (node:net:1959:12)
2025-03-07 23:02 +00:00:     at Server.listen (node:net:2061:7)
2025-03-07 23:02 +00:00:     at HttpServer.start (/root/code-server/dist/node/server.js:81:21)
2025-03-07 23:02 +00:00:     at Object.<anonymous> (/root/code-server/dist/node/server.js:93:13)
2025-03-07 23:02 +00:00:     at Module._compile (node:internal/modules/cjs/loader:1469:14)
2025-03-07 23:02 +00:00:     at Module._extensions..js (node:internal/modules/cjs/loader:1548:10)
2025-03-07 23:02 +00:00:     at Module.load (node:internal/modules/cjs/loader:1288:32)
2025-03-07 23:02 +00:00:     at Module._load (node:internal/modules/cjs/loader:1104:12)
2025-03-07 23:02 +00:00:     at Object.<anonymous> (/usr/local/lib/node_modules/pm2/lib/ProcessContainerFork.js:33:23) {
2025-03-07 23:02 +00:00:   code: 'EADDRINUSE',
2025-03-07 23:02 +00:00:   errno: -98,
2025-03-07 23:02 +00:00:   syscall: 'listen',
2025-03-07 23:02 +00:00:   address: '::',
2025-03-07 23:02 +00:00:   port: 3000
2025-03-07 23:02 +00:00: }
2025-03-07 23:02 +00:00: [2025-03-07T23:02:17.669Z] [AI-WARROOM] [WARN] OpenRouter API key not provided. AI agents will not be available.
2025-03-07 23:02 +00:00: [2025-03-07T23:02:17.675Z] [AI-WARROOM] [ERROR] Static path does not exist: /root/code-server/dist/node/src/browser/pages
2025-03-07 23:02 +00:00: Error: listen EADDRINUSE: address already in use :::3000
2025-03-07 23:02 +00:00:     at Server.setupListenHandle [as _listen2] (node:net:1902:16)
2025-03-07 23:02 +00:00:     at listenInCluster (node:net:1959:12)
2025-03-07 23:02 +00:00:     at Server.listen (node:net:2061:7)
2025-03-07 23:02 +00:00:     at HttpServer.start (/root/code-server/dist/node/server.js:81:21)
2025-03-07 23:02 +00:00:     at Object.<anonymous> (/root/code-server/dist/node/server.js:93:13)
2025-03-07 23:02 +00:00:     at Module._compile (node:internal/modules/cjs/loader:1469:14)
2025-03-07 23:02 +00:00:     at Module._extensions..js (node:internal/modules/cjs/loader:1548:10)
2025-03-07 23:02 +00:00:     at Module.load (node:internal/modules/cjs/loader:1288:32)
2025-03-07 23:02 +00:00:     at Module._load (node:internal/modules/cjs/loader:1104:12)
2025-03-07 23:02 +00:00:     at Object.<anonymous> (/usr/local/lib/node_modules/pm2/lib/ProcessContainerFork.js:33:23) {
2025-03-07 23:02 +00:00:   code: 'EADDRINUSE',
2025-03-07 23:02 +00:00:   errno: -98,
2025-03-07 23:02 +00:00:   syscall: 'listen',
2025-03-07 23:02 +00:00:   address: '::',
2025-03-07 23:02 +00:00:   port: 3000
2025-03-07 23:02 +00:00: }
2025-03-07 23:02 +00:00: [2025-03-07T23:02:18.440Z] [AI-WARROOM] [WARN] OpenRouter API key not provided. AI agents will not be available.
2025-03-07 23:02 +00:00: [2025-03-07T23:02:18.444Z] [AI-WARROOM] [ERROR] Static path does not exist: /root/code-server/dist/node/src/browser/pages
2025-03-07 23:02 +00:00: Error: listen EADDRINUSE: address already in use :::3000
2025-03-07 23:02 +00:00:     at Server.setupListenHandle [as _listen2] (node:net:1902:16)
2025-03-07 23:02 +00:00:     at listenInCluster (node:net:1959:12)
2025-03-07 23:02 +00:00:     at Server.listen (node:net:2061:7)
2025-03-07 23:02 +00:00:     at HttpServer.start (/root/code-server/dist/node/server.js:81:21)
2025-03-07 23:02 +00:00:     at Object.<anonymous> (/root/code-server/dist/node/server.js:93:13)
2025-03-07 23:02 +00:00:     at Module._compile (node:internal/modules/cjs/loader:1469:14)
2025-03-07 23:02 +00:00:     at Module._extensions..js (node:internal/modules/cjs/loader:1548:10)
2025-03-07 23:02 +00:00:     at Module.load (node:internal/modules/cjs/loader:1288:32)
2025-03-07 23:02 +00:00:     at Module._load (node:internal/modules/cjs/loader:1104:12)
2025-03-07 23:02 +00:00:     at Object.<anonymous> (/usr/local/lib/node_modules/pm2/lib/ProcessContainerFork.js:33:23) {
2025-03-07 23:02 +00:00:   code: 'EADDRINUSE',
2025-03-07 23:02 +00:00:   errno: -98,
2025-03-07 23:02 +00:00:   syscall: 'listen',
2025-03-07 23:02 +00:00:   address: '::',
2025-03-07 23:02 +00:00:   port: 3000
2025-03-07 23:02 +00:00: }
2025-03-07 23:02 +00:00: [2025-03-07T23:02:19.333Z] [AI-WARROOM] [WARN] OpenRouter API key not provided. AI agents will not be available.
2025-03-07 23:02 +00:00: [2025-03-07T23:02:19.344Z] [AI-WARROOM] [ERROR] Static path does not exist: /root/code-server/dist/node/src/browser/pages
2025-03-07 23:02 +00:00: Error: listen EADDRINUSE: address already in use :::3000
2025-03-07 23:02 +00:00:     at Server.setupListenHandle [as _listen2] (node:net:1902:16)
2025-03-07 23:02 +00:00:     at listenInCluster (node:net:1959:12)
2025-03-07 23:02 +00:00:     at Server.listen (node:net:2061:7)
2025-03-07 23:02 +00:00:     at HttpServer.start (/root/code-server/dist/node/server.js:81:21)
2025-03-07 23:02 +00:00:     at Object.<anonymous> (/root/code-server/dist/node/server.js:93:13)
2025-03-07 23:02 +00:00:     at Module._compile (node:internal/modules/cjs/loader:1469:14)
2025-03-07 23:02 +00:00:     at Module._extensions..js (node:internal/modules/cjs/loader:1548:10)
2025-03-07 23:02 +00:00:     at Module.load (node:internal/modules/cjs/loader:1288:32)
2025-03-07 23:02 +00:00:     at Module._load (node:internal/modules/cjs/loader:1104:12)
2025-03-07 23:02 +00:00:     at Object.<anonymous> (/usr/local/lib/node_modules/pm2/lib/ProcessContainerFork.js:33:23) {
2025-03-07 23:02 +00:00:   code: 'EADDRINUSE',
2025-03-07 23:02 +00:00:   errno: -98,
2025-03-07 23:02 +00:00:   syscall: 'listen',
2025-03-07 23:02 +00:00:   address: '::',
2025-03-07 23:02 +00:00:   port: 3000
2025-03-07 23:02 +00:00: }
2025-03-07 23:02 +00:00: [2025-03-07T23:02:20.358Z] [AI-WARROOM] [WARN] OpenRouter API key not provided. AI agents will not be available.
2025-03-07 23:02 +00:00: [2025-03-07T23:02:20.365Z] [AI-WARROOM] [ERROR] Static path does not exist: /root/code-server/dist/node/src/browser/pages
2025-03-07 23:02 +00:00: Error: listen EADDRINUSE: address already in use :::3000
2025-03-07 23:02 +00:00:     at Server.setupListenHandle [as _listen2] (node:net:1902:16)
2025-03-07 23:02 +00:00:     at listenInCluster (node:net:1959:12)
2025-03-07 23:02 +00:00:     at Server.listen (node:net:2061:7)
2025-03-07 23:02 +00:00:     at HttpServer.start (/root/code-server/dist/node/server.js:81:21)
2025-03-07 23:02 +00:00:     at Object.<anonymous> (/root/code-server/dist/node/server.js:93:13)
2025-03-07 23:02 +00:00:     at Module._compile (node:internal/modules/cjs/loader:1469:14)
2025-03-07 23:02 +00:00:     at Module._extensions..js (node:internal/modules/cjs/loader:1548:10)
2025-03-07 23:02 +00:00:     at Module.load (node:internal/modules/cjs/loader:1288:32)
2025-03-07 23:02 +00:00:     at Module._load (node:internal/modules/cjs/loader:1104:12)
2025-03-07 23:02 +00:00:     at Object.<anonymous> (/usr/local/lib/node_modules/pm2/lib/ProcessContainerFork.js:33:23) {
2025-03-07 23:02 +00:00:   code: 'EADDRINUSE',
2025-03-07 23:02 +00:00:   errno: -98,
2025-03-07 23:02 +00:00:   syscall: 'listen',
2025-03-07 23:02 +00:00:   address: '::',
2025-03-07 23:02 +00:00:   port: 3000
2025-03-07 23:02 +00:00: }
2025-03-07 23:02 +00:00: [2025-03-07T23:02:21.321Z] [AI-WARROOM] [WARN] OpenRouter API key not provided. AI agents will not be available.
2025-03-07 23:02 +00:00: [2025-03-07T23:02:21.327Z] [AI-WARROOM] [ERROR] Static path does not exist: /root/code-server/dist/node/src/browser/pages
2025-03-07 23:02 +00:00: Error: listen EADDRINUSE: address already in use :::3000
2025-03-07 23:02 +00:00:     at Server.setupListenHandle [as _listen2] (node:net:1902:16)
2025-03-07 23:02 +00:00:     at listenInCluster (node:net:1959:12)
2025-03-07 23:02 +00:00:     at Server.listen (node:net:2061:7)
2025-03-07 23:02 +00:00:     at HttpServer.start (/root/code-server/dist/node/server.js:81:21)
2025-03-07 23:02 +00:00:     at Object.<anonymous> (/root/code-server/dist/node/server.js:93:13)
2025-03-07 23:02 +00:00:     at Module._compile (node:internal/modules/cjs/loader:1469:14)
2025-03-07 23:02 +00:00:     at Module._extensions..js (node:internal/modules/cjs/loader:1548:10)
2025-03-07 23:02 +00:00:     at Module.load (node:internal/modules/cjs/loader:1288:32)
2025-03-07 23:02 +00:00:     at Module._load (node:internal/modules/cjs/loader:1104:12)
2025-03-07 23:02 +00:00:     at Object.<anonymous> (/usr/local/lib/node_modules/pm2/lib/ProcessContainerFork.js:33:23) {
2025-03-07 23:02 +00:00:   code: 'EADDRINUSE',
2025-03-07 23:02 +00:00:   errno: -98,
2025-03-07 23:02 +00:00:   syscall: 'listen',
2025-03-07 23:02 +00:00:   address: '::',
2025-03-07 23:02 +00:00:   port: 3000
2025-03-07 23:02 +00:00: }
2025-03-07 23:02 +00:00: [2025-03-07T23:02:22.198Z] [AI-WARROOM] [WARN] OpenRouter API key not provided. AI agents will not be available.
2025-03-07 23:02 +00:00: [2025-03-07T23:02:22.222Z] [AI-WARROOM] [ERROR] Static path does not exist: /root/code-server/dist/node/src/browser/pages
2025-03-07 23:02 +00:00: Error: listen EADDRINUSE: address already in use :::3000
2025-03-07 23:02 +00:00:     at Server.setupListenHandle [as _listen2] (node:net:1902:16)
2025-03-07 23:02 +00:00:     at listenInCluster (node:net:1959:12)
2025-03-07 23:02 +00:00:     at Server.listen (node:net:2061:7)
2025-03-07 23:02 +00:00:     at HttpServer.start (/root/code-server/dist/node/server.js:81:21)
2025-03-07 23:02 +00:00:     at Object.<anonymous> (/root/code-server/dist/node/server.js:93:13)
2025-03-07 23:02 +00:00:     at Module._compile (node:internal/modules/cjs/loader:1469:14)
2025-03-07 23:02 +00:00:     at Module._extensions..js (node:internal/modules/cjs/loader:1548:10)
2025-03-07 23:02 +00:00:     at Module.load (node:internal/modules/cjs/loader:1288:32)
2025-03-07 23:02 +00:00:     at Module._load (node:internal/modules/cjs/loader:1104:12)
2025-03-07 23:02 +00:00:     at Object.<anonymous> (/usr/local/lib/node_modules/pm2/lib/ProcessContainerFork.js:33:23) {
2025-03-07 23:02 +00:00:   code: 'EADDRINUSE',
2025-03-07 23:02 +00:00:   errno: -98,
2025-03-07 23:02 +00:00:   syscall: 'listen',
2025-03-07 23:02 +00:00:   address: '::',
2025-03-07 23:02 +00:00:   port: 3000
2025-03-07 23:02 +00:00: }
2025-03-07 23:02 +00:00: [2025-03-07T23:02:23.237Z] [AI-WARROOM] [WARN] OpenRouter API key not provided. AI agents will not be available.
2025-03-07 23:02 +00:00: [2025-03-07T23:02:23.241Z] [AI-WARROOM] [ERROR] Static path does not exist: /root/code-server/dist/node/src/browser/pages
2025-03-07 23:02 +00:00: Error: listen EADDRINUSE: address already in use :::3000
2025-03-07 23:02 +00:00:     at Server.setupListenHandle [as _listen2] (node:net:1902:16)
2025-03-07 23:02 +00:00:     at listenInCluster (node:net:1959:12)
2025-03-07 23:02 +00:00:     at Server.listen (node:net:2061:7)
2025-03-07 23:02 +00:00:     at HttpServer.start (/root/code-server/dist/node/server.js:81:21)
2025-03-07 23:02 +00:00:     at Object.<anonymous> (/root/code-server/dist/node/server.js:93:13)
2025-03-07 23:02 +00:00:     at Module._compile (node:internal/modules/cjs/loader:1469:14)
2025-03-07 23:02 +00:00:     at Module._extensions..js (node:internal/modules/cjs/loader:1548:10)
2025-03-07 23:02 +00:00:     at Module.load (node:internal/modules/cjs/loader:1288:32)
2025-03-07 23:02 +00:00:     at Module._load (node:internal/modules/cjs/loader:1104:12)
2025-03-07 23:02 +00:00:     at Object.<anonymous> (/usr/local/lib/node_modules/pm2/lib/ProcessContainerFork.js:33:23) {
2025-03-07 23:02 +00:00:   code: 'EADDRINUSE',
2025-03-07 23:02 +00:00:   errno: -98,
2025-03-07 23:02 +00:00:   syscall: 'listen',
2025-03-07 23:02 +00:00:   address: '::',
2025-03-07 23:02 +00:00:   port: 3000
2025-03-07 23:02 +00:00: }
2025-03-07 23:02 +00:00: [2025-03-07T23:02:24.240Z] [AI-WARROOM] [WARN] OpenRouter API key not provided. AI agents will not be available.
2025-03-07 23:02 +00:00: [2025-03-07T23:02:24.250Z] [AI-WARROOM] [ERROR] Static path does not exist: /root/code-server/dist/node/src/browser/pages
2025-03-07 23:02 +00:00: Error: listen EADDRINUSE: address already in use :::3000
2025-03-07 23:02 +00:00:     at Server.setupListenHandle [as _listen2] (node:net:1902:16)
2025-03-07 23:02 +00:00:     at listenInCluster (node:net:1959:12)
2025-03-07 23:02 +00:00:     at Server.listen (node:net:2061:7)
2025-03-07 23:02 +00:00:     at HttpServer.start (/root/code-server/dist/node/server.js:81:21)
2025-03-07 23:02 +00:00:     at Object.<anonymous> (/root/code-server/dist/node/server.js:93:13)
2025-03-07 23:02 +00:00:     at Module._compile (node:internal/modules/cjs/loader:1469:14)
2025-03-07 23:02 +00:00:     at Module._extensions..js (node:internal/modules/cjs/loader:1548:10)
2025-03-07 23:02 +00:00:     at Module.load (node:internal/modules/cjs/loader:1288:32)
2025-03-07 23:02 +00:00:     at Module._load (node:internal/modules/cjs/loader:1104:12)
2025-03-07 23:02 +00:00:     at Object.<anonymous> (/usr/local/lib/node_modules/pm2/lib/ProcessContainerFork.js:33:23) {
2025-03-07 23:02 +00:00:   code: 'EADDRINUSE',
2025-03-07 23:02 +00:00:   errno: -98,
2025-03-07 23:02 +00:00:   syscall: 'listen',
2025-03-07 23:02 +00:00:   address: '::',
2025-03-07 23:02 +00:00:   port: 3000
2025-03-07 23:02 +00:00: }
2025-03-07 23:02 +00:00: [2025-03-07T23:02:26.318Z] [AI-WARROOM] [WARN] OpenRouter API key not provided. AI agents will not be available.
2025-03-07 23:02 +00:00: [2025-03-07T23:02:26.322Z] [AI-WARROOM] [ERROR] Static path does not exist: /root/code-server/dist/node/src/browser/pages
2025-03-07 23:02 +00:00: Error: listen EADDRINUSE: address already in use :::3000
2025-03-07 23:02 +00:00:     at Server.setupListenHandle [as _listen2] (node:net:1902:16)
2025-03-07 23:02 +00:00:     at listenInCluster (node:net:1959:12)
2025-03-07 23:02 +00:00:     at Server.listen (node:net:2061:7)
2025-03-07 23:02 +00:00:     at HttpServer.start (/root/code-server/dist/node/server.js:81:21)
2025-03-07 23:02 +00:00:     at Object.<anonymous> (/root/code-server/dist/node/server.js:93:13)
2025-03-07 23:02 +00:00:     at Module._compile (node:internal/modules/cjs/loader:1469:14)
2025-03-07 23:02 +00:00:     at Module._extensions..js (node:internal/modules/cjs/loader:1548:10)
2025-03-07 23:02 +00:00:     at Module.load (node:internal/modules/cjs/loader:1288:32)
2025-03-07 23:02 +00:00:     at Module._load (node:internal/modules/cjs/loader:1104:12)
2025-03-07 23:02 +00:00:     at Object.<anonymous> (/usr/local/lib/node_modules/pm2/lib/ProcessContainerFork.js:33:23) {
2025-03-07 23:02 +00:00:   code: 'EADDRINUSE',
2025-03-07 23:02 +00:00:   errno: -98,
2025-03-07 23:02 +00:00:   syscall: 'listen',
2025-03-07 23:02 +00:00:   address: '::',
2025-03-07 23:02 +00:00:   port: 3000
2025-03-07 23:02 +00:00: }
2025-03-07 23:02 +00:00: [2025-03-07T23:02:26.908Z] [AI-WARROOM] [WARN] OpenRouter API key not provided. AI agents will not be available.
2025-03-07 23:02 +00:00: [2025-03-07T23:02:26.916Z] [AI-WARROOM] [ERROR] Static path does not exist: /root/code-server/dist/node/src/browser/pages
2025-03-07 23:02 +00:00: Error: listen EADDRINUSE: address already in use :::3000
2025-03-07 23:02 +00:00:     at Server.setupListenHandle [as _listen2] (node:net:1902:16)
2025-03-07 23:02 +00:00:     at listenInCluster (node:net:1959:12)
2025-03-07 23:02 +00:00:     at Server.listen (node:net:2061:7)
2025-03-07 23:02 +00:00:     at HttpServer.start (/root/code-server/dist/node/server.js:81:21)
2025-03-07 23:02 +00:00:     at Object.<anonymous> (/root/code-server/dist/node/server.js:93:13)
2025-03-07 23:02 +00:00:     at Module._compile (node:internal/modules/cjs/loader:1469:14)
2025-03-07 23:02 +00:00:     at Module._extensions..js (node:internal/modules/cjs/loader:1548:10)
2025-03-07 23:02 +00:00:     at Module.load (node:internal/modules/cjs/loader:1288:32)
2025-03-07 23:02 +00:00:     at Module._load (node:internal/modules/cjs/loader:1104:12)
2025-03-07 23:02 +00:00:     at Object.<anonymous> (/usr/local/lib/node_modules/pm2/lib/ProcessContainerFork.js:33:23) {
2025-03-07 23:02 +00:00:   code: 'EADDRINUSE',
2025-03-07 23:02 +00:00:   errno: -98,
2025-03-07 23:02 +00:00:   syscall: 'listen',
2025-03-07 23:02 +00:00:   address: '::',
2025-03-07 23:02 +00:00:   port: 3000
2025-03-07 23:02 +00:00: }
2025-03-07 23:02 +00:00: [2025-03-07T23:02:27.497Z] [AI-WARROOM] [WARN] OpenRouter API key not provided. AI agents will not be available.
2025-03-07 23:02 +00:00: [2025-03-07T23:02:27.502Z] [AI-WARROOM] [ERROR] Static path does not exist: /root/code-server/dist/node/src/browser/pages
2025-03-07 23:02 +00:00: Error: listen EADDRINUSE: address already in use :::3000
2025-03-07 23:02 +00:00:     at Server.setupListenHandle [as _listen2] (node:net:1902:16)
2025-03-07 23:02 +00:00:     at listenInCluster (node:net:1959:12)
2025-03-07 23:02 +00:00:     at Server.listen (node:net:2061:7)
2025-03-07 23:02 +00:00:     at HttpServer.start (/root/code-server/dist/node/server.js:81:21)
2025-03-07 23:02 +00:00:     at Object.<anonymous> (/root/code-server/dist/node/server.js:93:13)
2025-03-07 23:02 +00:00:     at Module._compile (node:internal/modules/cjs/loader:1469:14)
2025-03-07 23:02 +00:00:     at Module._extensions..js (node:internal/modules/cjs/loader:1548:10)
2025-03-07 23:02 +00:00:     at Module.load (node:internal/modules/cjs/loader:1288:32)
2025-03-07 23:02 +00:00:     at Module._load (node:internal/modules/cjs/loader:1104:12)
2025-03-07 23:02 +00:00:     at Object.<anonymous> (/usr/local/lib/node_modules/pm2/lib/ProcessContainerFork.js:33:23) {
2025-03-07 23:02 +00:00:   code: 'EADDRINUSE',
2025-03-07 23:02 +00:00:   errno: -98,
2025-03-07 23:02 +00:00:   syscall: 'listen',
2025-03-07 23:02 +00:00:   address: '::',
2025-03-07 23:02 +00:00:   port: 3000
2025-03-07 23:02 +00:00: }
2025-03-07 23:02 +00:00: [2025-03-07T23:02:28.058Z] [AI-WARROOM] [WARN] OpenRouter API key not provided. AI agents will not be available.
2025-03-07 23:02 +00:00: [2025-03-07T23:02:28.064Z] [AI-WARROOM] [ERROR] Static path does not exist: /root/code-server/dist/node/src/browser/pages
2025-03-07 23:02 +00:00: Error: listen EADDRINUSE: address already in use :::3000
2025-03-07 23:02 +00:00:     at Server.setupListenHandle [as _listen2] (node:net:1902:16)
2025-03-07 23:02 +00:00:     at listenInCluster (node:net:1959:12)
2025-03-07 23:02 +00:00:     at Server.listen (node:net:2061:7)
2025-03-07 23:02 +00:00:     at HttpServer.start (/root/code-server/dist/node/server.js:81:21)
2025-03-07 23:02 +00:00:     at Object.<anonymous> (/root/code-server/dist/node/server.js:93:13)
2025-03-07 23:02 +00:00:     at Module._compile (node:internal/modules/cjs/loader:1469:14)
2025-03-07 23:02 +00:00:     at Module._extensions..js (node:internal/modules/cjs/loader:1548:10)
2025-03-07 23:02 +00:00:     at Module.load (node:internal/modules/cjs/loader:1288:32)
2025-03-07 23:02 +00:00:     at Module._load (node:internal/modules/cjs/loader:1104:12)
2025-03-07 23:02 +00:00:     at Object.<anonymous> (/usr/local/lib/node_modules/pm2/lib/ProcessContainerFork.js:33:23) {
2025-03-07 23:02 +00:00:   code: 'EADDRINUSE',
2025-03-07 23:02 +00:00:   errno: -98,
2025-03-07 23:02 +00:00:   syscall: 'listen',
2025-03-07 23:02 +00:00:   address: '::',
2025-03-07 23:02 +00:00:   port: 3000
2025-03-07 23:02 +00:00: }
2025-03-07 23:02 +00:00: [2025-03-07T23:02:28.585Z] [AI-WARROOM] [WARN] OpenRouter API key not provided. AI agents will not be available.
2025-03-07 23:02 +00:00: [2025-03-07T23:02:28.599Z] [AI-WARROOM] [ERROR] Static path does not exist: /root/code-server/dist/node/src/browser/pages
2025-03-07 23:02 +00:00: Error: listen EADDRINUSE: address already in use :::3000
2025-03-07 23:02 +00:00:     at Server.setupListenHandle [as _listen2] (node:net:1902:16)
2025-03-07 23:02 +00:00:     at listenInCluster (node:net:1959:12)
2025-03-07 23:02 +00:00:     at Server.listen (node:net:2061:7)
2025-03-07 23:02 +00:00:     at HttpServer.start (/root/code-server/dist/node/server.js:81:21)
2025-03-07 23:02 +00:00:     at Object.<anonymous> (/root/code-server/dist/node/server.js:93:13)
2025-03-07 23:02 +00:00:     at Module._compile (node:internal/modules/cjs/loader:1469:14)
2025-03-07 23:02 +00:00:     at Module._extensions..js (node:internal/modules/cjs/loader:1548:10)
2025-03-07 23:02 +00:00:     at Module.load (node:internal/modules/cjs/loader:1288:32)
2025-03-07 23:02 +00:00:     at Module._load (node:internal/modules/cjs/loader:1104:12)
2025-03-07 23:02 +00:00:     at Object.<anonymous> (/usr/local/lib/node_modules/pm2/lib/ProcessContainerFork.js:33:23) {
2025-03-07 23:02 +00:00:   code: 'EADDRINUSE',
2025-03-07 23:02 +00:00:   errno: -98,
2025-03-07 23:02 +00:00:   syscall: 'listen',
2025-03-07 23:02 +00:00:   address: '::',
2025-03-07 23:02 +00:00:   port: 3000
2025-03-07 23:02 +00:00: }
2025-03-07 23:02 +00:00: [2025-03-07T23:02:29.137Z] [AI-WARROOM] [WARN] OpenRouter API key not provided. AI agents will not be available.
2025-03-07 23:02 +00:00: [2025-03-07T23:02:29.145Z] [AI-WARROOM] [ERROR] Static path does not exist: /root/code-server/dist/node/src/browser/pages
2025-03-07 23:02 +00:00: Error: listen EADDRINUSE: address already in use :::3000
2025-03-07 23:02 +00:00:     at Server.setupListenHandle [as _listen2] (node:net:1902:16)
2025-03-07 23:02 +00:00:     at listenInCluster (node:net:1959:12)
2025-03-07 23:02 +00:00:     at Server.listen (node:net:2061:7)
2025-03-07 23:02 +00:00:     at HttpServer.start (/root/code-server/dist/node/server.js:81:21)
2025-03-07 23:02 +00:00:     at Object.<anonymous> (/root/code-server/dist/node/server.js:93:13)
2025-03-07 23:02 +00:00:     at Module._compile (node:internal/modules/cjs/loader:1469:14)
2025-03-07 23:02 +00:00:     at Module._extensions..js (node:internal/modules/cjs/loader:1548:10)
2025-03-07 23:02 +00:00:     at Module.load (node:internal/modules/cjs/loader:1288:32)
2025-03-07 23:02 +00:00:     at Module._load (node:internal/modules/cjs/loader:1104:12)
2025-03-07 23:02 +00:00:     at Object.<anonymous> (/usr/local/lib/node_modules/pm2/lib/ProcessContainerFork.js:33:23) {
2025-03-07 23:02 +00:00:   code: 'EADDRINUSE',
2025-03-07 23:02 +00:00:   errno: -98,
2025-03-07 23:02 +00:00:   syscall: 'listen',
2025-03-07 23:02 +00:00:   address: '::',
2025-03-07 23:02 +00:00:   port: 3000
2025-03-07 23:02 +00:00: }
2025-03-07 23:02 +00:00: [2025-03-07T23:02:29.724Z] [AI-WARROOM] [WARN] OpenRouter API key not provided. AI agents will not be available.
2025-03-07 23:02 +00:00: [2025-03-07T23:02:29.735Z] [AI-WARROOM] [ERROR] Static path does not exist: /root/code-server/dist/node/src/browser/pages
2025-03-07 23:02 +00:00: Error: listen EADDRINUSE: address already in use :::3000
2025-03-07 23:02 +00:00:     at Server.setupListenHandle [as _listen2] (node:net:1902:16)
2025-03-07 23:02 +00:00:     at listenInCluster (node:net:1959:12)
2025-03-07 23:02 +00:00:     at Server.listen (node:net:2061:7)
2025-03-07 23:02 +00:00:     at HttpServer.start (/root/code-server/dist/node/server.js:81:21)
2025-03-07 23:02 +00:00:     at Object.<anonymous> (/root/code-server/dist/node/server.js:93:13)
2025-03-07 23:02 +00:00:     at Module._compile (node:internal/modules/cjs/loader:1469:14)
2025-03-07 23:02 +00:00:     at Module._extensions..js (node:internal/modules/cjs/loader:1548:10)
2025-03-07 23:02 +00:00:     at Module.load (node:internal/modules/cjs/loader:1288:32)
2025-03-07 23:02 +00:00:     at Module._load (node:internal/modules/cjs/loader:1104:12)
2025-03-07 23:02 +00:00:     at Object.<anonymous> (/usr/local/lib/node_modules/pm2/lib/ProcessContainerFork.js:33:23) {
2025-03-07 23:02 +00:00:   code: 'EADDRINUSE',
2025-03-07 23:02 +00:00:   errno: -98,
2025-03-07 23:02 +00:00:   syscall: 'listen',
2025-03-07 23:02 +00:00:   address: '::',
2025-03-07 23:02 +00:00:   port: 3000
2025-03-07 23:02 +00:00: }
2025-03-07 23:02 +00:00: [2025-03-07T23:02:30.386Z] [AI-WARROOM] [WARN] OpenRouter API key not provided. AI agents will not be available.
2025-03-07 23:02 +00:00: [2025-03-07T23:02:30.396Z] [AI-WARROOM] [ERROR] Static path does not exist: /root/code-server/dist/node/src/browser/pages
2025-03-07 23:02 +00:00: Error: listen EADDRINUSE: address already in use :::3000
2025-03-07 23:02 +00:00:     at Server.setupListenHandle [as _listen2] (node:net:1902:16)
2025-03-07 23:02 +00:00:     at listenInCluster (node:net:1959:12)
2025-03-07 23:02 +00:00:     at Server.listen (node:net:2061:7)
2025-03-07 23:02 +00:00:     at HttpServer.start (/root/code-server/dist/node/server.js:81:21)
2025-03-07 23:02 +00:00:     at Object.<anonymous> (/root/code-server/dist/node/server.js:93:13)
2025-03-07 23:02 +00:00:     at Module._compile (node:internal/modules/cjs/loader:1469:14)
2025-03-07 23:02 +00:00:     at Module._extensions..js (node:internal/modules/cjs/loader:1548:10)
2025-03-07 23:02 +00:00:     at Module.load (node:internal/modules/cjs/loader:1288:32)
2025-03-07 23:02 +00:00:     at Module._load (node:internal/modules/cjs/loader:1104:12)
2025-03-07 23:02 +00:00:     at Object.<anonymous> (/usr/local/lib/node_modules/pm2/lib/ProcessContainerFork.js:33:23) {
2025-03-07 23:02 +00:00:   code: 'EADDRINUSE',
2025-03-07 23:02 +00:00:   errno: -98,
2025-03-07 23:02 +00:00:   syscall: 'listen',
2025-03-07 23:02 +00:00:   address: '::',
2025-03-07 23:02 +00:00:   port: 3000
2025-03-07 23:02 +00:00: }
2025-03-07 23:02 +00:00: [2025-03-07T23:02:30.970Z] [AI-WARROOM] [WARN] OpenRouter API key not provided. AI agents will not be available.
2025-03-07 23:02 +00:00: [2025-03-07T23:02:30.976Z] [AI-WARROOM] [ERROR] Static path does not exist: /root/code-server/dist/node/src/browser/pages
2025-03-07 23:02 +00:00: Error: listen EADDRINUSE: address already in use :::3000
2025-03-07 23:02 +00:00:     at Server.setupListenHandle [as _listen2] (node:net:1902:16)
2025-03-07 23:02 +00:00:     at listenInCluster (node:net:1959:12)
2025-03-07 23:02 +00:00:     at Server.listen (node:net:2061:7)
2025-03-07 23:02 +00:00:     at HttpServer.start (/root/code-server/dist/node/server.js:81:21)
2025-03-07 23:02 +00:00:     at Object.<anonymous> (/root/code-server/dist/node/server.js:93:13)
2025-03-07 23:02 +00:00:     at Module._compile (node:internal/modules/cjs/loader:1469:14)
2025-03-07 23:02 +00:00:     at Module._extensions..js (node:internal/modules/cjs/loader:1548:10)
2025-03-07 23:02 +00:00:     at Module.load (node:internal/modules/cjs/loader:1288:32)
2025-03-07 23:02 +00:00:     at Module._load (node:internal/modules/cjs/loader:1104:12)
2025-03-07 23:02 +00:00:     at Object.<anonymous> (/usr/local/lib/node_modules/pm2/lib/ProcessContainerFork.js:33:23) {
2025-03-07 23:02 +00:00:   code: 'EADDRINUSE',
2025-03-07 23:02 +00:00:   errno: -98,
2025-03-07 23:02 +00:00:   syscall: 'listen',
2025-03-07 23:02 +00:00:   address: '::',
2025-03-07 23:02 +00:00:   port: 3000
2025-03-07 23:02 +00:00: }
2025-03-07 23:02 +00:00: [2025-03-07T23:02:31.533Z] [AI-WARROOM] [WARN] OpenRouter API key not provided. AI agents will not be available.
2025-03-07 23:02 +00:00: [2025-03-07T23:02:31.540Z] [AI-WARROOM] [ERROR] Static path does not exist: /root/code-server/dist/node/src/browser/pages
2025-03-07 23:02 +00:00: Error: listen EADDRINUSE: address already in use :::3000
2025-03-07 23:02 +00:00:     at Server.setupListenHandle [as _listen2] (node:net:1902:16)
2025-03-07 23:02 +00:00:     at listenInCluster (node:net:1959:12)
2025-03-07 23:02 +00:00:     at Server.listen (node:net:2061:7)
2025-03-07 23:02 +00:00:     at HttpServer.start (/root/code-server/dist/node/server.js:81:21)
2025-03-07 23:02 +00:00:     at Object.<anonymous> (/root/code-server/dist/node/server.js:93:13)
2025-03-07 23:02 +00:00:     at Module._compile (node:internal/modules/cjs/loader:1469:14)
2025-03-07 23:02 +00:00:     at Module._extensions..js (node:internal/modules/cjs/loader:1548:10)
2025-03-07 23:02 +00:00:     at Module.load (node:internal/modules/cjs/loader:1288:32)
2025-03-07 23:02 +00:00:     at Module._load (node:internal/modules/cjs/loader:1104:12)
2025-03-07 23:02 +00:00:     at Object.<anonymous> (/usr/local/lib/node_modules/pm2/lib/ProcessContainerFork.js:33:23) {
2025-03-07 23:02 +00:00:   code: 'EADDRINUSE',
2025-03-07 23:02 +00:00:   errno: -98,
2025-03-07 23:02 +00:00:   syscall: 'listen',
2025-03-07 23:02 +00:00:   address: '::',
2025-03-07 23:02 +00:00:   port: 3000
2025-03-07 23:02 +00:00: }
2025-03-07 23:02 +00:00: [2025-03-07T23:02:32.097Z] [AI-WARROOM] [WARN] OpenRouter API key not provided. AI agents will not be available.
2025-03-07 23:02 +00:00: [2025-03-07T23:02:32.104Z] [AI-WARROOM] [ERROR] Static path does not exist: /root/code-server/dist/node/src/browser/pages
2025-03-07 23:02 +00:00: Error: listen EADDRINUSE: address already in use :::3000
2025-03-07 23:02 +00:00:     at Server.setupListenHandle [as _listen2] (node:net:1902:16)
2025-03-07 23:02 +00:00:     at listenInCluster (node:net:1959:12)
2025-03-07 23:02 +00:00:     at Server.listen (node:net:2061:7)
2025-03-07 23:02 +00:00:     at HttpServer.start (/root/code-server/dist/node/server.js:81:21)
2025-03-07 23:02 +00:00:     at Object.<anonymous> (/root/code-server/dist/node/server.js:93:13)
2025-03-07 23:02 +00:00:     at Module._compile (node:internal/modules/cjs/loader:1469:14)
2025-03-07 23:02 +00:00:     at Module._extensions..js (node:internal/modules/cjs/loader:1548:10)
2025-03-07 23:02 +00:00:     at Module.load (node:internal/modules/cjs/loader:1288:32)
2025-03-07 23:02 +00:00:     at Module._load (node:internal/modules/cjs/loader:1104:12)
2025-03-07 23:02 +00:00:     at Object.<anonymous> (/usr/local/lib/node_modules/pm2/lib/ProcessContainerFork.js:33:23) {
2025-03-07 23:02 +00:00:   code: 'EADDRINUSE',
2025-03-07 23:02 +00:00:   errno: -98,
2025-03-07 23:02 +00:00:   syscall: 'listen',
2025-03-07 23:02 +00:00:   address: '::',
2025-03-07 23:02 +00:00:   port: 3000
2025-03-07 23:02 +00:00: }
2025-03-07 23:02 +00:00: [2025-03-07T23:02:32.682Z] [AI-WARROOM] [WARN] OpenRouter API key not provided. AI agents will not be available.
2025-03-07 23:02 +00:00: [2025-03-07T23:02:32.697Z] [AI-WARROOM] [ERROR] Static path does not exist: /root/code-server/dist/node/src/browser/pages
2025-03-07 23:02 +00:00: Error: listen EADDRINUSE: address already in use :::3000
2025-03-07 23:02 +00:00:     at Server.setupListenHandle [as _listen2] (node:net:1902:16)
2025-03-07 23:02 +00:00:     at listenInCluster (node:net:1959:12)
2025-03-07 23:02 +00:00:     at Server.listen (node:net:2061:7)
2025-03-07 23:02 +00:00:     at HttpServer.start (/root/code-server/dist/node/server.js:81:21)
2025-03-07 23:02 +00:00:     at Object.<anonymous> (/root/code-server/dist/node/server.js:93:13)
2025-03-07 23:02 +00:00:     at Module._compile (node:internal/modules/cjs/loader:1469:14)
2025-03-07 23:02 +00:00:     at Module._extensions..js (node:internal/modules/cjs/loader:1548:10)
2025-03-07 23:02 +00:00:     at Module.load (node:internal/modules/cjs/loader:1288:32)
2025-03-07 23:02 +00:00:     at Module._load (node:internal/modules/cjs/loader:1104:12)
2025-03-07 23:02 +00:00:     at Object.<anonymous> (/usr/local/lib/node_modules/pm2/lib/ProcessContainerFork.js:33:23) {
2025-03-07 23:02 +00:00:   code: 'EADDRINUSE',
2025-03-07 23:02 +00:00:   errno: -98,
2025-03-07 23:02 +00:00:   syscall: 'listen',
2025-03-07 23:02 +00:00:   address: '::',
2025-03-07 23:02 +00:00:   port: 3000
2025-03-07 23:02 +00:00: }
2025-03-07 23:02 +00:00: [2025-03-07T23:02:33.255Z] [AI-WARROOM] [WARN] OpenRouter API key not provided. AI agents will not be available.
2025-03-07 23:02 +00:00: [2025-03-07T23:02:33.259Z] [AI-WARROOM] [ERROR] Static path does not exist: /root/code-server/dist/node/src/browser/pages
2025-03-07 23:02 +00:00: Error: listen EADDRINUSE: address already in use :::3000
2025-03-07 23:02 +00:00:     at Server.setupListenHandle [as _listen2] (node:net:1902:16)
2025-03-07 23:02 +00:00:     at listenInCluster (node:net:1959:12)
2025-03-07 23:02 +00:00:     at Server.listen (node:net:2061:7)
2025-03-07 23:02 +00:00:     at HttpServer.start (/root/code-server/dist/node/server.js:81:21)
2025-03-07 23:02 +00:00:     at Object.<anonymous> (/root/code-server/dist/node/server.js:93:13)
2025-03-07 23:02 +00:00:     at Module._compile (node:internal/modules/cjs/loader:1469:14)
2025-03-07 23:02 +00:00:     at Module._extensions..js (node:internal/modules/cjs/loader:1548:10)
2025-03-07 23:02 +00:00:     at Module.load (node:internal/modules/cjs/loader:1288:32)
2025-03-07 23:02 +00:00:     at Module._load (node:internal/modules/cjs/loader:1104:12)
2025-03-07 23:02 +00:00:     at Object.<anonymous> (/usr/local/lib/node_modules/pm2/lib/ProcessContainerFork.js:33:23) {
2025-03-07 23:02 +00:00:   code: 'EADDRINUSE',
2025-03-07 23:02 +00:00:   errno: -98,
2025-03-07 23:02 +00:00:   syscall: 'listen',
2025-03-07 23:02 +00:00:   address: '::',
2025-03-07 23:02 +00:00:   port: 3000
2025-03-07 23:02 +00:00: }
2025-03-07 23:02 +00:00: [2025-03-07T23:02:33.819Z] [AI-WARROOM] [WARN] OpenRouter API key not provided. AI agents will not be available.
2025-03-07 23:02 +00:00: [2025-03-07T23:02:33.823Z] [AI-WARROOM] [ERROR] Static path does not exist: /root/code-server/dist/node/src/browser/pages
2025-03-07 23:02 +00:00: Error: listen EADDRINUSE: address already in use :::3000
2025-03-07 23:02 +00:00:     at Server.setupListenHandle [as _listen2] (node:net:1902:16)
2025-03-07 23:02 +00:00:     at listenInCluster (node:net:1959:12)
2025-03-07 23:02 +00:00:     at Server.listen (node:net:2061:7)
2025-03-07 23:02 +00:00:     at HttpServer.start (/root/code-server/dist/node/server.js:81:21)
2025-03-07 23:02 +00:00:     at Object.<anonymous> (/root/code-server/dist/node/server.js:93:13)
2025-03-07 23:02 +00:00:     at Module._compile (node:internal/modules/cjs/loader:1469:14)
2025-03-07 23:02 +00:00:     at Module._extensions..js (node:internal/modules/cjs/loader:1548:10)
2025-03-07 23:02 +00:00:     at Module.load (node:internal/modules/cjs/loader:1288:32)
2025-03-07 23:02 +00:00:     at Module._load (node:internal/modules/cjs/loader:1104:12)
2025-03-07 23:02 +00:00:     at Object.<anonymous> (/usr/local/lib/node_modules/pm2/lib/ProcessContainerFork.js:33:23) {
2025-03-07 23:02 +00:00:   code: 'EADDRINUSE',
2025-03-07 23:02 +00:00:   errno: -98,
2025-03-07 23:02 +00:00:   syscall: 'listen',
2025-03-07 23:02 +00:00:   address: '::',
2025-03-07 23:02 +00:00:   port: 3000
2025-03-07 23:02 +00:00: }
2025-03-07 23:02 +00:00: [2025-03-07T23:02:34.384Z] [AI-WARROOM] [WARN] OpenRouter API key not provided. AI agents will not be available.
2025-03-07 23:02 +00:00: [2025-03-07T23:02:34.389Z] [AI-WARROOM] [ERROR] Static path does not exist: /root/code-server/dist/node/src/browser/pages
2025-03-07 23:02 +00:00: Error: listen EADDRINUSE: address already in use :::3000
2025-03-07 23:02 +00:00:     at Server.setupListenHandle [as _listen2] (node:net:1902:16)
2025-03-07 23:02 +00:00:     at listenInCluster (node:net:1959:12)
2025-03-07 23:02 +00:00:     at Server.listen (node:net:2061:7)
2025-03-07 23:02 +00:00:     at HttpServer.start (/root/code-server/dist/node/server.js:81:21)
2025-03-07 23:02 +00:00:     at Object.<anonymous> (/root/code-server/dist/node/server.js:93:13)
2025-03-07 23:02 +00:00:     at Module._compile (node:internal/modules/cjs/loader:1469:14)
2025-03-07 23:02 +00:00:     at Module._extensions..js (node:internal/modules/cjs/loader:1548:10)
2025-03-07 23:02 +00:00:     at Module.load (node:internal/modules/cjs/loader:1288:32)
2025-03-07 23:02 +00:00:     at Module._load (node:internal/modules/cjs/loader:1104:12)
2025-03-07 23:02 +00:00:     at Object.<anonymous> (/usr/local/lib/node_modules/pm2/lib/ProcessContainerFork.js:33:23) {
2025-03-07 23:02 +00:00:   code: 'EADDRINUSE',
2025-03-07 23:02 +00:00:   errno: -98,
2025-03-07 23:02 +00:00:   syscall: 'listen',
2025-03-07 23:02 +00:00:   address: '::',
2025-03-07 23:02 +00:00:   port: 3000
2025-03-07 23:02 +00:00: }
2025-03-07 23:02 +00:00: [2025-03-07T23:02:34.973Z] [AI-WARROOM] [WARN] OpenRouter API key not provided. AI agents will not be available.
2025-03-07 23:02 +00:00: [2025-03-07T23:02:34.979Z] [AI-WARROOM] [ERROR] Static path does not exist: /root/code-server/dist/node/src/browser/pages
2025-03-07 23:02 +00:00: Error: listen EADDRINUSE: address already in use :::3000
2025-03-07 23:02 +00:00:     at Server.setupListenHandle [as _listen2] (node:net:1902:16)
2025-03-07 23:02 +00:00:     at listenInCluster (node:net:1959:12)
2025-03-07 23:02 +00:00:     at Server.listen (node:net:2061:7)
2025-03-07 23:02 +00:00:     at HttpServer.start (/root/code-server/dist/node/server.js:81:21)
2025-03-07 23:02 +00:00:     at Object.<anonymous> (/root/code-server/dist/node/server.js:93:13)
2025-03-07 23:02 +00:00:     at Module._compile (node:internal/modules/cjs/loader:1469:14)
2025-03-07 23:02 +00:00:     at Module._extensions..js (node:internal/modules/cjs/loader:1548:10)
2025-03-07 23:02 +00:00:     at Module.load (node:internal/modules/cjs/loader:1288:32)
2025-03-07 23:02 +00:00:     at Module._load (node:internal/modules/cjs/loader:1104:12)
2025-03-07 23:02 +00:00:     at Object.<anonymous> (/usr/local/lib/node_modules/pm2/lib/ProcessContainerFork.js:33:23) {
2025-03-07 23:02 +00:00:   code: 'EADDRINUSE',
2025-03-07 23:02 +00:00:   errno: -98,
2025-03-07 23:02 +00:00:   syscall: 'listen',
2025-03-07 23:02 +00:00:   address: '::',
2025-03-07 23:02 +00:00:   port: 3000
2025-03-07 23:02 +00:00: }
2025-03-07 23:02 +00:00: [2025-03-07T23:02:35.626Z] [AI-WARROOM] [WARN] OpenRouter API key not provided. AI agents will not be available.
2025-03-07 23:02 +00:00: [2025-03-07T23:02:35.632Z] [AI-WARROOM] [ERROR] Static path does not exist: /root/code-server/dist/node/src/browser/pages
2025-03-07 23:02 +00:00: Error: listen EADDRINUSE: address already in use :::3000
2025-03-07 23:02 +00:00:     at Server.setupListenHandle [as _listen2] (node:net:1902:16)
2025-03-07 23:02 +00:00:     at listenInCluster (node:net:1959:12)
2025-03-07 23:02 +00:00:     at Server.listen (node:net:2061:7)
2025-03-07 23:02 +00:00:     at HttpServer.start (/root/code-server/dist/node/server.js:81:21)
2025-03-07 23:02 +00:00:     at Object.<anonymous> (/root/code-server/dist/node/server.js:93:13)
2025-03-07 23:02 +00:00:     at Module._compile (node:internal/modules/cjs/loader:1469:14)
2025-03-07 23:02 +00:00:     at Module._extensions..js (node:internal/modules/cjs/loader:1548:10)
2025-03-07 23:02 +00:00:     at Module.load (node:internal/modules/cjs/loader:1288:32)
2025-03-07 23:02 +00:00:     at Module._load (node:internal/modules/cjs/loader:1104:12)
2025-03-07 23:02 +00:00:     at Object.<anonymous> (/usr/local/lib/node_modules/pm2/lib/ProcessContainerFork.js:33:23) {
2025-03-07 23:02 +00:00:   code: 'EADDRINUSE',
2025-03-07 23:02 +00:00:   errno: -98,
2025-03-07 23:02 +00:00:   syscall: 'listen',
2025-03-07 23:02 +00:00:   address: '::',
2025-03-07 23:02 +00:00:   port: 3000
2025-03-07 23:02 +00:00: }
2025-03-07 23:02 +00:00: [2025-03-07T23:02:36.229Z] [AI-WARROOM] [WARN] OpenRouter API key not provided. AI agents will not be available.
2025-03-07 23:02 +00:00: [2025-03-07T23:02:36.239Z] [AI-WARROOM] [ERROR] Static path does not exist: /root/code-server/dist/node/src/browser/pages
2025-03-07 23:02 +00:00: Error: listen EADDRINUSE: address already in use :::3000
2025-03-07 23:02 +00:00:     at Server.setupListenHandle [as _listen2] (node:net:1902:16)
2025-03-07 23:02 +00:00:     at listenInCluster (node:net:1959:12)
2025-03-07 23:02 +00:00:     at Server.listen (node:net:2061:7)
2025-03-07 23:02 +00:00:     at HttpServer.start (/root/code-server/dist/node/server.js:81:21)
2025-03-07 23:02 +00:00:     at Object.<anonymous> (/root/code-server/dist/node/server.js:93:13)
2025-03-07 23:02 +00:00:     at Module._compile (node:internal/modules/cjs/loader:1469:14)
2025-03-07 23:02 +00:00:     at Module._extensions..js (node:internal/modules/cjs/loader:1548:10)
2025-03-07 23:02 +00:00:     at Module.load (node:internal/modules/cjs/loader:1288:32)
2025-03-07 23:02 +00:00:     at Module._load (node:internal/modules/cjs/loader:1104:12)
2025-03-07 23:02 +00:00:     at Object.<anonymous> (/usr/local/lib/node_modules/pm2/lib/ProcessContainerFork.js:33:23) {
2025-03-07 23:02 +00:00:   code: 'EADDRINUSE',
2025-03-07 23:02 +00:00:   errno: -98,
2025-03-07 23:02 +00:00:   syscall: 'listen',
2025-03-07 23:02 +00:00:   address: '::',
2025-03-07 23:02 +00:00:   port: 3000
2025-03-07 23:02 +00:00: }
2025-03-07 23:02 +00:00: [2025-03-07T23:02:36.812Z] [AI-WARROOM] [WARN] OpenRouter API key not provided. AI agents will not be available.
2025-03-07 23:02 +00:00: [2025-03-07T23:02:36.831Z] [AI-WARROOM] [ERROR] Static path does not exist: /root/code-server/dist/node/src/browser/pages
2025-03-07 23:02 +00:00: Error: listen EADDRINUSE: address already in use :::3000
2025-03-07 23:02 +00:00:     at Server.setupListenHandle [as _listen2] (node:net:1902:16)
2025-03-07 23:02 +00:00:     at listenInCluster (node:net:1959:12)
2025-03-07 23:02 +00:00:     at Server.listen (node:net:2061:7)
2025-03-07 23:02 +00:00:     at HttpServer.start (/root/code-server/dist/node/server.js:81:21)
2025-03-07 23:02 +00:00:     at Object.<anonymous> (/root/code-server/dist/node/server.js:93:13)
2025-03-07 23:02 +00:00:     at Module._compile (node:internal/modules/cjs/loader:1469:14)
2025-03-07 23:02 +00:00:     at Module._extensions..js (node:internal/modules/cjs/loader:1548:10)
2025-03-07 23:02 +00:00:     at Module.load (node:internal/modules/cjs/loader:1288:32)
2025-03-07 23:02 +00:00:     at Module._load (node:internal/modules/cjs/loader:1104:12)
2025-03-07 23:02 +00:00:     at Object.<anonymous> (/usr/local/lib/node_modules/pm2/lib/ProcessContainerFork.js:33:23) {
2025-03-07 23:02 +00:00:   code: 'EADDRINUSE',
2025-03-07 23:02 +00:00:   errno: -98,
2025-03-07 23:02 +00:00:   syscall: 'listen',
2025-03-07 23:02 +00:00:   address: '::',
2025-03-07 23:02 +00:00:   port: 3000
2025-03-07 23:02 +00:00: }
2025-03-07 23:02 +00:00: [2025-03-07T23:02:37.409Z] [AI-WARROOM] [WARN] OpenRouter API key not provided. AI agents will not be available.
2025-03-07 23:02 +00:00: [2025-03-07T23:02:37.416Z] [AI-WARROOM] [ERROR] Static path does not exist: /root/code-server/dist/node/src/browser/pages
2025-03-07 23:02 +00:00: Error: listen EADDRINUSE: address already in use :::3000
2025-03-07 23:02 +00:00:     at Server.setupListenHandle [as _listen2] (node:net:1902:16)
2025-03-07 23:02 +00:00:     at listenInCluster (node:net:1959:12)
2025-03-07 23:02 +00:00:     at Server.listen (node:net:2061:7)
2025-03-07 23:02 +00:00:     at HttpServer.start (/root/code-server/dist/node/server.js:81:21)
2025-03-07 23:02 +00:00:     at Object.<anonymous> (/root/code-server/dist/node/server.js:93:13)
2025-03-07 23:02 +00:00:     at Module._compile (node:internal/modules/cjs/loader:1469:14)
2025-03-07 23:02 +00:00:     at Module._extensions..js (node:internal/modules/cjs/loader:1548:10)
2025-03-07 23:02 +00:00:     at Module.load (node:internal/modules/cjs/loader:1288:32)
2025-03-07 23:02 +00:00:     at Module._load (node:internal/modules/cjs/loader:1104:12)
2025-03-07 23:02 +00:00:     at Object.<anonymous> (/usr/local/lib/node_modules/pm2/lib/ProcessContainerFork.js:33:23) {
2025-03-07 23:02 +00:00:   code: 'EADDRINUSE',
2025-03-07 23:02 +00:00:   errno: -98,
2025-03-07 23:02 +00:00:   syscall: 'listen',
2025-03-07 23:02 +00:00:   address: '::',
2025-03-07 23:02 +00:00:   port: 3000
2025-03-07 23:02 +00:00: }
2025-03-07 23:02 +00:00: [2025-03-07T23:02:38.071Z] [AI-WARROOM] [WARN] OpenRouter API key not provided. AI agents will not be available.
2025-03-07 23:02 +00:00: [2025-03-07T23:02:38.079Z] [AI-WARROOM] [ERROR] Static path does not exist: /root/code-server/dist/node/src/browser/pages
2025-03-07 23:02 +00:00: Error: listen EADDRINUSE: address already in use :::3000
2025-03-07 23:02 +00:00:     at Server.setupListenHandle [as _listen2] (node:net:1902:16)
2025-03-07 23:02 +00:00:     at listenInCluster (node:net:1959:12)
2025-03-07 23:02 +00:00:     at Server.listen (node:net:2061:7)
2025-03-07 23:02 +00:00:     at HttpServer.start (/root/code-server/dist/node/server.js:81:21)
2025-03-07 23:02 +00:00:     at Object.<anonymous> (/root/code-server/dist/node/server.js:93:13)
2025-03-07 23:02 +00:00:     at Module._compile (node:internal/modules/cjs/loader:1469:14)
2025-03-07 23:02 +00:00:     at Module._extensions..js (node:internal/modules/cjs/loader:1548:10)
2025-03-07 23:02 +00:00:     at Module.load (node:internal/modules/cjs/loader:1288:32)
2025-03-07 23:02 +00:00:     at Module._load (node:internal/modules/cjs/loader:1104:12)
2025-03-07 23:02 +00:00:     at Object.<anonymous> (/usr/local/lib/node_modules/pm2/lib/ProcessContainerFork.js:33:23) {
2025-03-07 23:02 +00:00:   code: 'EADDRINUSE',
2025-03-07 23:02 +00:00:   errno: -98,
2025-03-07 23:02 +00:00:   syscall: 'listen',
2025-03-07 23:02 +00:00:   address: '::',
2025-03-07 23:02 +00:00:   port: 3000
2025-03-07 23:02 +00:00: }
2025-03-07 23:02 +00:00: [2025-03-07T23:02:38.662Z] [AI-WARROOM] [WARN] OpenRouter API key not provided. AI agents will not be available.
2025-03-07 23:02 +00:00: [2025-03-07T23:02:38.666Z] [AI-WARROOM] [ERROR] Static path does not exist: /root/code-server/dist/node/src/browser/pages
2025-03-07 23:02 +00:00: Error: listen EADDRINUSE: address already in use :::3000
2025-03-07 23:02 +00:00:     at Server.setupListenHandle [as _listen2] (node:net:1902:16)
2025-03-07 23:02 +00:00:     at listenInCluster (node:net:1959:12)
2025-03-07 23:02 +00:00:     at Server.listen (node:net:2061:7)
2025-03-07 23:02 +00:00:     at HttpServer.start (/root/code-server/dist/node/server.js:81:21)
2025-03-07 23:02 +00:00:     at Object.<anonymous> (/root/code-server/dist/node/server.js:93:13)
2025-03-07 23:02 +00:00:     at Module._compile (node:internal/modules/cjs/loader:1469:14)
2025-03-07 23:02 +00:00:     at Module._extensions..js (node:internal/modules/cjs/loader:1548:10)
2025-03-07 23:02 +00:00:     at Module.load (node:internal/modules/cjs/loader:1288:32)
2025-03-07 23:02 +00:00:     at Module._load (node:internal/modules/cjs/loader:1104:12)
2025-03-07 23:02 +00:00:     at Object.<anonymous> (/usr/local/lib/node_modules/pm2/lib/ProcessContainerFork.js:33:23) {
2025-03-07 23:02 +00:00:   code: 'EADDRINUSE',
2025-03-07 23:02 +00:00:   errno: -98,
2025-03-07 23:02 +00:00:   syscall: 'listen',
2025-03-07 23:02 +00:00:   address: '::',
2025-03-07 23:02 +00:00:   port: 3000
2025-03-07 23:02 +00:00: }
2025-03-07 23:02 +00:00: [2025-03-07T23:02:39.272Z] [AI-WARROOM] [WARN] OpenRouter API key not provided. AI agents will not be available.
2025-03-07 23:02 +00:00: [2025-03-07T23:02:39.280Z] [AI-WARROOM] [ERROR] Static path does not exist: /root/code-server/dist/node/src/browser/pages
2025-03-07 23:02 +00:00: Error: listen EADDRINUSE: address already in use :::3000
2025-03-07 23:02 +00:00:     at Server.setupListenHandle [as _listen2] (node:net:1902:16)
2025-03-07 23:02 +00:00:     at listenInCluster (node:net:1959:12)
2025-03-07 23:02 +00:00:     at Server.listen (node:net:2061:7)
2025-03-07 23:02 +00:00:     at HttpServer.start (/root/code-server/dist/node/server.js:81:21)
2025-03-07 23:02 +00:00:     at Object.<anonymous> (/root/code-server/dist/node/server.js:93:13)
2025-03-07 23:02 +00:00:     at Module._compile (node:internal/modules/cjs/loader:1469:14)
2025-03-07 23:02 +00:00:     at Module._extensions..js (node:internal/modules/cjs/loader:1548:10)
2025-03-07 23:02 +00:00:     at Module.load (node:internal/modules/cjs/loader:1288:32)
2025-03-07 23:02 +00:00:     at Module._load (node:internal/modules/cjs/loader:1104:12)
2025-03-07 23:02 +00:00:     at Object.<anonymous> (/usr/local/lib/node_modules/pm2/lib/ProcessContainerFork.js:33:23) {
2025-03-07 23:02 +00:00:   code: 'EADDRINUSE',
2025-03-07 23:02 +00:00:   errno: -98,
2025-03-07 23:02 +00:00:   syscall: 'listen',
2025-03-07 23:02 +00:00:   address: '::',
2025-03-07 23:02 +00:00:   port: 3000
2025-03-07 23:02 +00:00: }
2025-03-07 23:02 +00:00: [2025-03-07T23:02:39.872Z] [AI-WARROOM] [WARN] OpenRouter API key not provided. AI agents will not be available.
2025-03-07 23:02 +00:00: [2025-03-07T23:02:39.878Z] [AI-WARROOM] [ERROR] Static path does not exist: /root/code-server/dist/node/src/browser/pages
2025-03-07 23:02 +00:00: Error: listen EADDRINUSE: address already in use :::3000
2025-03-07 23:02 +00:00:     at Server.setupListenHandle [as _listen2] (node:net:1902:16)
2025-03-07 23:02 +00:00:     at listenInCluster (node:net:1959:12)
2025-03-07 23:02 +00:00:     at Server.listen (node:net:2061:7)
2025-03-07 23:02 +00:00:     at HttpServer.start (/root/code-server/dist/node/server.js:81:21)
2025-03-07 23:02 +00:00:     at Object.<anonymous> (/root/code-server/dist/node/server.js:93:13)
2025-03-07 23:02 +00:00:     at Module._compile (node:internal/modules/cjs/loader:1469:14)
2025-03-07 23:02 +00:00:     at Module._extensions..js (node:internal/modules/cjs/loader:1548:10)
2025-03-07 23:02 +00:00:     at Module.load (node:internal/modules/cjs/loader:1288:32)
2025-03-07 23:02 +00:00:     at Module._load (node:internal/modules/cjs/loader:1104:12)
2025-03-07 23:02 +00:00:     at Object.<anonymous> (/usr/local/lib/node_modules/pm2/lib/ProcessContainerFork.js:33:23) {
2025-03-07 23:02 +00:00:   code: 'EADDRINUSE',
2025-03-07 23:02 +00:00:   errno: -98,
2025-03-07 23:02 +00:00:   syscall: 'listen',
2025-03-07 23:02 +00:00:   address: '::',
2025-03-07 23:02 +00:00:   port: 3000
2025-03-07 23:02 +00:00: }
2025-03-07 23:02 +00:00: [2025-03-07T23:02:40.452Z] [AI-WARROOM] [WARN] OpenRouter API key not provided. AI agents will not be available.
2025-03-07 23:02 +00:00: [2025-03-07T23:02:40.456Z] [AI-WARROOM] [ERROR] Static path does not exist: /root/code-server/dist/node/src/browser/pages
2025-03-07 23:02 +00:00: Error: listen EADDRINUSE: address already in use :::3000
2025-03-07 23:02 +00:00:     at Server.setupListenHandle [as _listen2] (node:net:1902:16)
2025-03-07 23:02 +00:00:     at listenInCluster (node:net:1959:12)
2025-03-07 23:02 +00:00:     at Server.listen (node:net:2061:7)
2025-03-07 23:02 +00:00:     at HttpServer.start (/root/code-server/dist/node/server.js:81:21)
2025-03-07 23:02 +00:00:     at Object.<anonymous> (/root/code-server/dist/node/server.js:93:13)
2025-03-07 23:02 +00:00:     at Module._compile (node:internal/modules/cjs/loader:1469:14)
2025-03-07 23:02 +00:00:     at Module._extensions..js (node:internal/modules/cjs/loader:1548:10)
2025-03-07 23:02 +00:00:     at Module.load (node:internal/modules/cjs/loader:1288:32)
2025-03-07 23:02 +00:00:     at Module._load (node:internal/modules/cjs/loader:1104:12)
2025-03-07 23:02 +00:00:     at Object.<anonymous> (/usr/local/lib/node_modules/pm2/lib/ProcessContainerFork.js:33:23) {
2025-03-07 23:02 +00:00:   code: 'EADDRINUSE',
2025-03-07 23:02 +00:00:   errno: -98,
2025-03-07 23:02 +00:00:   syscall: 'listen',
2025-03-07 23:02 +00:00:   address: '::',
2025-03-07 23:02 +00:00:   port: 3000
2025-03-07 23:02 +00:00: }
2025-03-07 23:02 +00:00: [2025-03-07T23:02:41.041Z] [AI-WARROOM] [WARN] OpenRouter API key not provided. AI agents will not be available.
2025-03-07 23:02 +00:00: [2025-03-07T23:02:41.047Z] [AI-WARROOM] [ERROR] Static path does not exist: /root/code-server/dist/node/src/browser/pages
2025-03-07 23:02 +00:00: Error: listen EADDRINUSE: address already in use :::3000
2025-03-07 23:02 +00:00:     at Server.setupListenHandle [as _listen2] (node:net:1902:16)
2025-03-07 23:02 +00:00:     at listenInCluster (node:net:1959:12)
2025-03-07 23:02 +00:00:     at Server.listen (node:net:2061:7)
2025-03-07 23:02 +00:00:     at HttpServer.start (/root/code-server/dist/node/server.js:81:21)
2025-03-07 23:02 +00:00:     at Object.<anonymous> (/root/code-server/dist/node/server.js:93:13)
2025-03-07 23:02 +00:00:     at Module._compile (node:internal/modules/cjs/loader:1469:14)
2025-03-07 23:02 +00:00:     at Module._extensions..js (node:internal/modules/cjs/loader:1548:10)
2025-03-07 23:02 +00:00:     at Module.load (node:internal/modules/cjs/loader:1288:32)
2025-03-07 23:02 +00:00:     at Module._load (node:internal/modules/cjs/loader:1104:12)
2025-03-07 23:02 +00:00:     at Object.<anonymous> (/usr/local/lib/node_modules/pm2/lib/ProcessContainerFork.js:33:23) {
2025-03-07 23:02 +00:00:   code: 'EADDRINUSE',
2025-03-07 23:02 +00:00:   errno: -98,
2025-03-07 23:02 +00:00:   syscall: 'listen',
2025-03-07 23:02 +00:00:   address: '::',
2025-03-07 23:02 +00:00:   port: 3000
2025-03-07 23:02 +00:00: }
2025-03-07 23:02 +00:00: [2025-03-07T23:02:41.614Z] [AI-WARROOM] [WARN] OpenRouter API key not provided. AI agents will not be available.
2025-03-07 23:02 +00:00: [2025-03-07T23:02:41.621Z] [AI-WARROOM] [ERROR] Static path does not exist: /root/code-server/dist/node/src/browser/pages
2025-03-07 23:02 +00:00: Error: listen EADDRINUSE: address already in use :::3000
2025-03-07 23:02 +00:00:     at Server.setupListenHandle [as _listen2] (node:net:1902:16)
2025-03-07 23:02 +00:00:     at listenInCluster (node:net:1959:12)
2025-03-07 23:02 +00:00:     at Server.listen (node:net:2061:7)
2025-03-07 23:02 +00:00:     at HttpServer.start (/root/code-server/dist/node/server.js:81:21)
2025-03-07 23:02 +00:00:     at Object.<anonymous> (/root/code-server/dist/node/server.js:93:13)
2025-03-07 23:02 +00:00:     at Module._compile (node:internal/modules/cjs/loader:1469:14)
2025-03-07 23:02 +00:00:     at Module._extensions..js (node:internal/modules/cjs/loader:1548:10)
2025-03-07 23:02 +00:00:     at Module.load (node:internal/modules/cjs/loader:1288:32)
2025-03-07 23:02 +00:00:     at Module._load (node:internal/modules/cjs/loader:1104:12)
2025-03-07 23:02 +00:00:     at Object.<anonymous> (/usr/local/lib/node_modules/pm2/lib/ProcessContainerFork.js:33:23) {
2025-03-07 23:02 +00:00:   code: 'EADDRINUSE',
2025-03-07 23:02 +00:00:   errno: -98,
2025-03-07 23:02 +00:00:   syscall: 'listen',
2025-03-07 23:02 +00:00:   address: '::',
2025-03-07 23:02 +00:00:   port: 3000
2025-03-07 23:02 +00:00: }
2025-03-07 23:02 +00:00: [2025-03-07T23:02:42.239Z] [AI-WARROOM] [WARN] OpenRouter API key not provided. AI agents will not be available.
2025-03-07 23:02 +00:00: [2025-03-07T23:02:42.245Z] [AI-WARROOM] [ERROR] Static path does not exist: /root/code-server/dist/node/src/browser/pages
2025-03-07 23:02 +00:00: Error: listen EADDRINUSE: address already in use :::3000
2025-03-07 23:02 +00:00:     at Server.setupListenHandle [as _listen2] (node:net:1902:16)
2025-03-07 23:02 +00:00:     at listenInCluster (node:net:1959:12)
2025-03-07 23:02 +00:00:     at Server.listen (node:net:2061:7)
2025-03-07 23:02 +00:00:     at HttpServer.start (/root/code-server/dist/node/server.js:81:21)
2025-03-07 23:02 +00:00:     at Object.<anonymous> (/root/code-server/dist/node/server.js:93:13)
2025-03-07 23:02 +00:00:     at Module._compile (node:internal/modules/cjs/loader:1469:14)
2025-03-07 23:02 +00:00:     at Module._extensions..js (node:internal/modules/cjs/loader:1548:10)
2025-03-07 23:02 +00:00:     at Module.load (node:internal/modules/cjs/loader:1288:32)
2025-03-07 23:02 +00:00:     at Module._load (node:internal/modules/cjs/loader:1104:12)
2025-03-07 23:02 +00:00:     at Object.<anonymous> (/usr/local/lib/node_modules/pm2/lib/ProcessContainerFork.js:33:23) {
2025-03-07 23:02 +00:00:   code: 'EADDRINUSE',
2025-03-07 23:02 +00:00:   errno: -98,
2025-03-07 23:02 +00:00:   syscall: 'listen',
2025-03-07 23:02 +00:00:   address: '::',
2025-03-07 23:02 +00:00:   port: 3000
2025-03-07 23:02 +00:00: }
2025-03-07 23:02 +00:00: [2025-03-07T23:02:42.793Z] [AI-WARROOM] [WARN] OpenRouter API key not provided. AI agents will not be available.
2025-03-07 23:02 +00:00: [2025-03-07T23:02:42.799Z] [AI-WARROOM] [ERROR] Static path does not exist: /root/code-server/dist/node/src/browser/pages
2025-03-07 23:02 +00:00: Error: listen EADDRINUSE: address already in use :::3000
2025-03-07 23:02 +00:00:     at Server.setupListenHandle [as _listen2] (node:net:1902:16)
2025-03-07 23:02 +00:00:     at listenInCluster (node:net:1959:12)
2025-03-07 23:02 +00:00:     at Server.listen (node:net:2061:7)
2025-03-07 23:02 +00:00:     at HttpServer.start (/root/code-server/dist/node/server.js:81:21)
2025-03-07 23:02 +00:00:     at Object.<anonymous> (/root/code-server/dist/node/server.js:93:13)
2025-03-07 23:02 +00:00:     at Module._compile (node:internal/modules/cjs/loader:1469:14)
2025-03-07 23:02 +00:00:     at Module._extensions..js (node:internal/modules/cjs/loader:1548:10)
2025-03-07 23:02 +00:00:     at Module.load (node:internal/modules/cjs/loader:1288:32)
2025-03-07 23:02 +00:00:     at Module._load (node:internal/modules/cjs/loader:1104:12)
2025-03-07 23:02 +00:00:     at Object.<anonymous> (/usr/local/lib/node_modules/pm2/lib/ProcessContainerFork.js:33:23) {
2025-03-07 23:02 +00:00:   code: 'EADDRINUSE',
2025-03-07 23:02 +00:00:   errno: -98,
2025-03-07 23:02 +00:00:   syscall: 'listen',
2025-03-07 23:02 +00:00:   address: '::',
2025-03-07 23:02 +00:00:   port: 3000
2025-03-07 23:02 +00:00: }
2025-03-07 23:02 +00:00: [2025-03-07T23:02:43.643Z] [AI-WARROOM] [WARN] OpenRouter API key not provided. AI agents will not be available.
2025-03-07 23:02 +00:00: [2025-03-07T23:02:43.646Z] [AI-WARROOM] [ERROR] Static path does not exist: /root/code-server/dist/node/src/browser/pages
2025-03-07 23:02 +00:00: Error: listen EADDRINUSE: address already in use :::3000
2025-03-07 23:02 +00:00:     at Server.setupListenHandle [as _listen2] (node:net:1902:16)
2025-03-07 23:02 +00:00:     at listenInCluster (node:net:1959:12)
2025-03-07 23:02 +00:00:     at Server.listen (node:net:2061:7)
2025-03-07 23:02 +00:00:     at HttpServer.start (/root/code-server/dist/node/server.js:81:21)
2025-03-07 23:02 +00:00:     at Object.<anonymous> (/root/code-server/dist/node/server.js:93:13)
2025-03-07 23:02 +00:00:     at Module._compile (node:internal/modules/cjs/loader:1469:14)
2025-03-07 23:02 +00:00:     at Module._extensions..js (node:internal/modules/cjs/loader:1548:10)
2025-03-07 23:02 +00:00:     at Module.load (node:internal/modules/cjs/loader:1288:32)
2025-03-07 23:02 +00:00:     at Module._load (node:internal/modules/cjs/loader:1104:12)
2025-03-07 23:02 +00:00:     at Object.<anonymous> (/usr/local/lib/node_modules/pm2/lib/ProcessContainerFork.js:33:23) {
2025-03-07 23:02 +00:00:   code: 'EADDRINUSE',
2025-03-07 23:02 +00:00:   errno: -98,
2025-03-07 23:02 +00:00:   syscall: 'listen',
2025-03-07 23:02 +00:00:   address: '::',
2025-03-07 23:02 +00:00:   port: 3000
2025-03-07 23:02 +00:00: }
2025-03-07 23:02 +00:00: [2025-03-07T23:02:44.481Z] [AI-WARROOM] [WARN] OpenRouter API key not provided. AI agents will not be available.
2025-03-07 23:02 +00:00: [2025-03-07T23:02:44.486Z] [AI-WARROOM] [ERROR] Static path does not exist: /root/code-server/dist/node/src/browser/pages
2025-03-07 23:02 +00:00: Error: listen EADDRINUSE: address already in use :::3000
2025-03-07 23:02 +00:00:     at Server.setupListenHandle [as _listen2] (node:net:1902:16)
2025-03-07 23:02 +00:00:     at listenInCluster (node:net:1959:12)
2025-03-07 23:02 +00:00:     at Server.listen (node:net:2061:7)
2025-03-07 23:02 +00:00:     at HttpServer.start (/root/code-server/dist/node/server.js:81:21)
2025-03-07 23:02 +00:00:     at Object.<anonymous> (/root/code-server/dist/node/server.js:93:13)
2025-03-07 23:02 +00:00:     at Module._compile (node:internal/modules/cjs/loader:1469:14)
2025-03-07 23:02 +00:00:     at Module._extensions..js (node:internal/modules/cjs/loader:1548:10)
2025-03-07 23:02 +00:00:     at Module.load (node:internal/modules/cjs/loader:1288:32)
2025-03-07 23:02 +00:00:     at Module._load (node:internal/modules/cjs/loader:1104:12)
2025-03-07 23:02 +00:00:     at Object.<anonymous> (/usr/local/lib/node_modules/pm2/lib/ProcessContainerFork.js:33:23) {
2025-03-07 23:02 +00:00:   code: 'EADDRINUSE',
2025-03-07 23:02 +00:00:   errno: -98,
2025-03-07 23:02 +00:00:   syscall: 'listen',
2025-03-07 23:02 +00:00:   address: '::',
2025-03-07 23:02 +00:00:   port: 3000
2025-03-07 23:02 +00:00: }
2025-03-07 23:02 +00:00: [2025-03-07T23:02:45.431Z] [AI-WARROOM] [WARN] OpenRouter API key not provided. AI agents will not be available.
2025-03-07 23:02 +00:00: [2025-03-07T23:02:45.445Z] [AI-WARROOM] [ERROR] Static path does not exist: /root/code-server/dist/node/src/browser/pages
2025-03-07 23:02 +00:00: [2025-03-07T23:02:46.078Z] [AI-WARROOM] [WARN] OpenRouter API key not provided. AI agents will not be available.
2025-03-07 23:02 +00:00: [2025-03-07T23:02:46.083Z] [AI-WARROOM] [ERROR] Static path does not exist: /root/code-server/dist/node/src/browser/pages
2025-03-07 23:02 +00:00: Error: listen EADDRINUSE: address already in use :::3000
2025-03-07 23:02 +00:00:     at Server.setupListenHandle [as _listen2] (node:net:1902:16)
2025-03-07 23:02 +00:00:     at listenInCluster (node:net:1959:12)
2025-03-07 23:02 +00:00:     at Server.listen (node:net:2061:7)
2025-03-07 23:02 +00:00:     at HttpServer.start (/root/code-server/dist/node/server.js:81:21)
2025-03-07 23:02 +00:00:     at Object.<anonymous> (/root/code-server/dist/node/server.js:93:13)
2025-03-07 23:02 +00:00:     at Module._compile (node:internal/modules/cjs/loader:1469:14)
2025-03-07 23:02 +00:00:     at Module._extensions..js (node:internal/modules/cjs/loader:1548:10)
2025-03-07 23:02 +00:00:     at Module.load (node:internal/modules/cjs/loader:1288:32)
2025-03-07 23:02 +00:00:     at Module._load (node:internal/modules/cjs/loader:1104:12)
2025-03-07 23:02 +00:00:     at Object.<anonymous> (/usr/local/lib/node_modules/pm2/lib/ProcessContainerFork.js:33:23) {
2025-03-07 23:02 +00:00:   code: 'EADDRINUSE',
2025-03-07 23:02 +00:00:   errno: -98,
2025-03-07 23:02 +00:00:   syscall: 'listen',
2025-03-07 23:02 +00:00:   address: '::',
2025-03-07 23:02 +00:00:   port: 3000
2025-03-07 23:02 +00:00: }
2025-03-07 23:02 +00:00: [2025-03-07T23:02:46.646Z] [AI-WARROOM] [WARN] OpenRouter API key not provided. AI agents will not be available.
2025-03-07 23:02 +00:00: [2025-03-07T23:02:46.653Z] [AI-WARROOM] [ERROR] Static path does not exist: /root/code-server/dist/node/src/browser/pages
2025-03-07 23:02 +00:00: Error: listen EADDRINUSE: address already in use :::3000
2025-03-07 23:02 +00:00:     at Server.setupListenHandle [as _listen2] (node:net:1902:16)
2025-03-07 23:02 +00:00:     at listenInCluster (node:net:1959:12)
2025-03-07 23:02 +00:00:     at Server.listen (node:net:2061:7)
2025-03-07 23:02 +00:00:     at HttpServer.start (/root/code-server/dist/node/server.js:81:21)
2025-03-07 23:02 +00:00:     at Object.<anonymous> (/root/code-server/dist/node/server.js:93:13)
2025-03-07 23:02 +00:00:     at Module._compile (node:internal/modules/cjs/loader:1469:14)
2025-03-07 23:02 +00:00:     at Module._extensions..js (node:internal/modules/cjs/loader:1548:10)
2025-03-07 23:02 +00:00:     at Module.load (node:internal/modules/cjs/loader:1288:32)
2025-03-07 23:02 +00:00:     at Module._load (node:internal/modules/cjs/loader:1104:12)
2025-03-07 23:02 +00:00:     at Object.<anonymous> (/usr/local/lib/node_modules/pm2/lib/ProcessContainerFork.js:33:23) {
2025-03-07 23:02 +00:00:   code: 'EADDRINUSE',
2025-03-07 23:02 +00:00:   errno: -98,
2025-03-07 23:02 +00:00:   syscall: 'listen',
2025-03-07 23:02 +00:00:   address: '::',
2025-03-07 23:02 +00:00:   port: 3000
2025-03-07 23:02 +00:00: }
2025-03-07 23:02 +00:00: [2025-03-07T23:02:47.242Z] [AI-WARROOM] [WARN] OpenRouter API key not provided. AI agents will not be available.
2025-03-07 23:02 +00:00: [2025-03-07T23:02:47.246Z] [AI-WARROOM] [ERROR] Static path does not exist: /root/code-server/dist/node/src/browser/pages
2025-03-07 23:02 +00:00: Error: listen EADDRINUSE: address already in use :::3000
2025-03-07 23:02 +00:00:     at Server.setupListenHandle [as _listen2] (node:net:1902:16)
2025-03-07 23:02 +00:00:     at listenInCluster (node:net:1959:12)
2025-03-07 23:02 +00:00:     at Server.listen (node:net:2061:7)
2025-03-07 23:02 +00:00:     at HttpServer.start (/root/code-server/dist/node/server.js:81:21)
2025-03-07 23:02 +00:00:     at Object.<anonymous> (/root/code-server/dist/node/server.js:93:13)
2025-03-07 23:02 +00:00:     at Module._compile (node:internal/modules/cjs/loader:1469:14)
2025-03-07 23:02 +00:00:     at Module._extensions..js (node:internal/modules/cjs/loader:1548:10)
2025-03-07 23:02 +00:00:     at Module.load (node:internal/modules/cjs/loader:1288:32)
2025-03-07 23:02 +00:00:     at Module._load (node:internal/modules/cjs/loader:1104:12)
2025-03-07 23:02 +00:00:     at Object.<anonymous> (/usr/local/lib/node_modules/pm2/lib/ProcessContainerFork.js:33:23) {
2025-03-07 23:02 +00:00:   code: 'EADDRINUSE',
2025-03-07 23:02 +00:00:   errno: -98,
2025-03-07 23:02 +00:00:   syscall: 'listen',
2025-03-07 23:02 +00:00:   address: '::',
2025-03-07 23:02 +00:00:   port: 3000
2025-03-07 23:02 +00:00: }
2025-03-07 23:02 +00:00: [2025-03-07T23:02:47.833Z] [AI-WARROOM] [WARN] OpenRouter API key not provided. AI agents will not be available.
2025-03-07 23:02 +00:00: [2025-03-07T23:02:47.838Z] [AI-WARROOM] [ERROR] Static path does not exist: /root/code-server/dist/node/src/browser/pages
2025-03-07 23:02 +00:00: Error: listen EADDRINUSE: address already in use :::3000
2025-03-07 23:02 +00:00:     at Server.setupListenHandle [as _listen2] (node:net:1902:16)
2025-03-07 23:02 +00:00:     at listenInCluster (node:net:1959:12)
2025-03-07 23:02 +00:00:     at Server.listen (node:net:2061:7)
2025-03-07 23:02 +00:00:     at HttpServer.start (/root/code-server/dist/node/server.js:81:21)
2025-03-07 23:02 +00:00:     at Object.<anonymous> (/root/code-server/dist/node/server.js:93:13)
2025-03-07 23:02 +00:00:     at Module._compile (node:internal/modules/cjs/loader:1469:14)
2025-03-07 23:02 +00:00:     at Module._extensions..js (node:internal/modules/cjs/loader:1548:10)
2025-03-07 23:02 +00:00:     at Module.load (node:internal/modules/cjs/loader:1288:32)
2025-03-07 23:02 +00:00:     at Module._load (node:internal/modules/cjs/loader:1104:12)
2025-03-07 23:02 +00:00:     at Object.<anonymous> (/usr/local/lib/node_modules/pm2/lib/ProcessContainerFork.js:33:23) {
2025-03-07 23:02 +00:00:   code: 'EADDRINUSE',
2025-03-07 23:02 +00:00:   errno: -98,
2025-03-07 23:02 +00:00:   syscall: 'listen',
2025-03-07 23:02 +00:00:   address: '::',
2025-03-07 23:02 +00:00:   port: 3000
2025-03-07 23:02 +00:00: }
2025-03-07 23:02 +00:00: [2025-03-07T23:02:48.465Z] [AI-WARROOM] [WARN] OpenRouter API key not provided. AI agents will not be available.
2025-03-07 23:02 +00:00: [2025-03-07T23:02:48.469Z] [AI-WARROOM] [ERROR] Static path does not exist: /root/code-server/dist/node/src/browser/pages
2025-03-07 23:02 +00:00: Error: listen EADDRINUSE: address already in use :::3000
2025-03-07 23:02 +00:00:     at Server.setupListenHandle [as _listen2] (node:net:1902:16)
2025-03-07 23:02 +00:00:     at listenInCluster (node:net:1959:12)
2025-03-07 23:02 +00:00:     at Server.listen (node:net:2061:7)
2025-03-07 23:02 +00:00:     at HttpServer.start (/root/code-server/dist/node/server.js:81:21)
2025-03-07 23:02 +00:00:     at Object.<anonymous> (/root/code-server/dist/node/server.js:93:13)
2025-03-07 23:02 +00:00:     at Module._compile (node:internal/modules/cjs/loader:1469:14)
2025-03-07 23:02 +00:00:     at Module._extensions..js (node:internal/modules/cjs/loader:1548:10)
2025-03-07 23:02 +00:00:     at Module.load (node:internal/modules/cjs/loader:1288:32)
2025-03-07 23:02 +00:00:     at Module._load (node:internal/modules/cjs/loader:1104:12)
2025-03-07 23:02 +00:00:     at Object.<anonymous> (/usr/local/lib/node_modules/pm2/lib/ProcessContainerFork.js:33:23) {
2025-03-07 23:02 +00:00:   code: 'EADDRINUSE',
2025-03-07 23:02 +00:00:   errno: -98,
2025-03-07 23:02 +00:00:   syscall: 'listen',
2025-03-07 23:02 +00:00:   address: '::',
2025-03-07 23:02 +00:00:   port: 3000
2025-03-07 23:02 +00:00: }
2025-03-07 23:02 +00:00: [2025-03-07T23:02:49.084Z] [AI-WARROOM] [WARN] OpenRouter API key not provided. AI agents will not be available.
2025-03-07 23:02 +00:00: [2025-03-07T23:02:49.088Z] [AI-WARROOM] [ERROR] Static path does not exist: /root/code-server/dist/node/src/browser/pages
2025-03-07 23:02 +00:00: Error: listen EADDRINUSE: address already in use :::3000
2025-03-07 23:02 +00:00:     at Server.setupListenHandle [as _listen2] (node:net:1902:16)
2025-03-07 23:02 +00:00:     at listenInCluster (node:net:1959:12)
2025-03-07 23:02 +00:00:     at Server.listen (node:net:2061:7)
2025-03-07 23:02 +00:00:     at HttpServer.start (/root/code-server/dist/node/server.js:81:21)
2025-03-07 23:02 +00:00:     at Object.<anonymous> (/root/code-server/dist/node/server.js:93:13)
2025-03-07 23:02 +00:00:     at Module._compile (node:internal/modules/cjs/loader:1469:14)
2025-03-07 23:02 +00:00:     at Module._extensions..js (node:internal/modules/cjs/loader:1548:10)
2025-03-07 23:02 +00:00:     at Module.load (node:internal/modules/cjs/loader:1288:32)
2025-03-07 23:02 +00:00:     at Module._load (node:internal/modules/cjs/loader:1104:12)
2025-03-07 23:02 +00:00:     at Object.<anonymous> (/usr/local/lib/node_modules/pm2/lib/ProcessContainerFork.js:33:23) {
2025-03-07 23:02 +00:00:   code: 'EADDRINUSE',
2025-03-07 23:02 +00:00:   errno: -98,
2025-03-07 23:02 +00:00:   syscall: 'listen',
2025-03-07 23:02 +00:00:   address: '::',
2025-03-07 23:02 +00:00:   port: 3000
2025-03-07 23:02 +00:00: }
2025-03-07 23:02:49: [2025-03-07T23:02:49.533Z] [AI-WARROOM] [WARN] OpenRouter API key not provided. AI agents will not be available.
2025-03-07 23:02:49: [2025-03-07T23:02:49.550Z] [AI-WARROOM] [ERROR] Static path does not exist: /root/code-server/dist/node/src/browser/pages
2025-03-07 23:02:49: Error: listen EADDRINUSE: address already in use :::3000
2025-03-07 23:02:49:     at Server.setupListenHandle [as _listen2] (node:net:1902:16)
2025-03-07 23:02:49:     at listenInCluster (node:net:1959:12)
2025-03-07 23:02:49:     at Server.listen (node:net:2061:7)
2025-03-07 23:02:49:     at HttpServer.start (/root/code-server/dist/node/server.js:81:21)
2025-03-07 23:02:49:     at Object.<anonymous> (/root/code-server/dist/node/server.js:93:13)
2025-03-07 23:02:49:     at Module._compile (node:internal/modules/cjs/loader:1469:14)
2025-03-07 23:02:49:     at Module._extensions..js (node:internal/modules/cjs/loader:1548:10)
2025-03-07 23:02:49:     at Module.load (node:internal/modules/cjs/loader:1288:32)
2025-03-07 23:02:49:     at Module._load (node:internal/modules/cjs/loader:1104:12)
2025-03-07 23:02:49:     at Object.<anonymous> (/usr/local/lib/node_modules/pm2/lib/ProcessContainerFork.js:33:23) {
2025-03-07 23:02:49:   code: 'EADDRINUSE',
2025-03-07 23:02:49:   errno: -98,
2025-03-07 23:02:49:   syscall: 'listen',
2025-03-07 23:02:49:   address: '::',
2025-03-07 23:02:49:   port: 3000
2025-03-07 23:02:49: }
2025-03-07 23:02:50: [2025-03-07T23:02:50.101Z] [AI-WARROOM] [WARN] OpenRouter API key not provided. AI agents will not be available.
2025-03-07 23:02:50: [2025-03-07T23:02:50.107Z] [AI-WARROOM] [ERROR] Static path does not exist: /root/code-server/dist/node/src/browser/pages
2025-03-07 23:02:50: Error: listen EADDRINUSE: address already in use :::3000
2025-03-07 23:02:50:     at Server.setupListenHandle [as _listen2] (node:net:1902:16)
2025-03-07 23:02:50:     at listenInCluster (node:net:1959:12)
2025-03-07 23:02:50:     at Server.listen (node:net:2061:7)
2025-03-07 23:02:50:     at HttpServer.start (/root/code-server/dist/node/server.js:81:21)
2025-03-07 23:02:50:     at Object.<anonymous> (/root/code-server/dist/node/server.js:93:13)
2025-03-07 23:02:50:     at Module._compile (node:internal/modules/cjs/loader:1469:14)
2025-03-07 23:02:50:     at Module._extensions..js (node:internal/modules/cjs/loader:1548:10)
2025-03-07 23:02:50:     at Module.load (node:internal/modules/cjs/loader:1288:32)
2025-03-07 23:02:50:     at Module._load (node:internal/modules/cjs/loader:1104:12)
2025-03-07 23:02:50:     at Object.<anonymous> (/usr/local/lib/node_modules/pm2/lib/ProcessContainerFork.js:33:23) {
2025-03-07 23:02:50:   code: 'EADDRINUSE',
2025-03-07 23:02:50:   errno: -98,
2025-03-07 23:02:50:   syscall: 'listen',
2025-03-07 23:02:50:   address: '::',
2025-03-07 23:02:50:   port: 3000
2025-03-07 23:02:50: }
2025-03-07 23:02:50: [2025-03-07T23:02:50.658Z] [AI-WARROOM] [WARN] OpenRouter API key not provided. AI agents will not be available.
2025-03-07 23:02:50: [2025-03-07T23:02:50.665Z] [AI-WARROOM] [ERROR] Static path does not exist: /root/code-server/dist/node/src/browser/pages
2025-03-07 23:02:50: Error: listen EADDRINUSE: address already in use :::3000
2025-03-07 23:02:50:     at Server.setupListenHandle [as _listen2] (node:net:1902:16)
2025-03-07 23:02:50:     at listenInCluster (node:net:1959:12)
2025-03-07 23:02:50:     at Server.listen (node:net:2061:7)
2025-03-07 23:02:50:     at HttpServer.start (/root/code-server/dist/node/server.js:81:21)
2025-03-07 23:02:50:     at Object.<anonymous> (/root/code-server/dist/node/server.js:93:13)
2025-03-07 23:02:50:     at Module._compile (node:internal/modules/cjs/loader:1469:14)
2025-03-07 23:02:50:     at Module._extensions..js (node:internal/modules/cjs/loader:1548:10)
2025-03-07 23:02:50:     at Module.load (node:internal/modules/cjs/loader:1288:32)
2025-03-07 23:02:50:     at Module._load (node:internal/modules/cjs/loader:1104:12)
2025-03-07 23:02:50:     at Object.<anonymous> (/usr/local/lib/node_modules/pm2/lib/ProcessContainerFork.js:33:23) {
2025-03-07 23:02:50:   code: 'EADDRINUSE',
2025-03-07 23:02:50:   errno: -98,
2025-03-07 23:02:50:   syscall: 'listen',
2025-03-07 23:02:50:   address: '::',
2025-03-07 23:02:50:   port: 3000
2025-03-07 23:02:50: }
2025-03-07 23:02:51: [2025-03-07T23:02:51.243Z] [AI-WARROOM] [WARN] OpenRouter API key not provided. AI agents will not be available.
2025-03-07 23:02:51: [2025-03-07T23:02:51.248Z] [AI-WARROOM] [ERROR] Static path does not exist: /root/code-server/dist/node/src/browser/pages
2025-03-07 23:02:51: Error: listen EADDRINUSE: address already in use :::3000
2025-03-07 23:02:51:     at Server.setupListenHandle [as _listen2] (node:net:1902:16)
2025-03-07 23:02:51:     at listenInCluster (node:net:1959:12)
2025-03-07 23:02:51:     at Server.listen (node:net:2061:7)
2025-03-07 23:02:51:     at HttpServer.start (/root/code-server/dist/node/server.js:81:21)
2025-03-07 23:02:51:     at Object.<anonymous> (/root/code-server/dist/node/server.js:93:13)
2025-03-07 23:02:51:     at Module._compile (node:internal/modules/cjs/loader:1469:14)
2025-03-07 23:02:51:     at Module._extensions..js (node:internal/modules/cjs/loader:1548:10)
2025-03-07 23:02:51:     at Module.load (node:internal/modules/cjs/loader:1288:32)
2025-03-07 23:02:51:     at Module._load (node:internal/modules/cjs/loader:1104:12)
2025-03-07 23:02:51:     at Object.<anonymous> (/usr/local/lib/node_modules/pm2/lib/ProcessContainerFork.js:33:23) {
2025-03-07 23:02:51:   code: 'EADDRINUSE',
2025-03-07 23:02:51:   errno: -98,
2025-03-07 23:02:51:   syscall: 'listen',
2025-03-07 23:02:51:   address: '::',
2025-03-07 23:02:51:   port: 3000
2025-03-07 23:02:51: }
2025-03-07 23:02:51: [2025-03-07T23:02:51.806Z] [AI-WARROOM] [WARN] OpenRouter API key not provided. AI agents will not be available.
2025-03-07 23:02:51: [2025-03-07T23:02:51.826Z] [AI-WARROOM] [ERROR] Static path does not exist: /root/code-server/dist/node/src/browser/pages
2025-03-07 23:02:51: Error: listen EADDRINUSE: address already in use :::3000
2025-03-07 23:02:51:     at Server.setupListenHandle [as _listen2] (node:net:1902:16)
2025-03-07 23:02:51:     at listenInCluster (node:net:1959:12)
2025-03-07 23:02:51:     at Server.listen (node:net:2061:7)
2025-03-07 23:02:51:     at HttpServer.start (/root/code-server/dist/node/server.js:81:21)
2025-03-07 23:02:51:     at Object.<anonymous> (/root/code-server/dist/node/server.js:93:13)
2025-03-07 23:02:51:     at Module._compile (node:internal/modules/cjs/loader:1469:14)
2025-03-07 23:02:51:     at Module._extensions..js (node:internal/modules/cjs/loader:1548:10)
2025-03-07 23:02:51:     at Module.load (node:internal/modules/cjs/loader:1288:32)
2025-03-07 23:02:51:     at Module._load (node:internal/modules/cjs/loader:1104:12)
2025-03-07 23:02:51:     at Object.<anonymous> (/usr/local/lib/node_modules/pm2/lib/ProcessContainerFork.js:33:23) {
2025-03-07 23:02:51:   code: 'EADDRINUSE',
2025-03-07 23:02:51:   errno: -98,
2025-03-07 23:02:51:   syscall: 'listen',
2025-03-07 23:02:51:   address: '::',
2025-03-07 23:02:51:   port: 3000
2025-03-07 23:02:51: }
2025-03-07 23:02:52: [2025-03-07T23:02:52.400Z] [AI-WARROOM] [WARN] OpenRouter API key not provided. AI agents will not be available.
2025-03-07 23:02:52: [2025-03-07T23:02:52.404Z] [AI-WARROOM] [ERROR] Static path does not exist: /root/code-server/dist/node/src/browser/pages
2025-03-07 23:02:52: Error: listen EADDRINUSE: address already in use :::3000
2025-03-07 23:02:52:     at Server.setupListenHandle [as _listen2] (node:net:1902:16)
2025-03-07 23:02:52:     at listenInCluster (node:net:1959:12)
2025-03-07 23:02:52:     at Server.listen (node:net:2061:7)
2025-03-07 23:02:52:     at HttpServer.start (/root/code-server/dist/node/server.js:81:21)
2025-03-07 23:02:52:     at Object.<anonymous> (/root/code-server/dist/node/server.js:93:13)
2025-03-07 23:02:52:     at Module._compile (node:internal/modules/cjs/loader:1469:14)
2025-03-07 23:02:52:     at Module._extensions..js (node:internal/modules/cjs/loader:1548:10)
2025-03-07 23:02:52:     at Module.load (node:internal/modules/cjs/loader:1288:32)
2025-03-07 23:02:52:     at Module._load (node:internal/modules/cjs/loader:1104:12)
2025-03-07 23:02:52:     at Object.<anonymous> (/usr/local/lib/node_modules/pm2/lib/ProcessContainerFork.js:33:23) {
2025-03-07 23:02:52:   code: 'EADDRINUSE',
2025-03-07 23:02:52:   errno: -98,
2025-03-07 23:02:52:   syscall: 'listen',
2025-03-07 23:02:52:   address: '::',
2025-03-07 23:02:52:   port: 3000
2025-03-07 23:02:52: }
2025-03-07 23:02:52: [2025-03-07T23:02:52.989Z] [AI-WARROOM] [WARN] OpenRouter API key not provided. AI agents will not be available.
2025-03-07 23:02:53: [2025-03-07T23:02:52.993Z] [AI-WARROOM] [ERROR] Static path does not exist: /root/code-server/dist/node/src/browser/pages
2025-03-07 23:02:53: Error: listen EADDRINUSE: address already in use :::3000
2025-03-07 23:02:53:     at Server.setupListenHandle [as _listen2] (node:net:1902:16)
2025-03-07 23:02:53:     at listenInCluster (node:net:1959:12)
2025-03-07 23:02:53:     at Server.listen (node:net:2061:7)
2025-03-07 23:02:53:     at HttpServer.start (/root/code-server/dist/node/server.js:81:21)
2025-03-07 23:02:53:     at Object.<anonymous> (/root/code-server/dist/node/server.js:93:13)
2025-03-07 23:02:53:     at Module._compile (node:internal/modules/cjs/loader:1469:14)
2025-03-07 23:02:53:     at Module._extensions..js (node:internal/modules/cjs/loader:1548:10)
2025-03-07 23:02:53:     at Module.load (node:internal/modules/cjs/loader:1288:32)
2025-03-07 23:02:53:     at Module._load (node:internal/modules/cjs/loader:1104:12)
2025-03-07 23:02:53:     at Object.<anonymous> (/usr/local/lib/node_modules/pm2/lib/ProcessContainerFork.js:33:23) {
2025-03-07 23:02:53:   code: 'EADDRINUSE',
2025-03-07 23:02:53:   errno: -98,
2025-03-07 23:02:53:   syscall: 'listen',
2025-03-07 23:02:53:   address: '::',
2025-03-07 23:02:53:   port: 3000
2025-03-07 23:02:53: }
2025-03-07 23:02:53: [2025-03-07T23:02:53.543Z] [AI-WARROOM] [WARN] OpenRouter API key not provided. AI agents will not be available.
2025-03-07 23:02:53: [2025-03-07T23:02:53.552Z] [AI-WARROOM] [ERROR] Static path does not exist: /root/code-server/dist/node/src/browser/pages
2025-03-07 23:02:53: Error: listen EADDRINUSE: address already in use :::3000
2025-03-07 23:02:53:     at Server.setupListenHandle [as _listen2] (node:net:1902:16)
2025-03-07 23:02:53:     at listenInCluster (node:net:1959:12)
2025-03-07 23:02:53:     at Server.listen (node:net:2061:7)
2025-03-07 23:02:53:     at HttpServer.start (/root/code-server/dist/node/server.js:81:21)
2025-03-07 23:02:53:     at Object.<anonymous> (/root/code-server/dist/node/server.js:93:13)
2025-03-07 23:02:53:     at Module._compile (node:internal/modules/cjs/loader:1469:14)
2025-03-07 23:02:53:     at Module._extensions..js (node:internal/modules/cjs/loader:1548:10)
2025-03-07 23:02:53:     at Module.load (node:internal/modules/cjs/loader:1288:32)
2025-03-07 23:02:53:     at Module._load (node:internal/modules/cjs/loader:1104:12)
2025-03-07 23:02:53:     at Object.<anonymous> (/usr/local/lib/node_modules/pm2/lib/ProcessContainerFork.js:33:23) {
2025-03-07 23:02:53:   code: 'EADDRINUSE',
2025-03-07 23:02:53:   errno: -98,
2025-03-07 23:02:53:   syscall: 'listen',
2025-03-07 23:02:53:   address: '::',
2025-03-07 23:02:53:   port: 3000
2025-03-07 23:02:53: }
2025-03-07 23:02:54: [2025-03-07T23:02:54.074Z] [AI-WARROOM] [WARN] OpenRouter API key not provided. AI agents will not be available.
2025-03-07 23:02:54: [2025-03-07T23:02:54.090Z] [AI-WARROOM] [ERROR] Static path does not exist: /root/code-server/dist/node/src/browser/pages
2025-03-07 23:02:54: Error: listen EADDRINUSE: address already in use :::3000
2025-03-07 23:02:54:     at Server.setupListenHandle [as _listen2] (node:net:1902:16)
2025-03-07 23:02:54:     at listenInCluster (node:net:1959:12)
2025-03-07 23:02:54:     at Server.listen (node:net:2061:7)
2025-03-07 23:02:54:     at HttpServer.start (/root/code-server/dist/node/server.js:81:21)
2025-03-07 23:02:54:     at Object.<anonymous> (/root/code-server/dist/node/server.js:93:13)
2025-03-07 23:02:54:     at Module._compile (node:internal/modules/cjs/loader:1469:14)
2025-03-07 23:02:54:     at Module._extensions..js (node:internal/modules/cjs/loader:1548:10)
2025-03-07 23:02:54:     at Module.load (node:internal/modules/cjs/loader:1288:32)
2025-03-07 23:02:54:     at Module._load (node:internal/modules/cjs/loader:1104:12)
2025-03-07 23:02:54:     at Object.<anonymous> (/usr/local/lib/node_modules/pm2/lib/ProcessContainerFork.js:33:23) {
2025-03-07 23:02:54:   code: 'EADDRINUSE',
2025-03-07 23:02:54:   errno: -98,
2025-03-07 23:02:54:   syscall: 'listen',
2025-03-07 23:02:54:   address: '::',
2025-03-07 23:02:54:   port: 3000
2025-03-07 23:02:54: }
2025-03-07 23:02:54: [2025-03-07T23:02:54.625Z] [AI-WARROOM] [WARN] OpenRouter API key not provided. AI agents will not be available.
2025-03-07 23:02:54: [2025-03-07T23:02:54.629Z] [AI-WARROOM] [ERROR] Static path does not exist: /root/code-server/dist/node/src/browser/pages
2025-03-07 23:02:54: Error: listen EADDRINUSE: address already in use :::3000
2025-03-07 23:02:54:     at Server.setupListenHandle [as _listen2] (node:net:1902:16)
2025-03-07 23:02:54:     at listenInCluster (node:net:1959:12)
2025-03-07 23:02:54:     at Server.listen (node:net:2061:7)
2025-03-07 23:02:54:     at HttpServer.start (/root/code-server/dist/node/server.js:81:21)
2025-03-07 23:02:54:     at Object.<anonymous> (/root/code-server/dist/node/server.js:93:13)
2025-03-07 23:02:54:     at Module._compile (node:internal/modules/cjs/loader:1469:14)
2025-03-07 23:02:54:     at Module._extensions..js (node:internal/modules/cjs/loader:1548:10)
2025-03-07 23:02:54:     at Module.load (node:internal/modules/cjs/loader:1288:32)
2025-03-07 23:02:54:     at Module._load (node:internal/modules/cjs/loader:1104:12)
2025-03-07 23:02:54:     at Object.<anonymous> (/usr/local/lib/node_modules/pm2/lib/ProcessContainerFork.js:33:23) {
2025-03-07 23:02:54:   code: 'EADDRINUSE',
2025-03-07 23:02:54:   errno: -98,
2025-03-07 23:02:54:   syscall: 'listen',
2025-03-07 23:02:54:   address: '::',
2025-03-07 23:02:54:   port: 3000
2025-03-07 23:02:54: }
2025-03-07 23:02:55: [2025-03-07T23:02:55.199Z] [AI-WARROOM] [WARN] OpenRouter API key not provided. AI agents will not be available.
2025-03-07 23:02:55: [2025-03-07T23:02:55.205Z] [AI-WARROOM] [ERROR] Static path does not exist: /root/code-server/dist/node/src/browser/pages
2025-03-07 23:02:55: Error: listen EADDRINUSE: address already in use :::3000
2025-03-07 23:02:55:     at Server.setupListenHandle [as _listen2] (node:net:1902:16)
2025-03-07 23:02:55:     at listenInCluster (node:net:1959:12)
2025-03-07 23:02:55:     at Server.listen (node:net:2061:7)
2025-03-07 23:02:55:     at HttpServer.start (/root/code-server/dist/node/server.js:81:21)
2025-03-07 23:02:55:     at Object.<anonymous> (/root/code-server/dist/node/server.js:93:13)
2025-03-07 23:02:55:     at Module._compile (node:internal/modules/cjs/loader:1469:14)
2025-03-07 23:02:55:     at Module._extensions..js (node:internal/modules/cjs/loader:1548:10)
2025-03-07 23:02:55:     at Module.load (node:internal/modules/cjs/loader:1288:32)
2025-03-07 23:02:55:     at Module._load (node:internal/modules/cjs/loader:1104:12)
2025-03-07 23:02:55:     at Object.<anonymous> (/usr/local/lib/node_modules/pm2/lib/ProcessContainerFork.js:33:23) {
2025-03-07 23:02:55:   code: 'EADDRINUSE',
2025-03-07 23:02:55:   errno: -98,
2025-03-07 23:02:55:   syscall: 'listen',
2025-03-07 23:02:55:   address: '::',
2025-03-07 23:02:55:   port: 3000
2025-03-07 23:02:55: }
2025-03-07 23:02:55: [2025-03-07T23:02:55.784Z] [AI-WARROOM] [WARN] OpenRouter API key not provided. AI agents will not be available.
2025-03-07 23:02:55: [2025-03-07T23:02:55.797Z] [AI-WARROOM] [ERROR] Static path does not exist: /root/code-server/dist/node/src/browser/pages
2025-03-07 23:02:55: Error: listen EADDRINUSE: address already in use :::3000
2025-03-07 23:02:55:     at Server.setupListenHandle [as _listen2] (node:net:1902:16)
2025-03-07 23:02:55:     at listenInCluster (node:net:1959:12)
2025-03-07 23:02:55:     at Server.listen (node:net:2061:7)
2025-03-07 23:02:55:     at HttpServer.start (/root/code-server/dist/node/server.js:81:21)
2025-03-07 23:02:55:     at Object.<anonymous> (/root/code-server/dist/node/server.js:93:13)
2025-03-07 23:02:55:     at Module._compile (node:internal/modules/cjs/loader:1469:14)
2025-03-07 23:02:55:     at Module._extensions..js (node:internal/modules/cjs/loader:1548:10)
2025-03-07 23:02:55:     at Module.load (node:internal/modules/cjs/loader:1288:32)
2025-03-07 23:02:55:     at Module._load (node:internal/modules/cjs/loader:1104:12)
2025-03-07 23:02:55:     at Object.<anonymous> (/usr/local/lib/node_modules/pm2/lib/ProcessContainerFork.js:33:23) {
2025-03-07 23:02:55:   code: 'EADDRINUSE',
2025-03-07 23:02:55:   errno: -98,
2025-03-07 23:02:55:   syscall: 'listen',
2025-03-07 23:02:55:   address: '::',
2025-03-07 23:02:55:   port: 3000
2025-03-07 23:02:55: }
2025-03-07 23:02:56: [2025-03-07T23:02:56.395Z] [AI-WARROOM] [WARN] OpenRouter API key not provided. AI agents will not be available.
2025-03-07 23:02:56: [2025-03-07T23:02:56.399Z] [AI-WARROOM] [ERROR] Static path does not exist: /root/code-server/dist/node/src/browser/pages
2025-03-07 23:02:56: Error: listen EADDRINUSE: address already in use :::3000
2025-03-07 23:02:56:     at Server.setupListenHandle [as _listen2] (node:net:1902:16)
2025-03-07 23:02:56:     at listenInCluster (node:net:1959:12)
2025-03-07 23:02:56:     at Server.listen (node:net:2061:7)
2025-03-07 23:02:56:     at HttpServer.start (/root/code-server/dist/node/server.js:81:21)
2025-03-07 23:02:56:     at Object.<anonymous> (/root/code-server/dist/node/server.js:93:13)
2025-03-07 23:02:56:     at Module._compile (node:internal/modules/cjs/loader:1469:14)
2025-03-07 23:02:56:     at Module._extensions..js (node:internal/modules/cjs/loader:1548:10)
2025-03-07 23:02:56:     at Module.load (node:internal/modules/cjs/loader:1288:32)
2025-03-07 23:02:56:     at Module._load (node:internal/modules/cjs/loader:1104:12)
2025-03-07 23:02:56:     at Object.<anonymous> (/usr/local/lib/node_modules/pm2/lib/ProcessContainerFork.js:33:23) {
2025-03-07 23:02:56:   code: 'EADDRINUSE',
2025-03-07 23:02:56:   errno: -98,
2025-03-07 23:02:56:   syscall: 'listen',
2025-03-07 23:02:56:   address: '::',
2025-03-07 23:02:56:   port: 3000
2025-03-07 23:02:56: }
2025-03-07 23:02:56: [2025-03-07T23:02:56.926Z] [AI-WARROOM] [WARN] OpenRouter API key not provided. AI agents will not be available.
2025-03-07 23:02:56: [2025-03-07T23:02:56.934Z] [AI-WARROOM] [ERROR] Static path does not exist: /root/code-server/dist/node/src/browser/pages
2025-03-07 23:02:56: Error: listen EADDRINUSE: address already in use :::3000
2025-03-07 23:02:56:     at Server.setupListenHandle [as _listen2] (node:net:1902:16)
2025-03-07 23:02:56:     at listenInCluster (node:net:1959:12)
2025-03-07 23:02:56:     at Server.listen (node:net:2061:7)
2025-03-07 23:02:56:     at HttpServer.start (/root/code-server/dist/node/server.js:81:21)
2025-03-07 23:02:56:     at Object.<anonymous> (/root/code-server/dist/node/server.js:93:13)
2025-03-07 23:02:56:     at Module._compile (node:internal/modules/cjs/loader:1469:14)
2025-03-07 23:02:56:     at Module._extensions..js (node:internal/modules/cjs/loader:1548:10)
2025-03-07 23:02:56:     at Module.load (node:internal/modules/cjs/loader:1288:32)
2025-03-07 23:02:56:     at Module._load (node:internal/modules/cjs/loader:1104:12)
2025-03-07 23:02:56:     at Object.<anonymous> (/usr/local/lib/node_modules/pm2/lib/ProcessContainerFork.js:33:23) {
2025-03-07 23:02:56:   code: 'EADDRINUSE',
2025-03-07 23:02:56:   errno: -98,
2025-03-07 23:02:56:   syscall: 'listen',
2025-03-07 23:02:56:   address: '::',
2025-03-07 23:02:56:   port: 3000
2025-03-07 23:02:56: }
2025-03-07 23:02:57: [2025-03-07T23:02:57.542Z] [AI-WARROOM] [WARN] OpenRouter API key not provided. AI agents will not be available.
2025-03-07 23:02:57: [2025-03-07T23:02:57.554Z] [AI-WARROOM] [ERROR] Static path does not exist: /root/code-server/dist/node/src/browser/pages
2025-03-07 23:02:57: Error: listen EADDRINUSE: address already in use :::3000
2025-03-07 23:02:57:     at Server.setupListenHandle [as _listen2] (node:net:1902:16)
2025-03-07 23:02:57:     at listenInCluster (node:net:1959:12)
2025-03-07 23:02:57:     at Server.listen (node:net:2061:7)
2025-03-07 23:02:57:     at HttpServer.start (/root/code-server/dist/node/server.js:81:21)
2025-03-07 23:02:57:     at Object.<anonymous> (/root/code-server/dist/node/server.js:93:13)
2025-03-07 23:02:57:     at Module._compile (node:internal/modules/cjs/loader:1469:14)
2025-03-07 23:02:57:     at Module._extensions..js (node:internal/modules/cjs/loader:1548:10)
2025-03-07 23:02:57:     at Module.load (node:internal/modules/cjs/loader:1288:32)
2025-03-07 23:02:57:     at Module._load (node:internal/modules/cjs/loader:1104:12)
2025-03-07 23:02:57:     at Object.<anonymous> (/usr/local/lib/node_modules/pm2/lib/ProcessContainerFork.js:33:23) {
2025-03-07 23:02:57:   code: 'EADDRINUSE',
2025-03-07 23:02:57:   errno: -98,
2025-03-07 23:02:57:   syscall: 'listen',
2025-03-07 23:02:57:   address: '::',
2025-03-07 23:02:57:   port: 3000
2025-03-07 23:02:57: }
2025-03-07 23:02:58: [2025-03-07T23:02:58.147Z] [AI-WARROOM] [WARN] OpenRouter API key not provided. AI agents will not be available.
2025-03-07 23:02:58: [2025-03-07T23:02:58.153Z] [AI-WARROOM] [ERROR] Static path does not exist: /root/code-server/dist/node/src/browser/pages
2025-03-07 23:02:58: Error: listen EADDRINUSE: address already in use :::3000
2025-03-07 23:02:58:     at Server.setupListenHandle [as _listen2] (node:net:1902:16)
2025-03-07 23:02:58:     at listenInCluster (node:net:1959:12)
2025-03-07 23:02:58:     at Server.listen (node:net:2061:7)
2025-03-07 23:02:58:     at HttpServer.start (/root/code-server/dist/node/server.js:81:21)
2025-03-07 23:02:58:     at Object.<anonymous> (/root/code-server/dist/node/server.js:93:13)
2025-03-07 23:02:58:     at Module._compile (node:internal/modules/cjs/loader:1469:14)
2025-03-07 23:02:58:     at Module._extensions..js (node:internal/modules/cjs/loader:1548:10)
2025-03-07 23:02:58:     at Module.load (node:internal/modules/cjs/loader:1288:32)
2025-03-07 23:02:58:     at Module._load (node:internal/modules/cjs/loader:1104:12)
2025-03-07 23:02:58:     at Object.<anonymous> (/usr/local/lib/node_modules/pm2/lib/ProcessContainerFork.js:33:23) {
2025-03-07 23:02:58:   code: 'EADDRINUSE',
2025-03-07 23:02:58:   errno: -98,
2025-03-07 23:02:58:   syscall: 'listen',
2025-03-07 23:02:58:   address: '::',
2025-03-07 23:02:58:   port: 3000
2025-03-07 23:02:58: }
2025-03-07 23:02:58: [2025-03-07T23:02:58.752Z] [AI-WARROOM] [WARN] OpenRouter API key not provided. AI agents will not be available.
2025-03-07 23:02:58: [2025-03-07T23:02:58.763Z] [AI-WARROOM] [ERROR] Static path does not exist: /root/code-server/dist/node/src/browser/pages
2025-03-07 23:02:58: Error: listen EADDRINUSE: address already in use :::3000
2025-03-07 23:02:58:     at Server.setupListenHandle [as _listen2] (node:net:1902:16)
2025-03-07 23:02:58:     at listenInCluster (node:net:1959:12)
2025-03-07 23:02:58:     at Server.listen (node:net:2061:7)
2025-03-07 23:02:58:     at HttpServer.start (/root/code-server/dist/node/server.js:81:21)
2025-03-07 23:02:58:     at Object.<anonymous> (/root/code-server/dist/node/server.js:93:13)
2025-03-07 23:02:58:     at Module._compile (node:internal/modules/cjs/loader:1469:14)
2025-03-07 23:02:58:     at Module._extensions..js (node:internal/modules/cjs/loader:1548:10)
2025-03-07 23:02:58:     at Module.load (node:internal/modules/cjs/loader:1288:32)
2025-03-07 23:02:58:     at Module._load (node:internal/modules/cjs/loader:1104:12)
2025-03-07 23:02:58:     at Object.<anonymous> (/usr/local/lib/node_modules/pm2/lib/ProcessContainerFork.js:33:23) {
2025-03-07 23:02:58:   code: 'EADDRINUSE',
2025-03-07 23:02:58:   errno: -98,
2025-03-07 23:02:58:   syscall: 'listen',
2025-03-07 23:02:58:   address: '::',
2025-03-07 23:02:58:   port: 3000
2025-03-07 23:02:58: }
2025-03-07 23:02:59: [2025-03-07T23:02:59.326Z] [AI-WARROOM] [WARN] OpenRouter API key not provided. AI agents will not be available.
2025-03-07 23:02:59: [2025-03-07T23:02:59.334Z] [AI-WARROOM] [ERROR] Static path does not exist: /root/code-server/dist/node/src/browser/pages
2025-03-07 23:02:59: Error: listen EADDRINUSE: address already in use :::3000
2025-03-07 23:02:59:     at Server.setupListenHandle [as _listen2] (node:net:1902:16)
2025-03-07 23:02:59:     at listenInCluster (node:net:1959:12)
2025-03-07 23:02:59:     at Server.listen (node:net:2061:7)
2025-03-07 23:02:59:     at HttpServer.start (/root/code-server/dist/node/server.js:81:21)
2025-03-07 23:02:59:     at Object.<anonymous> (/root/code-server/dist/node/server.js:93:13)
2025-03-07 23:02:59:     at Module._compile (node:internal/modules/cjs/loader:1469:14)
2025-03-07 23:02:59:     at Module._extensions..js (node:internal/modules/cjs/loader:1548:10)
2025-03-07 23:02:59:     at Module.load (node:internal/modules/cjs/loader:1288:32)
2025-03-07 23:02:59:     at Module._load (node:internal/modules/cjs/loader:1104:12)
2025-03-07 23:02:59:     at Object.<anonymous> (/usr/local/lib/node_modules/pm2/lib/ProcessContainerFork.js:33:23) {
2025-03-07 23:02:59:   code: 'EADDRINUSE',
2025-03-07 23:02:59:   errno: -98,
2025-03-07 23:02:59:   syscall: 'listen',
2025-03-07 23:02:59:   address: '::',
2025-03-07 23:02:59:   port: 3000
2025-03-07 23:02:59: }
2025-03-07 23:02:59: [2025-03-07T23:02:59.875Z] [AI-WARROOM] [WARN] OpenRouter API key not provided. AI agents will not be available.
2025-03-07 23:02:59: [2025-03-07T23:02:59.879Z] [AI-WARROOM] [ERROR] Static path does not exist: /root/code-server/dist/node/src/browser/pages
2025-03-07 23:02:59: Error: listen EADDRINUSE: address already in use :::3000
2025-03-07 23:02:59:     at Server.setupListenHandle [as _listen2] (node:net:1902:16)
2025-03-07 23:02:59:     at listenInCluster (node:net:1959:12)
2025-03-07 23:02:59:     at Server.listen (node:net:2061:7)
2025-03-07 23:02:59:     at HttpServer.start (/root/code-server/dist/node/server.js:81:21)
2025-03-07 23:02:59:     at Object.<anonymous> (/root/code-server/dist/node/server.js:93:13)
2025-03-07 23:02:59:     at Module._compile (node:internal/modules/cjs/loader:1469:14)
2025-03-07 23:02:59:     at Module._extensions..js (node:internal/modules/cjs/loader:1548:10)
2025-03-07 23:02:59:     at Module.load (node:internal/modules/cjs/loader:1288:32)
2025-03-07 23:02:59:     at Module._load (node:internal/modules/cjs/loader:1104:12)
2025-03-07 23:02:59:     at Object.<anonymous> (/usr/local/lib/node_modules/pm2/lib/ProcessContainerFork.js:33:23) {
2025-03-07 23:02:59:   code: 'EADDRINUSE',
2025-03-07 23:02:59:   errno: -98,
2025-03-07 23:02:59:   syscall: 'listen',
2025-03-07 23:02:59:   address: '::',
2025-03-07 23:02:59:   port: 3000
2025-03-07 23:02:59: }
2025-03-07 23:03:00: [2025-03-07T23:03:00.464Z] [AI-WARROOM] [WARN] OpenRouter API key not provided. AI agents will not be available.
2025-03-07 23:03:00: [2025-03-07T23:03:00.471Z] [AI-WARROOM] [ERROR] Static path does not exist: /root/code-server/dist/node/src/browser/pages
2025-03-07 23:03:00: Error: listen EADDRINUSE: address already in use :::3000
2025-03-07 23:03:00:     at Server.setupListenHandle [as _listen2] (node:net:1902:16)
2025-03-07 23:03:00:     at listenInCluster (node:net:1959:12)
2025-03-07 23:03:00:     at Server.listen (node:net:2061:7)
2025-03-07 23:03:00:     at HttpServer.start (/root/code-server/dist/node/server.js:81:21)
2025-03-07 23:03:00:     at Object.<anonymous> (/root/code-server/dist/node/server.js:93:13)
2025-03-07 23:03:00:     at Module._compile (node:internal/modules/cjs/loader:1469:14)
2025-03-07 23:03:00:     at Module._extensions..js (node:internal/modules/cjs/loader:1548:10)
2025-03-07 23:03:00:     at Module.load (node:internal/modules/cjs/loader:1288:32)
2025-03-07 23:03:00:     at Module._load (node:internal/modules/cjs/loader:1104:12)
2025-03-07 23:03:00:     at Object.<anonymous> (/usr/local/lib/node_modules/pm2/lib/ProcessContainerFork.js:33:23) {
2025-03-07 23:03:00:   code: 'EADDRINUSE',
2025-03-07 23:03:00:   errno: -98,
2025-03-07 23:03:00:   syscall: 'listen',
2025-03-07 23:03:00:   address: '::',
2025-03-07 23:03:00:   port: 3000
2025-03-07 23:03:00: }
2025-03-07 23:03:01: [2025-03-07T23:03:01.023Z] [AI-WARROOM] [WARN] OpenRouter API key not provided. AI agents will not be available.
2025-03-07 23:03:01: [2025-03-07T23:03:01.040Z] [AI-WARROOM] [ERROR] Static path does not exist: /root/code-server/dist/node/src/browser/pages
2025-03-07 23:03:01: [2025-03-07T23:03:01.583Z] [AI-WARROOM] [WARN] OpenRouter API key not provided. AI agents will not be available.
2025-03-07 23:03:01: [2025-03-07T23:03:01.595Z] [AI-WARROOM] [ERROR] Static path does not exist: /root/code-server/dist/node/src/browser/pages
2025-03-07 23:03:01: Error: listen EADDRINUSE: address already in use :::3000
2025-03-07 23:03:01:     at Server.setupListenHandle [as _listen2] (node:net:1902:16)
2025-03-07 23:03:01:     at listenInCluster (node:net:1959:12)
2025-03-07 23:03:01:     at Server.listen (node:net:2061:7)
2025-03-07 23:03:01:     at HttpServer.start (/root/code-server/dist/node/server.js:81:21)
2025-03-07 23:03:01:     at Object.<anonymous> (/root/code-server/dist/node/server.js:93:13)
2025-03-07 23:03:01:     at Module._compile (node:internal/modules/cjs/loader:1469:14)
2025-03-07 23:03:01:     at Module._extensions..js (node:internal/modules/cjs/loader:1548:10)
2025-03-07 23:03:01:     at Module.load (node:internal/modules/cjs/loader:1288:32)
2025-03-07 23:03:01:     at Module._load (node:internal/modules/cjs/loader:1104:12)
2025-03-07 23:03:01:     at Object.<anonymous> (/usr/local/lib/node_modules/pm2/lib/ProcessContainerFork.js:33:23) {
2025-03-07 23:03:01:   code: 'EADDRINUSE',
2025-03-07 23:03:01:   errno: -98,
2025-03-07 23:03:01:   syscall: 'listen',
2025-03-07 23:03:01:   address: '::',
2025-03-07 23:03:01:   port: 3000
2025-03-07 23:03:01: }
2025-03-07 23:03:02: [2025-03-07T23:03:02.239Z] [AI-WARROOM] [WARN] OpenRouter API key not provided. AI agents will not be available.
2025-03-07 23:03:02: [2025-03-07T23:03:02.245Z] [AI-WARROOM] [ERROR] Static path does not exist: /root/code-server/dist/node/src/browser/pages
2025-03-07 23:03:02: Error: listen EADDRINUSE: address already in use :::3000
2025-03-07 23:03:02:     at Server.setupListenHandle [as _listen2] (node:net:1902:16)
2025-03-07 23:03:02:     at listenInCluster (node:net:1959:12)
2025-03-07 23:03:02:     at Server.listen (node:net:2061:7)
2025-03-07 23:03:02:     at HttpServer.start (/root/code-server/dist/node/server.js:81:21)
2025-03-07 23:03:02:     at Object.<anonymous> (/root/code-server/dist/node/server.js:93:13)
2025-03-07 23:03:02:     at Module._compile (node:internal/modules/cjs/loader:1469:14)
2025-03-07 23:03:02:     at Module._extensions..js (node:internal/modules/cjs/loader:1548:10)
2025-03-07 23:03:02:     at Module.load (node:internal/modules/cjs/loader:1288:32)
2025-03-07 23:03:02:     at Module._load (node:internal/modules/cjs/loader:1104:12)
2025-03-07 23:03:02:     at Object.<anonymous> (/usr/local/lib/node_modules/pm2/lib/ProcessContainerFork.js:33:23) {
2025-03-07 23:03:02:   code: 'EADDRINUSE',
2025-03-07 23:03:02:   errno: -98,
2025-03-07 23:03:02:   syscall: 'listen',
2025-03-07 23:03:02:   address: '::',
2025-03-07 23:03:02:   port: 3000
2025-03-07 23:03:02: }
2025-03-07 23:03:02: [2025-03-07T23:03:02.806Z] [AI-WARROOM] [WARN] OpenRouter API key not provided. AI agents will not be available.
2025-03-07 23:03:02: [2025-03-07T23:03:02.814Z] [AI-WARROOM] [ERROR] Static path does not exist: /root/code-server/dist/node/src/browser/pages
2025-03-07 23:03:02: Error: listen EADDRINUSE: address already in use :::3000
2025-03-07 23:03:02:     at Server.setupListenHandle [as _listen2] (node:net:1902:16)
2025-03-07 23:03:02:     at listenInCluster (node:net:1959:12)
2025-03-07 23:03:02:     at Server.listen (node:net:2061:7)
2025-03-07 23:03:02:     at HttpServer.start (/root/code-server/dist/node/server.js:81:21)
2025-03-07 23:03:02:     at Object.<anonymous> (/root/code-server/dist/node/server.js:93:13)
2025-03-07 23:03:02:     at Module._compile (node:internal/modules/cjs/loader:1469:14)
2025-03-07 23:03:02:     at Module._extensions..js (node:internal/modules/cjs/loader:1548:10)
2025-03-07 23:03:02:     at Module.load (node:internal/modules/cjs/loader:1288:32)
2025-03-07 23:03:02:     at Module._load (node:internal/modules/cjs/loader:1104:12)
2025-03-07 23:03:02:     at Object.<anonymous> (/usr/local/lib/node_modules/pm2/lib/ProcessContainerFork.js:33:23) {
2025-03-07 23:03:02:   code: 'EADDRINUSE',
2025-03-07 23:03:02:   errno: -98,
2025-03-07 23:03:02:   syscall: 'listen',
2025-03-07 23:03:02:   address: '::',
2025-03-07 23:03:02:   port: 3000
2025-03-07 23:03:02: }
2025-03-07 23:03:03: [2025-03-07T23:03:03.405Z] [AI-WARROOM] [WARN] OpenRouter API key not provided. AI agents will not be available.
2025-03-07 23:03:03: [2025-03-07T23:03:03.425Z] [AI-WARROOM] [ERROR] Static path does not exist: /root/code-server/dist/node/src/browser/pages
2025-03-07 23:03:03: Error: listen EADDRINUSE: address already in use :::3000
2025-03-07 23:03:03:     at Server.setupListenHandle [as _listen2] (node:net:1902:16)
2025-03-07 23:03:03:     at listenInCluster (node:net:1959:12)
2025-03-07 23:03:03:     at Server.listen (node:net:2061:7)
2025-03-07 23:03:03:     at HttpServer.start (/root/code-server/dist/node/server.js:81:21)
2025-03-07 23:03:03:     at Object.<anonymous> (/root/code-server/dist/node/server.js:93:13)
2025-03-07 23:03:03:     at Module._compile (node:internal/modules/cjs/loader:1469:14)
2025-03-07 23:03:03:     at Module._extensions..js (node:internal/modules/cjs/loader:1548:10)
2025-03-07 23:03:03:     at Module.load (node:internal/modules/cjs/loader:1288:32)
2025-03-07 23:03:03:     at Module._load (node:internal/modules/cjs/loader:1104:12)
2025-03-07 23:03:03:     at Object.<anonymous> (/usr/local/lib/node_modules/pm2/lib/ProcessContainerFork.js:33:23) {
2025-03-07 23:03:03:   code: 'EADDRINUSE',
2025-03-07 23:03:03:   errno: -98,
2025-03-07 23:03:03:   syscall: 'listen',
2025-03-07 23:03:03:   address: '::',
2025-03-07 23:03:03:   port: 3000
2025-03-07 23:03:03: }
2025-03-07 23:03:03: [2025-03-07T23:03:03.974Z] [AI-WARROOM] [WARN] OpenRouter API key not provided. AI agents will not be available.
2025-03-07 23:03:03: [2025-03-07T23:03:03.982Z] [AI-WARROOM] [ERROR] Static path does not exist: /root/code-server/dist/node/src/browser/pages
2025-03-07 23:03:04: Error: listen EADDRINUSE: address already in use :::3000
2025-03-07 23:03:04:     at Server.setupListenHandle [as _listen2] (node:net:1902:16)
2025-03-07 23:03:04:     at listenInCluster (node:net:1959:12)
2025-03-07 23:03:04:     at Server.listen (node:net:2061:7)
2025-03-07 23:03:04:     at HttpServer.start (/root/code-server/dist/node/server.js:81:21)
2025-03-07 23:03:04:     at Object.<anonymous> (/root/code-server/dist/node/server.js:93:13)
2025-03-07 23:03:04:     at Module._compile (node:internal/modules/cjs/loader:1469:14)
2025-03-07 23:03:04:     at Module._extensions..js (node:internal/modules/cjs/loader:1548:10)
2025-03-07 23:03:04:     at Module.load (node:internal/modules/cjs/loader:1288:32)
2025-03-07 23:03:04:     at Module._load (node:internal/modules/cjs/loader:1104:12)
2025-03-07 23:03:04:     at Object.<anonymous> (/usr/local/lib/node_modules/pm2/lib/ProcessContainerFork.js:33:23) {
2025-03-07 23:03:04:   code: 'EADDRINUSE',
2025-03-07 23:03:04:   errno: -98,
2025-03-07 23:03:04:   syscall: 'listen',
2025-03-07 23:03:04:   address: '::',
2025-03-07 23:03:04:   port: 3000
2025-03-07 23:03:04: }
2025-03-07 23:03:04: [2025-03-07T23:03:04.534Z] [AI-WARROOM] [WARN] OpenRouter API key not provided. AI agents will not be available.
2025-03-07 23:03:04: [2025-03-07T23:03:04.547Z] [AI-WARROOM] [ERROR] Static path does not exist: /root/code-server/dist/node/src/browser/pages
2025-03-07 23:03:04: Error: listen EADDRINUSE: address already in use :::3000
2025-03-07 23:03:04:     at Server.setupListenHandle [as _listen2] (node:net:1902:16)
2025-03-07 23:03:04:     at listenInCluster (node:net:1959:12)
2025-03-07 23:03:04:     at Server.listen (node:net:2061:7)
2025-03-07 23:03:04:     at HttpServer.start (/root/code-server/dist/node/server.js:81:21)
2025-03-07 23:03:04:     at Object.<anonymous> (/root/code-server/dist/node/server.js:93:13)
2025-03-07 23:03:04:     at Module._compile (node:internal/modules/cjs/loader:1469:14)
2025-03-07 23:03:04:     at Module._extensions..js (node:internal/modules/cjs/loader:1548:10)
2025-03-07 23:03:04:     at Module.load (node:internal/modules/cjs/loader:1288:32)
2025-03-07 23:03:04:     at Module._load (node:internal/modules/cjs/loader:1104:12)
2025-03-07 23:03:04:     at Object.<anonymous> (/usr/local/lib/node_modules/pm2/lib/ProcessContainerFork.js:33:23) {
2025-03-07 23:03:04:   code: 'EADDRINUSE',
2025-03-07 23:03:04:   errno: -98,
2025-03-07 23:03:04:   syscall: 'listen',
2025-03-07 23:03:04:   address: '::',
2025-03-07 23:03:04:   port: 3000
2025-03-07 23:03:04: }
2025-03-07 23:03:05: [2025-03-07T23:03:05.110Z] [AI-WARROOM] [WARN] OpenRouter API key not provided. AI agents will not be available.
2025-03-07 23:03:05: [2025-03-07T23:03:05.115Z] [AI-WARROOM] [ERROR] Static path does not exist: /root/code-server/dist/node/src/browser/pages
2025-03-07 23:03:05: Error: listen EADDRINUSE: address already in use :::3000
2025-03-07 23:03:05:     at Server.setupListenHandle [as _listen2] (node:net:1902:16)
2025-03-07 23:03:05:     at listenInCluster (node:net:1959:12)
2025-03-07 23:03:05:     at Server.listen (node:net:2061:7)
2025-03-07 23:03:05:     at HttpServer.start (/root/code-server/dist/node/server.js:81:21)
2025-03-07 23:03:05:     at Object.<anonymous> (/root/code-server/dist/node/server.js:93:13)
2025-03-07 23:03:05:     at Module._compile (node:internal/modules/cjs/loader:1469:14)
2025-03-07 23:03:05:     at Module._extensions..js (node:internal/modules/cjs/loader:1548:10)
2025-03-07 23:03:05:     at Module.load (node:internal/modules/cjs/loader:1288:32)
2025-03-07 23:03:05:     at Module._load (node:internal/modules/cjs/loader:1104:12)
2025-03-07 23:03:05:     at Object.<anonymous> (/usr/local/lib/node_modules/pm2/lib/ProcessContainerFork.js:33:23) {
2025-03-07 23:03:05:   code: 'EADDRINUSE',
2025-03-07 23:03:05:   errno: -98,
2025-03-07 23:03:05:   syscall: 'listen',
2025-03-07 23:03:05:   address: '::',
2025-03-07 23:03:05:   port: 3000
2025-03-07 23:03:05: }
2025-03-07 23:03:05: [2025-03-07T23:03:05.664Z] [AI-WARROOM] [WARN] OpenRouter API key not provided. AI agents will not be available.
2025-03-07 23:03:05: [2025-03-07T23:03:05.672Z] [AI-WARROOM] [ERROR] Static path does not exist: /root/code-server/dist/node/src/browser/pages
2025-03-07 23:03:05: Error: listen EADDRINUSE: address already in use :::3000
2025-03-07 23:03:05:     at Server.setupListenHandle [as _listen2] (node:net:1902:16)
2025-03-07 23:03:05:     at listenInCluster (node:net:1959:12)
2025-03-07 23:03:05:     at Server.listen (node:net:2061:7)
2025-03-07 23:03:05:     at HttpServer.start (/root/code-server/dist/node/server.js:81:21)
2025-03-07 23:03:05:     at Object.<anonymous> (/root/code-server/dist/node/server.js:93:13)
2025-03-07 23:03:05:     at Module._compile (node:internal/modules/cjs/loader:1469:14)
2025-03-07 23:03:05:     at Module._extensions..js (node:internal/modules/cjs/loader:1548:10)
2025-03-07 23:03:05:     at Module.load (node:internal/modules/cjs/loader:1288:32)
2025-03-07 23:03:05:     at Module._load (node:internal/modules/cjs/loader:1104:12)
2025-03-07 23:03:05:     at Object.<anonymous> (/usr/local/lib/node_modules/pm2/lib/ProcessContainerFork.js:33:23) {
2025-03-07 23:03:05:   code: 'EADDRINUSE',
2025-03-07 23:03:05:   errno: -98,
2025-03-07 23:03:05:   syscall: 'listen',
2025-03-07 23:03:05:   address: '::',
2025-03-07 23:03:05:   port: 3000
2025-03-07 23:03:05: }
2025-03-07 23:03:06: [2025-03-07T23:03:06.235Z] [AI-WARROOM] [WARN] OpenRouter API key not provided. AI agents will not be available.
2025-03-07 23:03:06: [2025-03-07T23:03:06.243Z] [AI-WARROOM] [ERROR] Static path does not exist: /root/code-server/dist/node/src/browser/pages
2025-03-07 23:03:06: Error: listen EADDRINUSE: address already in use :::3000
2025-03-07 23:03:06:     at Server.setupListenHandle [as _listen2] (node:net:1902:16)
2025-03-07 23:03:06:     at listenInCluster (node:net:1959:12)
2025-03-07 23:03:06:     at Server.listen (node:net:2061:7)
2025-03-07 23:03:06:     at HttpServer.start (/root/code-server/dist/node/server.js:81:21)
2025-03-07 23:03:06:     at Object.<anonymous> (/root/code-server/dist/node/server.js:93:13)
2025-03-07 23:03:06:     at Module._compile (node:internal/modules/cjs/loader:1469:14)
2025-03-07 23:03:06:     at Module._extensions..js (node:internal/modules/cjs/loader:1548:10)
2025-03-07 23:03:06:     at Module.load (node:internal/modules/cjs/loader:1288:32)
2025-03-07 23:03:06:     at Module._load (node:internal/modules/cjs/loader:1104:12)
2025-03-07 23:03:06:     at Object.<anonymous> (/usr/local/lib/node_modules/pm2/lib/ProcessContainerFork.js:33:23) {
2025-03-07 23:03:06:   code: 'EADDRINUSE',
2025-03-07 23:03:06:   errno: -98,
2025-03-07 23:03:06:   syscall: 'listen',
2025-03-07 23:03:06:   address: '::',
2025-03-07 23:03:06:   port: 3000
2025-03-07 23:03:06: }
2025-03-07 23:03:06: [2025-03-07T23:03:06.770Z] [AI-WARROOM] [WARN] OpenRouter API key not provided. AI agents will not be available.
2025-03-07 23:03:06: [2025-03-07T23:03:06.776Z] [AI-WARROOM] [ERROR] Static path does not exist: /root/code-server/dist/node/src/browser/pages
2025-03-07 23:03:06: Error: listen EADDRINUSE: address already in use :::3000
2025-03-07 23:03:06:     at Server.setupListenHandle [as _listen2] (node:net:1902:16)
2025-03-07 23:03:06:     at listenInCluster (node:net:1959:12)
2025-03-07 23:03:06:     at Server.listen (node:net:2061:7)
2025-03-07 23:03:06:     at HttpServer.start (/root/code-server/dist/node/server.js:81:21)
2025-03-07 23:03:06:     at Object.<anonymous> (/root/code-server/dist/node/server.js:93:13)
2025-03-07 23:03:06:     at Module._compile (node:internal/modules/cjs/loader:1469:14)
2025-03-07 23:03:06:     at Module._extensions..js (node:internal/modules/cjs/loader:1548:10)
2025-03-07 23:03:06:     at Module.load (node:internal/modules/cjs/loader:1288:32)
2025-03-07 23:03:06:     at Module._load (node:internal/modules/cjs/loader:1104:12)
2025-03-07 23:03:06:     at Object.<anonymous> (/usr/local/lib/node_modules/pm2/lib/ProcessContainerFork.js:33:23) {
2025-03-07 23:03:06:   code: 'EADDRINUSE',
2025-03-07 23:03:06:   errno: -98,
2025-03-07 23:03:06:   syscall: 'listen',
2025-03-07 23:03:06:   address: '::',
2025-03-07 23:03:06:   port: 3000
2025-03-07 23:03:06: }
2025-03-07 23:03:07: [2025-03-07T23:03:07.405Z] [AI-WARROOM] [WARN] OpenRouter API key not provided. AI agents will not be available.
2025-03-07 23:03:07: [2025-03-07T23:03:07.414Z] [AI-WARROOM] [ERROR] Static path does not exist: /root/code-server/dist/node/src/browser/pages
2025-03-07 23:03:07: Error: listen EADDRINUSE: address already in use :::3000
2025-03-07 23:03:07:     at Server.setupListenHandle [as _listen2] (node:net:1902:16)
2025-03-07 23:03:07:     at listenInCluster (node:net:1959:12)
2025-03-07 23:03:07:     at Server.listen (node:net:2061:7)
2025-03-07 23:03:07:     at HttpServer.start (/root/code-server/dist/node/server.js:81:21)
2025-03-07 23:03:07:     at Object.<anonymous> (/root/code-server/dist/node/server.js:93:13)
2025-03-07 23:03:07:     at Module._compile (node:internal/modules/cjs/loader:1469:14)
2025-03-07 23:03:07:     at Module._extensions..js (node:internal/modules/cjs/loader:1548:10)
2025-03-07 23:03:07:     at Module.load (node:internal/modules/cjs/loader:1288:32)
2025-03-07 23:03:07:     at Module._load (node:internal/modules/cjs/loader:1104:12)
2025-03-07 23:03:07:     at Object.<anonymous> (/usr/local/lib/node_modules/pm2/lib/ProcessContainerFork.js:33:23) {
2025-03-07 23:03:07:   code: 'EADDRINUSE',
2025-03-07 23:03:07:   errno: -98,
2025-03-07 23:03:07:   syscall: 'listen',
2025-03-07 23:03:07:   address: '::',
2025-03-07 23:03:07:   port: 3000
2025-03-07 23:03:07: }
2025-03-07 23:03:08: [2025-03-07T23:03:08.014Z] [AI-WARROOM] [WARN] OpenRouter API key not provided. AI agents will not be available.
2025-03-07 23:03:08: [2025-03-07T23:03:08.021Z] [AI-WARROOM] [ERROR] Static path does not exist: /root/code-server/dist/node/src/browser/pages
2025-03-07 23:03:08: Error: listen EADDRINUSE: address already in use :::3000
2025-03-07 23:03:08:     at Server.setupListenHandle [as _listen2] (node:net:1902:16)
2025-03-07 23:03:08:     at listenInCluster (node:net:1959:12)
2025-03-07 23:03:08:     at Server.listen (node:net:2061:7)
2025-03-07 23:03:08:     at HttpServer.start (/root/code-server/dist/node/server.js:81:21)
2025-03-07 23:03:08:     at Object.<anonymous> (/root/code-server/dist/node/server.js:93:13)
2025-03-07 23:03:08:     at Module._compile (node:internal/modules/cjs/loader:1469:14)
2025-03-07 23:03:08:     at Module._extensions..js (node:internal/modules/cjs/loader:1548:10)
2025-03-07 23:03:08:     at Module.load (node:internal/modules/cjs/loader:1288:32)
2025-03-07 23:03:08:     at Module._load (node:internal/modules/cjs/loader:1104:12)
2025-03-07 23:03:08:     at Object.<anonymous> (/usr/local/lib/node_modules/pm2/lib/ProcessContainerFork.js:33:23) {
2025-03-07 23:03:08:   code: 'EADDRINUSE',
2025-03-07 23:03:08:   errno: -98,
2025-03-07 23:03:08:   syscall: 'listen',
2025-03-07 23:03:08:   address: '::',
2025-03-07 23:03:08:   port: 3000
2025-03-07 23:03:08: }
2025-03-07 23:03:08: [2025-03-07T23:03:08.611Z] [AI-WARROOM] [WARN] OpenRouter API key not provided. AI agents will not be available.
2025-03-07 23:03:08: [2025-03-07T23:03:08.631Z] [AI-WARROOM] [ERROR] Static path does not exist: /root/code-server/dist/node/src/browser/pages
2025-03-07 23:03:08: Error: listen EADDRINUSE: address already in use :::3000
2025-03-07 23:03:08:     at Server.setupListenHandle [as _listen2] (node:net:1902:16)
2025-03-07 23:03:08:     at listenInCluster (node:net:1959:12)
2025-03-07 23:03:08:     at Server.listen (node:net:2061:7)
2025-03-07 23:03:08:     at HttpServer.start (/root/code-server/dist/node/server.js:81:21)
2025-03-07 23:03:08:     at Object.<anonymous> (/root/code-server/dist/node/server.js:93:13)
2025-03-07 23:03:08:     at Module._compile (node:internal/modules/cjs/loader:1469:14)
2025-03-07 23:03:08:     at Module._extensions..js (node:internal/modules/cjs/loader:1548:10)
2025-03-07 23:03:08:     at Module.load (node:internal/modules/cjs/loader:1288:32)
2025-03-07 23:03:08:     at Module._load (node:internal/modules/cjs/loader:1104:12)
2025-03-07 23:03:08:     at Object.<anonymous> (/usr/local/lib/node_modules/pm2/lib/ProcessContainerFork.js:33:23) {
2025-03-07 23:03:08:   code: 'EADDRINUSE',
2025-03-07 23:03:08:   errno: -98,
2025-03-07 23:03:08:   syscall: 'listen',
2025-03-07 23:03:08:   address: '::',
2025-03-07 23:03:08:   port: 3000
2025-03-07 23:03:08: }
2025-03-07 23:03:09: [2025-03-07T23:03:09.211Z] [AI-WARROOM] [WARN] OpenRouter API key not provided. AI agents will not be available.
2025-03-07 23:03:09: [2025-03-07T23:03:09.225Z] [AI-WARROOM] [ERROR] Static path does not exist: /root/code-server/dist/node/src/browser/pages
2025-03-07 23:03:09: Error: listen EADDRINUSE: address already in use :::3000
2025-03-07 23:03:09:     at Server.setupListenHandle [as _listen2] (node:net:1902:16)
2025-03-07 23:03:09:     at listenInCluster (node:net:1959:12)
2025-03-07 23:03:09:     at Server.listen (node:net:2061:7)
2025-03-07 23:03:09:     at HttpServer.start (/root/code-server/dist/node/server.js:81:21)
2025-03-07 23:03:09:     at Object.<anonymous> (/root/code-server/dist/node/server.js:93:13)
2025-03-07 23:03:09:     at Module._compile (node:internal/modules/cjs/loader:1469:14)
2025-03-07 23:03:09:     at Module._extensions..js (node:internal/modules/cjs/loader:1548:10)
2025-03-07 23:03:09:     at Module.load (node:internal/modules/cjs/loader:1288:32)
2025-03-07 23:03:09:     at Module._load (node:internal/modules/cjs/loader:1104:12)
2025-03-07 23:03:09:     at Object.<anonymous> (/usr/local/lib/node_modules/pm2/lib/ProcessContainerFork.js:33:23) {
2025-03-07 23:03:09:   code: 'EADDRINUSE',
2025-03-07 23:03:09:   errno: -98,
2025-03-07 23:03:09:   syscall: 'listen',
2025-03-07 23:03:09:   address: '::',
2025-03-07 23:03:09:   port: 3000
2025-03-07 23:03:09: }
2025-03-07 23:03:09: [2025-03-07T23:03:09.819Z] [AI-WARROOM] [WARN] OpenRouter API key not provided. AI agents will not be available.
2025-03-07 23:03:09: [2025-03-07T23:03:09.826Z] [AI-WARROOM] [ERROR] Static path does not exist: /root/code-server/dist/node/src/browser/pages
2025-03-07 23:03:10: [2025-03-07T23:03:10.397Z] [AI-WARROOM] [WARN] OpenRouter API key not provided. AI agents will not be available.
2025-03-07 23:03:10: [2025-03-07T23:03:10.408Z] [AI-WARROOM] [ERROR] Static path does not exist: /root/code-server/dist/node/src/browser/pages
2025-03-07 23:03:10: Error: listen EADDRINUSE: address already in use :::3000
2025-03-07 23:03:10:     at Server.setupListenHandle [as _listen2] (node:net:1902:16)
2025-03-07 23:03:10:     at listenInCluster (node:net:1959:12)
2025-03-07 23:03:10:     at Server.listen (node:net:2061:7)
2025-03-07 23:03:10:     at HttpServer.start (/root/code-server/dist/node/server.js:81:21)
2025-03-07 23:03:10:     at Object.<anonymous> (/root/code-server/dist/node/server.js:93:13)
2025-03-07 23:03:10:     at Module._compile (node:internal/modules/cjs/loader:1469:14)
2025-03-07 23:03:10:     at Module._extensions..js (node:internal/modules/cjs/loader:1548:10)
2025-03-07 23:03:10:     at Module.load (node:internal/modules/cjs/loader:1288:32)
2025-03-07 23:03:10:     at Module._load (node:internal/modules/cjs/loader:1104:12)
2025-03-07 23:03:10:     at Object.<anonymous> (/usr/local/lib/node_modules/pm2/lib/ProcessContainerFork.js:33:23) {
2025-03-07 23:03:10:   code: 'EADDRINUSE',
2025-03-07 23:03:10:   errno: -98,
2025-03-07 23:03:10:   syscall: 'listen',
2025-03-07 23:03:10:   address: '::',
2025-03-07 23:03:10:   port: 3000
2025-03-07 23:03:10: }
2025-03-07 23:03:10: [2025-03-07T23:03:10.940Z] [AI-WARROOM] [WARN] OpenRouter API key not provided. AI agents will not be available.
2025-03-07 23:03:10: [2025-03-07T23:03:10.947Z] [AI-WARROOM] [ERROR] Static path does not exist: /root/code-server/dist/node/src/browser/pages
2025-03-07 23:03:10: Error: listen EADDRINUSE: address already in use :::3000
2025-03-07 23:03:10:     at Server.setupListenHandle [as _listen2] (node:net:1902:16)
2025-03-07 23:03:10:     at listenInCluster (node:net:1959:12)
2025-03-07 23:03:10:     at Server.listen (node:net:2061:7)
2025-03-07 23:03:10:     at HttpServer.start (/root/code-server/dist/node/server.js:81:21)
2025-03-07 23:03:10:     at Object.<anonymous> (/root/code-server/dist/node/server.js:93:13)
2025-03-07 23:03:10:     at Module._compile (node:internal/modules/cjs/loader:1469:14)
2025-03-07 23:03:10:     at Module._extensions..js (node:internal/modules/cjs/loader:1548:10)
2025-03-07 23:03:10:     at Module.load (node:internal/modules/cjs/loader:1288:32)
2025-03-07 23:03:10:     at Module._load (node:internal/modules/cjs/loader:1104:12)
2025-03-07 23:03:10:     at Object.<anonymous> (/usr/local/lib/node_modules/pm2/lib/ProcessContainerFork.js:33:23) {
2025-03-07 23:03:10:   code: 'EADDRINUSE',
2025-03-07 23:03:10:   errno: -98,
2025-03-07 23:03:10:   syscall: 'listen',
2025-03-07 23:03:10:   address: '::',
2025-03-07 23:03:10:   port: 3000
2025-03-07 23:03:10: }
2025-03-07 23:03:11: [2025-03-07T23:03:11.455Z] [AI-WARROOM] [WARN] OpenRouter API key not provided. AI agents will not be available.
2025-03-07 23:03:11: [2025-03-07T23:03:11.459Z] [AI-WARROOM] [ERROR] Static path does not exist: /root/code-server/dist/node/src/browser/pages
2025-03-07 23:03:11: Error: listen EADDRINUSE: address already in use :::3000
2025-03-07 23:03:11:     at Server.setupListenHandle [as _listen2] (node:net:1902:16)
2025-03-07 23:03:11:     at listenInCluster (node:net:1959:12)
2025-03-07 23:03:11:     at Server.listen (node:net:2061:7)
2025-03-07 23:03:11:     at HttpServer.start (/root/code-server/dist/node/server.js:81:21)
2025-03-07 23:03:11:     at Object.<anonymous> (/root/code-server/dist/node/server.js:93:13)
2025-03-07 23:03:11:     at Module._compile (node:internal/modules/cjs/loader:1469:14)
2025-03-07 23:03:11:     at Module._extensions..js (node:internal/modules/cjs/loader:1548:10)
2025-03-07 23:03:11:     at Module.load (node:internal/modules/cjs/loader:1288:32)
2025-03-07 23:03:11:     at Module._load (node:internal/modules/cjs/loader:1104:12)
2025-03-07 23:03:11:     at Object.<anonymous> (/usr/local/lib/node_modules/pm2/lib/ProcessContainerFork.js:33:23) {
2025-03-07 23:03:11:   code: 'EADDRINUSE',
2025-03-07 23:03:11:   errno: -98,
2025-03-07 23:03:11:   syscall: 'listen',
2025-03-07 23:03:11:   address: '::',
2025-03-07 23:03:11:   port: 3000
2025-03-07 23:03:11: }
2025-03-07 23:03:12: [2025-03-07T23:03:11.997Z] [AI-WARROOM] [WARN] OpenRouter API key not provided. AI agents will not be available.
2025-03-07 23:03:12: [2025-03-07T23:03:12.006Z] [AI-WARROOM] [ERROR] Static path does not exist: /root/code-server/dist/node/src/browser/pages
2025-03-07 23:03:12: Error: listen EADDRINUSE: address already in use :::3000
2025-03-07 23:03:12:     at Server.setupListenHandle [as _listen2] (node:net:1902:16)
2025-03-07 23:03:12:     at listenInCluster (node:net:1959:12)
2025-03-07 23:03:12:     at Server.listen (node:net:2061:7)
2025-03-07 23:03:12:     at HttpServer.start (/root/code-server/dist/node/server.js:81:21)
2025-03-07 23:03:12:     at Object.<anonymous> (/root/code-server/dist/node/server.js:93:13)
2025-03-07 23:03:12:     at Module._compile (node:internal/modules/cjs/loader:1469:14)
2025-03-07 23:03:12:     at Module._extensions..js (node:internal/modules/cjs/loader:1548:10)
2025-03-07 23:03:12:     at Module.load (node:internal/modules/cjs/loader:1288:32)
2025-03-07 23:03:12:     at Module._load (node:internal/modules/cjs/loader:1104:12)
2025-03-07 23:03:12:     at Object.<anonymous> (/usr/local/lib/node_modules/pm2/lib/ProcessContainerFork.js:33:23) {
2025-03-07 23:03:12:   code: 'EADDRINUSE',
2025-03-07 23:03:12:   errno: -98,
2025-03-07 23:03:12:   syscall: 'listen',
2025-03-07 23:03:12:   address: '::',
2025-03-07 23:03:12:   port: 3000
2025-03-07 23:03:12: }
2025-03-07 23:03:12: [2025-03-07T23:03:12.559Z] [AI-WARROOM] [WARN] OpenRouter API key not provided. AI agents will not be available.
2025-03-07 23:03:12: [2025-03-07T23:03:12.576Z] [AI-WARROOM] [ERROR] Static path does not exist: /root/code-server/dist/node/src/browser/pages
2025-03-07 23:03:12: Error: listen EADDRINUSE: address already in use :::3000
2025-03-07 23:03:12:     at Server.setupListenHandle [as _listen2] (node:net:1902:16)
2025-03-07 23:03:12:     at listenInCluster (node:net:1959:12)
2025-03-07 23:03:12:     at Server.listen (node:net:2061:7)
2025-03-07 23:03:12:     at HttpServer.start (/root/code-server/dist/node/server.js:81:21)
2025-03-07 23:03:12:     at Object.<anonymous> (/root/code-server/dist/node/server.js:93:13)
2025-03-07 23:03:12:     at Module._compile (node:internal/modules/cjs/loader:1469:14)
2025-03-07 23:03:12:     at Module._extensions..js (node:internal/modules/cjs/loader:1548:10)
2025-03-07 23:03:12:     at Module.load (node:internal/modules/cjs/loader:1288:32)
2025-03-07 23:03:12:     at Module._load (node:internal/modules/cjs/loader:1104:12)
2025-03-07 23:03:12:     at Object.<anonymous> (/usr/local/lib/node_modules/pm2/lib/ProcessContainerFork.js:33:23) {
2025-03-07 23:03:12:   code: 'EADDRINUSE',
2025-03-07 23:03:12:   errno: -98,
2025-03-07 23:03:12:   syscall: 'listen',
2025-03-07 23:03:12:   address: '::',
2025-03-07 23:03:12:   port: 3000
2025-03-07 23:03:12: }
2025-03-07 23:03:13: [2025-03-07T23:03:13.116Z] [AI-WARROOM] [WARN] OpenRouter API key not provided. AI agents will not be available.
2025-03-07 23:03:13: [2025-03-07T23:03:13.121Z] [AI-WARROOM] [ERROR] Static path does not exist: /root/code-server/dist/node/src/browser/pages
2025-03-07 23:03:13: Error: listen EADDRINUSE: address already in use :::3000
2025-03-07 23:03:13:     at Server.setupListenHandle [as _listen2] (node:net:1902:16)
2025-03-07 23:03:13:     at listenInCluster (node:net:1959:12)
2025-03-07 23:03:13:     at Server.listen (node:net:2061:7)
2025-03-07 23:03:13:     at HttpServer.start (/root/code-server/dist/node/server.js:81:21)
2025-03-07 23:03:13:     at Object.<anonymous> (/root/code-server/dist/node/server.js:93:13)
2025-03-07 23:03:13:     at Module._compile (node:internal/modules/cjs/loader:1469:14)
2025-03-07 23:03:13:     at Module._extensions..js (node:internal/modules/cjs/loader:1548:10)
2025-03-07 23:03:13:     at Module.load (node:internal/modules/cjs/loader:1288:32)
2025-03-07 23:03:13:     at Module._load (node:internal/modules/cjs/loader:1104:12)
2025-03-07 23:03:13:     at Object.<anonymous> (/usr/local/lib/node_modules/pm2/lib/ProcessContainerFork.js:33:23) {
2025-03-07 23:03:13:   code: 'EADDRINUSE',
2025-03-07 23:03:13:   errno: -98,
2025-03-07 23:03:13:   syscall: 'listen',
2025-03-07 23:03:13:   address: '::',
2025-03-07 23:03:13:   port: 3000
2025-03-07 23:03:13: }
2025-03-07 23:03:13: [2025-03-07T23:03:13.671Z] [AI-WARROOM] [WARN] OpenRouter API key not provided. AI agents will not be available.
2025-03-07 23:03:13: [2025-03-07T23:03:13.675Z] [AI-WARROOM] [ERROR] Static path does not exist: /root/code-server/dist/node/src/browser/pages
2025-03-07 23:03:13: Error: listen EADDRINUSE: address already in use :::3000
2025-03-07 23:03:13:     at Server.setupListenHandle [as _listen2] (node:net:1902:16)
2025-03-07 23:03:13:     at listenInCluster (node:net:1959:12)
2025-03-07 23:03:13:     at Server.listen (node:net:2061:7)
2025-03-07 23:03:13:     at HttpServer.start (/root/code-server/dist/node/server.js:81:21)
2025-03-07 23:03:13:     at Object.<anonymous> (/root/code-server/dist/node/server.js:93:13)
2025-03-07 23:03:13:     at Module._compile (node:internal/modules/cjs/loader:1469:14)
2025-03-07 23:03:13:     at Module._extensions..js (node:internal/modules/cjs/loader:1548:10)
2025-03-07 23:03:13:     at Module.load (node:internal/modules/cjs/loader:1288:32)
2025-03-07 23:03:13:     at Module._load (node:internal/modules/cjs/loader:1104:12)
2025-03-07 23:03:13:     at Object.<anonymous> (/usr/local/lib/node_modules/pm2/lib/ProcessContainerFork.js:33:23) {
2025-03-07 23:03:13:   code: 'EADDRINUSE',
2025-03-07 23:03:13:   errno: -98,
2025-03-07 23:03:13:   syscall: 'listen',
2025-03-07 23:03:13:   address: '::',
2025-03-07 23:03:13:   port: 3000
2025-03-07 23:03:13: }
2025-03-07 23:03:14: [2025-03-07T23:03:14.296Z] [AI-WARROOM] [WARN] OpenRouter API key not provided. AI agents will not be available.
2025-03-07 23:03:14: [2025-03-07T23:03:14.303Z] [AI-WARROOM] [ERROR] Static path does not exist: /root/code-server/dist/node/src/browser/pages
2025-03-07 23:03:14: Error: listen EADDRINUSE: address already in use :::3000
2025-03-07 23:03:14:     at Server.setupListenHandle [as _listen2] (node:net:1902:16)
2025-03-07 23:03:14:     at listenInCluster (node:net:1959:12)
2025-03-07 23:03:14:     at Server.listen (node:net:2061:7)
2025-03-07 23:03:14:     at HttpServer.start (/root/code-server/dist/node/server.js:81:21)
2025-03-07 23:03:14:     at Object.<anonymous> (/root/code-server/dist/node/server.js:93:13)
2025-03-07 23:03:14:     at Module._compile (node:internal/modules/cjs/loader:1469:14)
2025-03-07 23:03:14:     at Module._extensions..js (node:internal/modules/cjs/loader:1548:10)
2025-03-07 23:03:14:     at Module.load (node:internal/modules/cjs/loader:1288:32)
2025-03-07 23:03:14:     at Module._load (node:internal/modules/cjs/loader:1104:12)
2025-03-07 23:03:14:     at Object.<anonymous> (/usr/local/lib/node_modules/pm2/lib/ProcessContainerFork.js:33:23) {
2025-03-07 23:03:14:   code: 'EADDRINUSE',
2025-03-07 23:03:14:   errno: -98,
2025-03-07 23:03:14:   syscall: 'listen',
2025-03-07 23:03:14:   address: '::',
2025-03-07 23:03:14:   port: 3000
2025-03-07 23:03:14: }
2025-03-07 23:03:14: [2025-03-07T23:03:14.926Z] [AI-WARROOM] [WARN] OpenRouter API key not provided. AI agents will not be available.
2025-03-07 23:03:14: [2025-03-07T23:03:14.935Z] [AI-WARROOM] [ERROR] Static path does not exist: /root/code-server/dist/node/src/browser/pages
2025-03-07 23:03:14: Error: listen EADDRINUSE: address already in use :::3000
2025-03-07 23:03:14:     at Server.setupListenHandle [as _listen2] (node:net:1902:16)
2025-03-07 23:03:14:     at listenInCluster (node:net:1959:12)
2025-03-07 23:03:14:     at Server.listen (node:net:2061:7)
2025-03-07 23:03:14:     at HttpServer.start (/root/code-server/dist/node/server.js:81:21)
2025-03-07 23:03:14:     at Object.<anonymous> (/root/code-server/dist/node/server.js:93:13)
2025-03-07 23:03:14:     at Module._compile (node:internal/modules/cjs/loader:1469:14)
2025-03-07 23:03:14:     at Module._extensions..js (node:internal/modules/cjs/loader:1548:10)
2025-03-07 23:03:14:     at Module.load (node:internal/modules/cjs/loader:1288:32)
2025-03-07 23:03:14:     at Module._load (node:internal/modules/cjs/loader:1104:12)
2025-03-07 23:03:14:     at Object.<anonymous> (/usr/local/lib/node_modules/pm2/lib/ProcessContainerFork.js:33:23) {
2025-03-07 23:03:14:   code: 'EADDRINUSE',
2025-03-07 23:03:14:   errno: -98,
2025-03-07 23:03:14:   syscall: 'listen',
2025-03-07 23:03:14:   address: '::',
2025-03-07 23:03:14:   port: 3000
2025-03-07 23:03:14: }
2025-03-07 23:03:15: [2025-03-07T23:03:15.600Z] [AI-WARROOM] [WARN] OpenRouter API key not provided. AI agents will not be available.
2025-03-07 23:03:15: [2025-03-07T23:03:15.606Z] [AI-WARROOM] [ERROR] Static path does not exist: /root/code-server/dist/node/src/browser/pages
2025-03-07 23:03:15: Error: listen EADDRINUSE: address already in use :::3000
2025-03-07 23:03:15:     at Server.setupListenHandle [as _listen2] (node:net:1902:16)
2025-03-07 23:03:15:     at listenInCluster (node:net:1959:12)
2025-03-07 23:03:15:     at Server.listen (node:net:2061:7)
2025-03-07 23:03:15:     at HttpServer.start (/root/code-server/dist/node/server.js:81:21)
2025-03-07 23:03:15:     at Object.<anonymous> (/root/code-server/dist/node/server.js:93:13)
2025-03-07 23:03:15:     at Module._compile (node:internal/modules/cjs/loader:1469:14)
2025-03-07 23:03:15:     at Module._extensions..js (node:internal/modules/cjs/loader:1548:10)
2025-03-07 23:03:15:     at Module.load (node:internal/modules/cjs/loader:1288:32)
2025-03-07 23:03:15:     at Module._load (node:internal/modules/cjs/loader:1104:12)
2025-03-07 23:03:15:     at Object.<anonymous> (/usr/local/lib/node_modules/pm2/lib/ProcessContainerFork.js:33:23) {
2025-03-07 23:03:15:   code: 'EADDRINUSE',
2025-03-07 23:03:15:   errno: -98,
2025-03-07 23:03:15:   syscall: 'listen',
2025-03-07 23:03:15:   address: '::',
2025-03-07 23:03:15:   port: 3000
2025-03-07 23:03:15: }
2025-03-07 23:03:16: [2025-03-07T23:03:16.331Z] [AI-WARROOM] [WARN] OpenRouter API key not provided. AI agents will not be available.
2025-03-07 23:03:16: [2025-03-07T23:03:16.352Z] [AI-WARROOM] [ERROR] Static path does not exist: /root/code-server/dist/node/src/browser/pages
2025-03-07 23:03:16: Error: listen EADDRINUSE: address already in use :::3000
2025-03-07 23:03:16:     at Server.setupListenHandle [as _listen2] (node:net:1902:16)
2025-03-07 23:03:16:     at listenInCluster (node:net:1959:12)
2025-03-07 23:03:16:     at Server.listen (node:net:2061:7)
2025-03-07 23:03:16:     at HttpServer.start (/root/code-server/dist/node/server.js:81:21)
2025-03-07 23:03:16:     at Object.<anonymous> (/root/code-server/dist/node/server.js:93:13)
2025-03-07 23:03:16:     at Module._compile (node:internal/modules/cjs/loader:1469:14)
2025-03-07 23:03:16:     at Module._extensions..js (node:internal/modules/cjs/loader:1548:10)
2025-03-07 23:03:16:     at Module.load (node:internal/modules/cjs/loader:1288:32)
2025-03-07 23:03:16:     at Module._load (node:internal/modules/cjs/loader:1104:12)
2025-03-07 23:03:16:     at Object.<anonymous> (/usr/local/lib/node_modules/pm2/lib/ProcessContainerFork.js:33:23) {
2025-03-07 23:03:16:   code: 'EADDRINUSE',
2025-03-07 23:03:16:   errno: -98,
2025-03-07 23:03:16:   syscall: 'listen',
2025-03-07 23:03:16:   address: '::',
2025-03-07 23:03:16:   port: 3000
2025-03-07 23:03:16: }
2025-03-07 23:03:16: [2025-03-07T23:03:16.941Z] [AI-WARROOM] [WARN] OpenRouter API key not provided. AI agents will not be available.
2025-03-07 23:03:16: [2025-03-07T23:03:16.946Z] [AI-WARROOM] [ERROR] Static path does not exist: /root/code-server/dist/node/src/browser/pages
2025-03-07 23:03:16: Error: listen EADDRINUSE: address already in use :::3000
2025-03-07 23:03:16:     at Server.setupListenHandle [as _listen2] (node:net:1902:16)
2025-03-07 23:03:16:     at listenInCluster (node:net:1959:12)
2025-03-07 23:03:16:     at Server.listen (node:net:2061:7)
2025-03-07 23:03:16:     at HttpServer.start (/root/code-server/dist/node/server.js:81:21)
2025-03-07 23:03:16:     at Object.<anonymous> (/root/code-server/dist/node/server.js:93:13)
2025-03-07 23:03:16:     at Module._compile (node:internal/modules/cjs/loader:1469:14)
2025-03-07 23:03:16:     at Module._extensions..js (node:internal/modules/cjs/loader:1548:10)
2025-03-07 23:03:16:     at Module.load (node:internal/modules/cjs/loader:1288:32)
2025-03-07 23:03:16:     at Module._load (node:internal/modules/cjs/loader:1104:12)
2025-03-07 23:03:16:     at Object.<anonymous> (/usr/local/lib/node_modules/pm2/lib/ProcessContainerFork.js:33:23) {
2025-03-07 23:03:16:   code: 'EADDRINUSE',
2025-03-07 23:03:16:   errno: -98,
2025-03-07 23:03:16:   syscall: 'listen',
2025-03-07 23:03:16:   address: '::',
2025-03-07 23:03:16:   port: 3000
2025-03-07 23:03:16: }
2025-03-07 23:03:17: [2025-03-07T23:03:17.573Z] [AI-WARROOM] [WARN] OpenRouter API key not provided. AI agents will not be available.
2025-03-07 23:03:17: [2025-03-07T23:03:17.578Z] [AI-WARROOM] [ERROR] Static path does not exist: /root/code-server/dist/node/src/browser/pages
2025-03-07 23:03:17: Error: listen EADDRINUSE: address already in use :::3000
2025-03-07 23:03:17:     at Server.setupListenHandle [as _listen2] (node:net:1902:16)
2025-03-07 23:03:17:     at listenInCluster (node:net:1959:12)
2025-03-07 23:03:17:     at Server.listen (node:net:2061:7)
2025-03-07 23:03:17:     at HttpServer.start (/root/code-server/dist/node/server.js:81:21)
2025-03-07 23:03:17:     at Object.<anonymous> (/root/code-server/dist/node/server.js:93:13)
2025-03-07 23:03:17:     at Module._compile (node:internal/modules/cjs/loader:1469:14)
2025-03-07 23:03:17:     at Module._extensions..js (node:internal/modules/cjs/loader:1548:10)
2025-03-07 23:03:17:     at Module.load (node:internal/modules/cjs/loader:1288:32)
2025-03-07 23:03:17:     at Module._load (node:internal/modules/cjs/loader:1104:12)
2025-03-07 23:03:17:     at Object.<anonymous> (/usr/local/lib/node_modules/pm2/lib/ProcessContainerFork.js:33:23) {
2025-03-07 23:03:17:   code: 'EADDRINUSE',
2025-03-07 23:03:17:   errno: -98,
2025-03-07 23:03:17:   syscall: 'listen',
2025-03-07 23:03:17:   address: '::',
2025-03-07 23:03:17:   port: 3000
2025-03-07 23:03:17: }
2025-03-07 23:03:18: [2025-03-07T23:03:18.213Z] [AI-WARROOM] [WARN] OpenRouter API key not provided. AI agents will not be available.
2025-03-07 23:03:18: [2025-03-07T23:03:18.222Z] [AI-WARROOM] [ERROR] Static path does not exist: /root/code-server/dist/node/src/browser/pages
2025-03-07 23:03:18: Error: listen EADDRINUSE: address already in use :::3000
2025-03-07 23:03:18:     at Server.setupListenHandle [as _listen2] (node:net:1902:16)
2025-03-07 23:03:18:     at listenInCluster (node:net:1959:12)
2025-03-07 23:03:18:     at Server.listen (node:net:2061:7)
2025-03-07 23:03:18:     at HttpServer.start (/root/code-server/dist/node/server.js:81:21)
2025-03-07 23:03:18:     at Object.<anonymous> (/root/code-server/dist/node/server.js:93:13)
2025-03-07 23:03:18:     at Module._compile (node:internal/modules/cjs/loader:1469:14)
2025-03-07 23:03:18:     at Module._extensions..js (node:internal/modules/cjs/loader:1548:10)
2025-03-07 23:03:18:     at Module.load (node:internal/modules/cjs/loader:1288:32)
2025-03-07 23:03:18:     at Module._load (node:internal/modules/cjs/loader:1104:12)
2025-03-07 23:03:18:     at Object.<anonymous> (/usr/local/lib/node_modules/pm2/lib/ProcessContainerFork.js:33:23) {
2025-03-07 23:03:18:   code: 'EADDRINUSE',
2025-03-07 23:03:18:   errno: -98,
2025-03-07 23:03:18:   syscall: 'listen',
2025-03-07 23:03:18:   address: '::',
2025-03-07 23:03:18:   port: 3000
2025-03-07 23:03:18: }
2025-03-07 23:03:18: [2025-03-07T23:03:18.796Z] [AI-WARROOM] [WARN] OpenRouter API key not provided. AI agents will not be available.
2025-03-07 23:03:18: [2025-03-07T23:03:18.805Z] [AI-WARROOM] [ERROR] Static path does not exist: /root/code-server/dist/node/src/browser/pages
2025-03-07 23:03:18: Error: listen EADDRINUSE: address already in use :::3000
2025-03-07 23:03:18:     at Server.setupListenHandle [as _listen2] (node:net:1902:16)
2025-03-07 23:03:18:     at listenInCluster (node:net:1959:12)
2025-03-07 23:03:18:     at Server.listen (node:net:2061:7)
2025-03-07 23:03:18:     at HttpServer.start (/root/code-server/dist/node/server.js:81:21)
2025-03-07 23:03:18:     at Object.<anonymous> (/root/code-server/dist/node/server.js:93:13)
2025-03-07 23:03:18:     at Module._compile (node:internal/modules/cjs/loader:1469:14)
2025-03-07 23:03:18:     at Module._extensions..js (node:internal/modules/cjs/loader:1548:10)
2025-03-07 23:03:18:     at Module.load (node:internal/modules/cjs/loader:1288:32)
2025-03-07 23:03:18:     at Module._load (node:internal/modules/cjs/loader:1104:12)
2025-03-07 23:03:18:     at Object.<anonymous> (/usr/local/lib/node_modules/pm2/lib/ProcessContainerFork.js:33:23) {
2025-03-07 23:03:18:   code: 'EADDRINUSE',
2025-03-07 23:03:18:   errno: -98,
2025-03-07 23:03:18:   syscall: 'listen',
2025-03-07 23:03:18:   address: '::',
2025-03-07 23:03:18:   port: 3000
2025-03-07 23:03:18: }
2025-03-07 23:03:19: [2025-03-07T23:03:19.395Z] [AI-WARROOM] [WARN] OpenRouter API key not provided. AI agents will not be available.
2025-03-07 23:03:19: [2025-03-07T23:03:19.405Z] [AI-WARROOM] [ERROR] Static path does not exist: /root/code-server/dist/node/src/browser/pages
2025-03-07 23:03:19: Error: listen EADDRINUSE: address already in use :::3000
2025-03-07 23:03:19:     at Server.setupListenHandle [as _listen2] (node:net:1902:16)
2025-03-07 23:03:19:     at listenInCluster (node:net:1959:12)
2025-03-07 23:03:19:     at Server.listen (node:net:2061:7)
2025-03-07 23:03:19:     at HttpServer.start (/root/code-server/dist/node/server.js:81:21)
2025-03-07 23:03:19:     at Object.<anonymous> (/root/code-server/dist/node/server.js:93:13)
2025-03-07 23:03:19:     at Module._compile (node:internal/modules/cjs/loader:1469:14)
2025-03-07 23:03:19:     at Module._extensions..js (node:internal/modules/cjs/loader:1548:10)
2025-03-07 23:03:19:     at Module.load (node:internal/modules/cjs/loader:1288:32)
2025-03-07 23:03:19:     at Module._load (node:internal/modules/cjs/loader:1104:12)
2025-03-07 23:03:19:     at Object.<anonymous> (/usr/local/lib/node_modules/pm2/lib/ProcessContainerFork.js:33:23) {
2025-03-07 23:03:19:   code: 'EADDRINUSE',
2025-03-07 23:03:19:   errno: -98,
2025-03-07 23:03:19:   syscall: 'listen',
2025-03-07 23:03:19:   address: '::',
2025-03-07 23:03:19:   port: 3000
2025-03-07 23:03:19: }
2025-03-07 23:03:19: [2025-03-07T23:03:19.978Z] [AI-WARROOM] [WARN] OpenRouter API key not provided. AI agents will not be available.
2025-03-07 23:03:19: [2025-03-07T23:03:19.982Z] [AI-WARROOM] [ERROR] Static path does not exist: /root/code-server/dist/node/src/browser/pages
2025-03-07 23:03:19: Error: listen EADDRINUSE: address already in use :::3000
2025-03-07 23:03:19:     at Server.setupListenHandle [as _listen2] (node:net:1902:16)
2025-03-07 23:03:19:     at listenInCluster (node:net:1959:12)
2025-03-07 23:03:19:     at Server.listen (node:net:2061:7)
2025-03-07 23:03:19:     at HttpServer.start (/root/code-server/dist/node/server.js:81:21)
2025-03-07 23:03:19:     at Object.<anonymous> (/root/code-server/dist/node/server.js:93:13)
2025-03-07 23:03:19:     at Module._compile (node:internal/modules/cjs/loader:1469:14)
2025-03-07 23:03:19:     at Module._extensions..js (node:internal/modules/cjs/loader:1548:10)
2025-03-07 23:03:19:     at Module.load (node:internal/modules/cjs/loader:1288:32)
2025-03-07 23:03:19:     at Module._load (node:internal/modules/cjs/loader:1104:12)
2025-03-07 23:03:19:     at Object.<anonymous> (/usr/local/lib/node_modules/pm2/lib/ProcessContainerFork.js:33:23) {
2025-03-07 23:03:19:   code: 'EADDRINUSE',
2025-03-07 23:03:19:   errno: -98,
2025-03-07 23:03:19:   syscall: 'listen',
2025-03-07 23:03:19:   address: '::',
2025-03-07 23:03:19:   port: 3000
2025-03-07 23:03:19: }
2025-03-07 23:03:20: [2025-03-07T23:03:20.541Z] [AI-WARROOM] [WARN] OpenRouter API key not provided. AI agents will not be available.
2025-03-07 23:03:20: [2025-03-07T23:03:20.550Z] [AI-WARROOM] [ERROR] Static path does not exist: /root/code-server/dist/node/src/browser/pages
2025-03-07 23:03:20: Error: listen EADDRINUSE: address already in use :::3000
2025-03-07 23:03:20:     at Server.setupListenHandle [as _listen2] (node:net:1902:16)
2025-03-07 23:03:20:     at listenInCluster (node:net:1959:12)
2025-03-07 23:03:20:     at Server.listen (node:net:2061:7)
2025-03-07 23:03:20:     at HttpServer.start (/root/code-server/dist/node/server.js:81:21)
2025-03-07 23:03:20:     at Object.<anonymous> (/root/code-server/dist/node/server.js:93:13)
2025-03-07 23:03:20:     at Module._compile (node:internal/modules/cjs/loader:1469:14)
2025-03-07 23:03:20:     at Module._extensions..js (node:internal/modules/cjs/loader:1548:10)
2025-03-07 23:03:20:     at Module.load (node:internal/modules/cjs/loader:1288:32)
2025-03-07 23:03:20:     at Module._load (node:internal/modules/cjs/loader:1104:12)
2025-03-07 23:03:20:     at Object.<anonymous> (/usr/local/lib/node_modules/pm2/lib/ProcessContainerFork.js:33:23) {
2025-03-07 23:03:20:   code: 'EADDRINUSE',
2025-03-07 23:03:20:   errno: -98,
2025-03-07 23:03:20:   syscall: 'listen',
2025-03-07 23:03:20:   address: '::',
2025-03-07 23:03:20:   port: 3000
2025-03-07 23:03:20: }
2025-03-07 23:03:21: [2025-03-07T23:03:21.181Z] [AI-WARROOM] [WARN] OpenRouter API key not provided. AI agents will not be available.
2025-03-07 23:03:21: [2025-03-07T23:03:21.189Z] [AI-WARROOM] [ERROR] Static path does not exist: /root/code-server/dist/node/src/browser/pages
2025-03-07 23:03:21: Error: listen EADDRINUSE: address already in use :::3000
2025-03-07 23:03:21:     at Server.setupListenHandle [as _listen2] (node:net:1902:16)
2025-03-07 23:03:21:     at listenInCluster (node:net:1959:12)
2025-03-07 23:03:21:     at Server.listen (node:net:2061:7)
2025-03-07 23:03:21:     at HttpServer.start (/root/code-server/dist/node/server.js:81:21)
2025-03-07 23:03:21:     at Object.<anonymous> (/root/code-server/dist/node/server.js:93:13)
2025-03-07 23:03:21:     at Module._compile (node:internal/modules/cjs/loader:1469:14)
2025-03-07 23:03:21:     at Module._extensions..js (node:internal/modules/cjs/loader:1548:10)
2025-03-07 23:03:21:     at Module.load (node:internal/modules/cjs/loader:1288:32)
2025-03-07 23:03:21:     at Module._load (node:internal/modules/cjs/loader:1104:12)
2025-03-07 23:03:21:     at Object.<anonymous> (/usr/local/lib/node_modules/pm2/lib/ProcessContainerFork.js:33:23) {
2025-03-07 23:03:21:   code: 'EADDRINUSE',
2025-03-07 23:03:21:   errno: -98,
2025-03-07 23:03:21:   syscall: 'listen',
2025-03-07 23:03:21:   address: '::',
2025-03-07 23:03:21:   port: 3000
2025-03-07 23:03:21: }
2025-03-07 23:03:21: [2025-03-07T23:03:21.756Z] [AI-WARROOM] [WARN] OpenRouter API key not provided. AI agents will not be available.
2025-03-07 23:03:21: [2025-03-07T23:03:21.762Z] [AI-WARROOM] [ERROR] Static path does not exist: /root/code-server/dist/node/src/browser/pages
2025-03-07 23:03:21: Error: listen EADDRINUSE: address already in use :::3000
2025-03-07 23:03:21:     at Server.setupListenHandle [as _listen2] (node:net:1902:16)
2025-03-07 23:03:21:     at listenInCluster (node:net:1959:12)
2025-03-07 23:03:21:     at Server.listen (node:net:2061:7)
2025-03-07 23:03:21:     at HttpServer.start (/root/code-server/dist/node/server.js:81:21)
2025-03-07 23:03:21:     at Object.<anonymous> (/root/code-server/dist/node/server.js:93:13)
2025-03-07 23:03:21:     at Module._compile (node:internal/modules/cjs/loader:1469:14)
2025-03-07 23:03:21:     at Module._extensions..js (node:internal/modules/cjs/loader:1548:10)
2025-03-07 23:03:21:     at Module.load (node:internal/modules/cjs/loader:1288:32)
2025-03-07 23:03:21:     at Module._load (node:internal/modules/cjs/loader:1104:12)
2025-03-07 23:03:21:     at Object.<anonymous> (/usr/local/lib/node_modules/pm2/lib/ProcessContainerFork.js:33:23) {
2025-03-07 23:03:21:   code: 'EADDRINUSE',
2025-03-07 23:03:21:   errno: -98,
2025-03-07 23:03:21:   syscall: 'listen',
2025-03-07 23:03:21:   address: '::',
2025-03-07 23:03:21:   port: 3000
2025-03-07 23:03:21: }
2025-03-07 23:03:22: [2025-03-07T23:03:22.368Z] [AI-WARROOM] [WARN] OpenRouter API key not provided. AI agents will not be available.
2025-03-07 23:03:22: [2025-03-07T23:03:22.376Z] [AI-WARROOM] [ERROR] Static path does not exist: /root/code-server/dist/node/src/browser/pages
2025-03-07 23:03:22: Error: listen EADDRINUSE: address already in use :::3000
2025-03-07 23:03:22:     at Server.setupListenHandle [as _listen2] (node:net:1902:16)
2025-03-07 23:03:22:     at listenInCluster (node:net:1959:12)
2025-03-07 23:03:22:     at Server.listen (node:net:2061:7)
2025-03-07 23:03:22:     at HttpServer.start (/root/code-server/dist/node/server.js:81:21)
2025-03-07 23:03:22:     at Object.<anonymous> (/root/code-server/dist/node/server.js:93:13)
2025-03-07 23:03:22:     at Module._compile (node:internal/modules/cjs/loader:1469:14)
2025-03-07 23:03:22:     at Module._extensions..js (node:internal/modules/cjs/loader:1548:10)
2025-03-07 23:03:22:     at Module.load (node:internal/modules/cjs/loader:1288:32)
2025-03-07 23:03:22:     at Module._load (node:internal/modules/cjs/loader:1104:12)
2025-03-07 23:03:22:     at Object.<anonymous> (/usr/local/lib/node_modules/pm2/lib/ProcessContainerFork.js:33:23) {
2025-03-07 23:03:22:   code: 'EADDRINUSE',
2025-03-07 23:03:22:   errno: -98,
2025-03-07 23:03:22:   syscall: 'listen',
2025-03-07 23:03:22:   address: '::',
2025-03-07 23:03:22:   port: 3000
2025-03-07 23:03:22: }
2025-03-07 23:03:22: [2025-03-07T23:03:22.947Z] [AI-WARROOM] [WARN] OpenRouter API key not provided. AI agents will not be available.
2025-03-07 23:03:22: [2025-03-07T23:03:22.952Z] [AI-WARROOM] [ERROR] Static path does not exist: /root/code-server/dist/node/src/browser/pages
2025-03-07 23:03:22: Error: listen EADDRINUSE: address already in use :::3000
2025-03-07 23:03:22:     at Server.setupListenHandle [as _listen2] (node:net:1902:16)
2025-03-07 23:03:22:     at listenInCluster (node:net:1959:12)
2025-03-07 23:03:22:     at Server.listen (node:net:2061:7)
2025-03-07 23:03:22:     at HttpServer.start (/root/code-server/dist/node/server.js:81:21)
2025-03-07 23:03:22:     at Object.<anonymous> (/root/code-server/dist/node/server.js:93:13)
2025-03-07 23:03:22:     at Module._compile (node:internal/modules/cjs/loader:1469:14)
2025-03-07 23:03:22:     at Module._extensions..js (node:internal/modules/cjs/loader:1548:10)
2025-03-07 23:03:22:     at Module.load (node:internal/modules/cjs/loader:1288:32)
2025-03-07 23:03:22:     at Module._load (node:internal/modules/cjs/loader:1104:12)
2025-03-07 23:03:22:     at Object.<anonymous> (/usr/local/lib/node_modules/pm2/lib/ProcessContainerFork.js:33:23) {
2025-03-07 23:03:22:   code: 'EADDRINUSE',
2025-03-07 23:03:22:   errno: -98,
2025-03-07 23:03:22:   syscall: 'listen',
2025-03-07 23:03:22:   address: '::',
2025-03-07 23:03:22:   port: 3000
2025-03-07 23:03:22: }
2025-03-07 23:03:23: [2025-03-07T23:03:23.493Z] [AI-WARROOM] [WARN] OpenRouter API key not provided. AI agents will not be available.
2025-03-07 23:03:23: [2025-03-07T23:03:23.500Z] [AI-WARROOM] [ERROR] Static path does not exist: /root/code-server/dist/node/src/browser/pages
2025-03-07 23:03:23: Error: listen EADDRINUSE: address already in use :::3000
2025-03-07 23:03:23:     at Server.setupListenHandle [as _listen2] (node:net:1902:16)
2025-03-07 23:03:23:     at listenInCluster (node:net:1959:12)
2025-03-07 23:03:23:     at Server.listen (node:net:2061:7)
2025-03-07 23:03:23:     at HttpServer.start (/root/code-server/dist/node/server.js:81:21)
2025-03-07 23:03:23:     at Object.<anonymous> (/root/code-server/dist/node/server.js:93:13)
2025-03-07 23:03:23:     at Module._compile (node:internal/modules/cjs/loader:1469:14)
2025-03-07 23:03:23:     at Module._extensions..js (node:internal/modules/cjs/loader:1548:10)
2025-03-07 23:03:23:     at Module.load (node:internal/modules/cjs/loader:1288:32)
2025-03-07 23:03:23:     at Module._load (node:internal/modules/cjs/loader:1104:12)
2025-03-07 23:03:23:     at Object.<anonymous> (/usr/local/lib/node_modules/pm2/lib/ProcessContainerFork.js:33:23) {
2025-03-07 23:03:23:   code: 'EADDRINUSE',
2025-03-07 23:03:23:   errno: -98,
2025-03-07 23:03:23:   syscall: 'listen',
2025-03-07 23:03:23:   address: '::',
2025-03-07 23:03:23:   port: 3000
2025-03-07 23:03:23: }
2025-03-07 23:03:24: [2025-03-07T23:03:24.058Z] [AI-WARROOM] [WARN] OpenRouter API key not provided. AI agents will not be available.
2025-03-07 23:03:24: [2025-03-07T23:03:24.070Z] [AI-WARROOM] [ERROR] Static path does not exist: /root/code-server/dist/node/src/browser/pages
2025-03-07 23:03:24: Error: listen EADDRINUSE: address already in use :::3000
2025-03-07 23:03:24:     at Server.setupListenHandle [as _listen2] (node:net:1902:16)
2025-03-07 23:03:24:     at listenInCluster (node:net:1959:12)
2025-03-07 23:03:24:     at Server.listen (node:net:2061:7)
2025-03-07 23:03:24:     at HttpServer.start (/root/code-server/dist/node/server.js:81:21)
2025-03-07 23:03:24:     at Object.<anonymous> (/root/code-server/dist/node/server.js:93:13)
2025-03-07 23:03:24:     at Module._compile (node:internal/modules/cjs/loader:1469:14)
2025-03-07 23:03:24:     at Module._extensions..js (node:internal/modules/cjs/loader:1548:10)
2025-03-07 23:03:24:     at Module.load (node:internal/modules/cjs/loader:1288:32)
2025-03-07 23:03:24:     at Module._load (node:internal/modules/cjs/loader:1104:12)
2025-03-07 23:03:24:     at Object.<anonymous> (/usr/local/lib/node_modules/pm2/lib/ProcessContainerFork.js:33:23) {
2025-03-07 23:03:24:   code: 'EADDRINUSE',
2025-03-07 23:03:24:   errno: -98,
2025-03-07 23:03:24:   syscall: 'listen',
2025-03-07 23:03:24:   address: '::',
2025-03-07 23:03:24:   port: 3000
2025-03-07 23:03:24: }
2025-03-07 23:03:24: [2025-03-07T23:03:24.647Z] [AI-WARROOM] [WARN] OpenRouter API key not provided. AI agents will not be available.
2025-03-07 23:03:24: [2025-03-07T23:03:24.652Z] [AI-WARROOM] [ERROR] Static path does not exist: /root/code-server/dist/node/src/browser/pages
2025-03-07 23:03:24: Error: listen EADDRINUSE: address already in use :::3000
2025-03-07 23:03:24:     at Server.setupListenHandle [as _listen2] (node:net:1902:16)
2025-03-07 23:03:24:     at listenInCluster (node:net:1959:12)
2025-03-07 23:03:24:     at Server.listen (node:net:2061:7)
2025-03-07 23:03:24:     at HttpServer.start (/root/code-server/dist/node/server.js:81:21)
2025-03-07 23:03:24:     at Object.<anonymous> (/root/code-server/dist/node/server.js:93:13)
2025-03-07 23:03:24:     at Module._compile (node:internal/modules/cjs/loader:1469:14)
2025-03-07 23:03:24:     at Module._extensions..js (node:internal/modules/cjs/loader:1548:10)
2025-03-07 23:03:24:     at Module.load (node:internal/modules/cjs/loader:1288:32)
2025-03-07 23:03:24:     at Module._load (node:internal/modules/cjs/loader:1104:12)
2025-03-07 23:03:24:     at Object.<anonymous> (/usr/local/lib/node_modules/pm2/lib/ProcessContainerFork.js:33:23) {
2025-03-07 23:03:24:   code: 'EADDRINUSE',
2025-03-07 23:03:24:   errno: -98,
2025-03-07 23:03:24:   syscall: 'listen',
2025-03-07 23:03:24:   address: '::',
2025-03-07 23:03:24:   port: 3000
2025-03-07 23:03:24: }
2025-03-07 23:03:25: [2025-03-07T23:03:25.275Z] [AI-WARROOM] [WARN] OpenRouter API key not provided. AI agents will not be available.
2025-03-07 23:03:25: [2025-03-07T23:03:25.281Z] [AI-WARROOM] [ERROR] Static path does not exist: /root/code-server/dist/node/src/browser/pages
2025-03-07 23:03:25: Error: listen EADDRINUSE: address already in use :::3000
2025-03-07 23:03:25:     at Server.setupListenHandle [as _listen2] (node:net:1902:16)
2025-03-07 23:03:25:     at listenInCluster (node:net:1959:12)
2025-03-07 23:03:25:     at Server.listen (node:net:2061:7)
2025-03-07 23:03:25:     at HttpServer.start (/root/code-server/dist/node/server.js:81:21)
2025-03-07 23:03:25:     at Object.<anonymous> (/root/code-server/dist/node/server.js:93:13)
2025-03-07 23:03:25:     at Module._compile (node:internal/modules/cjs/loader:1469:14)
2025-03-07 23:03:25:     at Module._extensions..js (node:internal/modules/cjs/loader:1548:10)
2025-03-07 23:03:25:     at Module.load (node:internal/modules/cjs/loader:1288:32)
2025-03-07 23:03:25:     at Module._load (node:internal/modules/cjs/loader:1104:12)
2025-03-07 23:03:25:     at Object.<anonymous> (/usr/local/lib/node_modules/pm2/lib/ProcessContainerFork.js:33:23) {
2025-03-07 23:03:25:   code: 'EADDRINUSE',
2025-03-07 23:03:25:   errno: -98,
2025-03-07 23:03:25:   syscall: 'listen',
2025-03-07 23:03:25:   address: '::',
2025-03-07 23:03:25:   port: 3000
2025-03-07 23:03:25: }
2025-03-07 23:03:25: [2025-03-07T23:03:25.929Z] [AI-WARROOM] [WARN] OpenRouter API key not provided. AI agents will not be available.
2025-03-07 23:03:25: [2025-03-07T23:03:25.943Z] [AI-WARROOM] [ERROR] Static path does not exist: /root/code-server/dist/node/src/browser/pages
2025-03-07 23:03:25: Error: listen EADDRINUSE: address already in use :::3000
2025-03-07 23:03:25:     at Server.setupListenHandle [as _listen2] (node:net:1902:16)
2025-03-07 23:03:25:     at listenInCluster (node:net:1959:12)
2025-03-07 23:03:25:     at Server.listen (node:net:2061:7)
2025-03-07 23:03:25:     at HttpServer.start (/root/code-server/dist/node/server.js:81:21)
2025-03-07 23:03:25:     at Object.<anonymous> (/root/code-server/dist/node/server.js:93:13)
2025-03-07 23:03:25:     at Module._compile (node:internal/modules/cjs/loader:1469:14)
2025-03-07 23:03:25:     at Module._extensions..js (node:internal/modules/cjs/loader:1548:10)
2025-03-07 23:03:25:     at Module.load (node:internal/modules/cjs/loader:1288:32)
2025-03-07 23:03:25:     at Module._load (node:internal/modules/cjs/loader:1104:12)
2025-03-07 23:03:25:     at Object.<anonymous> (/usr/local/lib/node_modules/pm2/lib/ProcessContainerFork.js:33:23) {
2025-03-07 23:03:25:   code: 'EADDRINUSE',
2025-03-07 23:03:25:   errno: -98,
2025-03-07 23:03:25:   syscall: 'listen',
2025-03-07 23:03:25:   address: '::',
2025-03-07 23:03:25:   port: 3000
2025-03-07 23:03:25: }
2025-03-07 23:03:26: [2025-03-07T23:03:26.595Z] [AI-WARROOM] [WARN] OpenRouter API key not provided. AI agents will not be available.
2025-03-07 23:03:26: [2025-03-07T23:03:26.610Z] [AI-WARROOM] [ERROR] Static path does not exist: /root/code-server/dist/node/src/browser/pages
2025-03-07 23:03:26: Error: listen EADDRINUSE: address already in use :::3000
2025-03-07 23:03:26:     at Server.setupListenHandle [as _listen2] (node:net:1902:16)
2025-03-07 23:03:26:     at listenInCluster (node:net:1959:12)
2025-03-07 23:03:26:     at Server.listen (node:net:2061:7)
2025-03-07 23:03:26:     at HttpServer.start (/root/code-server/dist/node/server.js:81:21)
2025-03-07 23:03:26:     at Object.<anonymous> (/root/code-server/dist/node/server.js:93:13)
2025-03-07 23:03:26:     at Module._compile (node:internal/modules/cjs/loader:1469:14)
2025-03-07 23:03:26:     at Module._extensions..js (node:internal/modules/cjs/loader:1548:10)
2025-03-07 23:03:26:     at Module.load (node:internal/modules/cjs/loader:1288:32)
2025-03-07 23:03:26:     at Module._load (node:internal/modules/cjs/loader:1104:12)
2025-03-07 23:03:26:     at Object.<anonymous> (/usr/local/lib/node_modules/pm2/lib/ProcessContainerFork.js:33:23) {
2025-03-07 23:03:26:   code: 'EADDRINUSE',
2025-03-07 23:03:26:   errno: -98,
2025-03-07 23:03:26:   syscall: 'listen',
2025-03-07 23:03:26:   address: '::',
2025-03-07 23:03:26:   port: 3000
2025-03-07 23:03:26: }
2025-03-07 23:03:27: [2025-03-07T23:03:27.222Z] [AI-WARROOM] [WARN] OpenRouter API key not provided. AI agents will not be available.
2025-03-07 23:03:27: [2025-03-07T23:03:27.228Z] [AI-WARROOM] [ERROR] Static path does not exist: /root/code-server/dist/node/src/browser/pages
2025-03-07 23:03:27: Error: listen EADDRINUSE: address already in use :::3000
2025-03-07 23:03:27:     at Server.setupListenHandle [as _listen2] (node:net:1902:16)
2025-03-07 23:03:27:     at listenInCluster (node:net:1959:12)
2025-03-07 23:03:27:     at Server.listen (node:net:2061:7)
2025-03-07 23:03:27:     at HttpServer.start (/root/code-server/dist/node/server.js:81:21)
2025-03-07 23:03:27:     at Object.<anonymous> (/root/code-server/dist/node/server.js:93:13)
2025-03-07 23:03:27:     at Module._compile (node:internal/modules/cjs/loader:1469:14)
2025-03-07 23:03:27:     at Module._extensions..js (node:internal/modules/cjs/loader:1548:10)
2025-03-07 23:03:27:     at Module.load (node:internal/modules/cjs/loader:1288:32)
2025-03-07 23:03:27:     at Module._load (node:internal/modules/cjs/loader:1104:12)
2025-03-07 23:03:27:     at Object.<anonymous> (/usr/local/lib/node_modules/pm2/lib/ProcessContainerFork.js:33:23) {
2025-03-07 23:03:27:   code: 'EADDRINUSE',
2025-03-07 23:03:27:   errno: -98,
2025-03-07 23:03:27:   syscall: 'listen',
2025-03-07 23:03:27:   address: '::',
2025-03-07 23:03:27:   port: 3000
2025-03-07 23:03:27: }
2025-03-07 23:03:27: [2025-03-07T23:03:27.851Z] [AI-WARROOM] [WARN] OpenRouter API key not provided. AI agents will not be available.
2025-03-07 23:03:27: [2025-03-07T23:03:27.857Z] [AI-WARROOM] [ERROR] Static path does not exist: /root/code-server/dist/node/src/browser/pages
2025-03-07 23:03:27: Error: listen EADDRINUSE: address already in use :::3000
2025-03-07 23:03:27:     at Server.setupListenHandle [as _listen2] (node:net:1902:16)
2025-03-07 23:03:27:     at listenInCluster (node:net:1959:12)
2025-03-07 23:03:27:     at Server.listen (node:net:2061:7)
2025-03-07 23:03:27:     at HttpServer.start (/root/code-server/dist/node/server.js:81:21)
2025-03-07 23:03:27:     at Object.<anonymous> (/root/code-server/dist/node/server.js:93:13)
2025-03-07 23:03:27:     at Module._compile (node:internal/modules/cjs/loader:1469:14)
2025-03-07 23:03:27:     at Module._extensions..js (node:internal/modules/cjs/loader:1548:10)
2025-03-07 23:03:27:     at Module.load (node:internal/modules/cjs/loader:1288:32)
2025-03-07 23:03:27:     at Module._load (node:internal/modules/cjs/loader:1104:12)
2025-03-07 23:03:27:     at Object.<anonymous> (/usr/local/lib/node_modules/pm2/lib/ProcessContainerFork.js:33:23) {
2025-03-07 23:03:27:   code: 'EADDRINUSE',
2025-03-07 23:03:27:   errno: -98,
2025-03-07 23:03:27:   syscall: 'listen',
2025-03-07 23:03:27:   address: '::',
2025-03-07 23:03:27:   port: 3000
2025-03-07 23:03:27: }
2025-03-07 23:03:28: [2025-03-07T23:03:28.500Z] [AI-WARROOM] [WARN] OpenRouter API key not provided. AI agents will not be available.
2025-03-07 23:03:28: [2025-03-07T23:03:28.509Z] [AI-WARROOM] [ERROR] Static path does not exist: /root/code-server/dist/node/src/browser/pages
2025-03-07 23:03:28: Error: listen EADDRINUSE: address already in use :::3000
2025-03-07 23:03:28:     at Server.setupListenHandle [as _listen2] (node:net:1902:16)
2025-03-07 23:03:28:     at listenInCluster (node:net:1959:12)
2025-03-07 23:03:28:     at Server.listen (node:net:2061:7)
2025-03-07 23:03:28:     at HttpServer.start (/root/code-server/dist/node/server.js:81:21)
2025-03-07 23:03:28:     at Object.<anonymous> (/root/code-server/dist/node/server.js:93:13)
2025-03-07 23:03:28:     at Module._compile (node:internal/modules/cjs/loader:1469:14)
2025-03-07 23:03:28:     at Module._extensions..js (node:internal/modules/cjs/loader:1548:10)
2025-03-07 23:03:28:     at Module.load (node:internal/modules/cjs/loader:1288:32)
2025-03-07 23:03:28:     at Module._load (node:internal/modules/cjs/loader:1104:12)
2025-03-07 23:03:28:     at Object.<anonymous> (/usr/local/lib/node_modules/pm2/lib/ProcessContainerFork.js:33:23) {
2025-03-07 23:03:28:   code: 'EADDRINUSE',
2025-03-07 23:03:28:   errno: -98,
2025-03-07 23:03:28:   syscall: 'listen',
2025-03-07 23:03:28:   address: '::',
2025-03-07 23:03:28:   port: 3000
2025-03-07 23:03:28: }
2025-03-07 23:03:29: [2025-03-07T23:03:29.204Z] [AI-WARROOM] [WARN] OpenRouter API key not provided. AI agents will not be available.
2025-03-07 23:03:29: [2025-03-07T23:03:29.213Z] [AI-WARROOM] [ERROR] Static path does not exist: /root/code-server/dist/node/src/browser/pages
2025-03-07 23:03:29: Error: listen EADDRINUSE: address already in use :::3000
2025-03-07 23:03:29:     at Server.setupListenHandle [as _listen2] (node:net:1902:16)
2025-03-07 23:03:29:     at listenInCluster (node:net:1959:12)
2025-03-07 23:03:29:     at Server.listen (node:net:2061:7)
2025-03-07 23:03:29:     at HttpServer.start (/root/code-server/dist/node/server.js:81:21)
2025-03-07 23:03:29:     at Object.<anonymous> (/root/code-server/dist/node/server.js:93:13)
2025-03-07 23:03:29:     at Module._compile (node:internal/modules/cjs/loader:1469:14)
2025-03-07 23:03:29:     at Module._extensions..js (node:internal/modules/cjs/loader:1548:10)
2025-03-07 23:03:29:     at Module.load (node:internal/modules/cjs/loader:1288:32)
2025-03-07 23:03:29:     at Module._load (node:internal/modules/cjs/loader:1104:12)
2025-03-07 23:03:29:     at Object.<anonymous> (/usr/local/lib/node_modules/pm2/lib/ProcessContainerFork.js:33:23) {
2025-03-07 23:03:29:   code: 'EADDRINUSE',
2025-03-07 23:03:29:   errno: -98,
2025-03-07 23:03:29:   syscall: 'listen',
2025-03-07 23:03:29:   address: '::',
2025-03-07 23:03:29:   port: 3000
2025-03-07 23:03:29: }
2025-03-07 23:03:29: [2025-03-07T23:03:29.903Z] [AI-WARROOM] [WARN] OpenRouter API key not provided. AI agents will not be available.
2025-03-07 23:03:29: [2025-03-07T23:03:29.910Z] [AI-WARROOM] [ERROR] Static path does not exist: /root/code-server/dist/node/src/browser/pages
2025-03-07 23:03:29: Error: listen EADDRINUSE: address already in use :::3000
2025-03-07 23:03:29:     at Server.setupListenHandle [as _listen2] (node:net:1902:16)
2025-03-07 23:03:29:     at listenInCluster (node:net:1959:12)
2025-03-07 23:03:29:     at Server.listen (node:net:2061:7)
2025-03-07 23:03:29:     at HttpServer.start (/root/code-server/dist/node/server.js:81:21)
2025-03-07 23:03:29:     at Object.<anonymous> (/root/code-server/dist/node/server.js:93:13)
2025-03-07 23:03:29:     at Module._compile (node:internal/modules/cjs/loader:1469:14)
2025-03-07 23:03:29:     at Module._extensions..js (node:internal/modules/cjs/loader:1548:10)
2025-03-07 23:03:29:     at Module.load (node:internal/modules/cjs/loader:1288:32)
2025-03-07 23:03:29:     at Module._load (node:internal/modules/cjs/loader:1104:12)
2025-03-07 23:03:29:     at Object.<anonymous> (/usr/local/lib/node_modules/pm2/lib/ProcessContainerFork.js:33:23) {
2025-03-07 23:03:29:   code: 'EADDRINUSE',
2025-03-07 23:03:29:   errno: -98,
2025-03-07 23:03:29:   syscall: 'listen',
2025-03-07 23:03:29:   address: '::',
2025-03-07 23:03:29:   port: 3000
2025-03-07 23:03:29: }
2025-03-07 23:03:30: [2025-03-07T23:03:30.614Z] [AI-WARROOM] [WARN] OpenRouter API key not provided. AI agents will not be available.
2025-03-07 23:03:30: [2025-03-07T23:03:30.628Z] [AI-WARROOM] [ERROR] Static path does not exist: /root/code-server/dist/node/src/browser/pages
2025-03-07 23:03:30: Error: listen EADDRINUSE: address already in use :::3000
2025-03-07 23:03:30:     at Server.setupListenHandle [as _listen2] (node:net:1902:16)
2025-03-07 23:03:30:     at listenInCluster (node:net:1959:12)
2025-03-07 23:03:30:     at Server.listen (node:net:2061:7)
2025-03-07 23:03:30:     at HttpServer.start (/root/code-server/dist/node/server.js:81:21)
2025-03-07 23:03:30:     at Object.<anonymous> (/root/code-server/dist/node/server.js:93:13)
2025-03-07 23:03:30:     at Module._compile (node:internal/modules/cjs/loader:1469:14)
2025-03-07 23:03:30:     at Module._extensions..js (node:internal/modules/cjs/loader:1548:10)
2025-03-07 23:03:30:     at Module.load (node:internal/modules/cjs/loader:1288:32)
2025-03-07 23:03:30:     at Module._load (node:internal/modules/cjs/loader:1104:12)
2025-03-07 23:03:30:     at Object.<anonymous> (/usr/local/lib/node_modules/pm2/lib/ProcessContainerFork.js:33:23) {
2025-03-07 23:03:30:   code: 'EADDRINUSE',
2025-03-07 23:03:30:   errno: -98,
2025-03-07 23:03:30:   syscall: 'listen',
2025-03-07 23:03:30:   address: '::',
2025-03-07 23:03:30:   port: 3000
2025-03-07 23:03:30: }
2025-03-07 23:03:31: [2025-03-07T23:03:31.220Z] [AI-WARROOM] [WARN] OpenRouter API key not provided. AI agents will not be available.
2025-03-07 23:03:31: [2025-03-07T23:03:31.236Z] [AI-WARROOM] [ERROR] Static path does not exist: /root/code-server/dist/node/src/browser/pages
2025-03-07 23:03:31: Error: listen EADDRINUSE: address already in use :::3000
2025-03-07 23:03:31:     at Server.setupListenHandle [as _listen2] (node:net:1902:16)
2025-03-07 23:03:31:     at listenInCluster (node:net:1959:12)
2025-03-07 23:03:31:     at Server.listen (node:net:2061:7)
2025-03-07 23:03:31:     at HttpServer.start (/root/code-server/dist/node/server.js:81:21)
2025-03-07 23:03:31:     at Object.<anonymous> (/root/code-server/dist/node/server.js:93:13)
2025-03-07 23:03:31:     at Module._compile (node:internal/modules/cjs/loader:1469:14)
2025-03-07 23:03:31:     at Module._extensions..js (node:internal/modules/cjs/loader:1548:10)
2025-03-07 23:03:31:     at Module.load (node:internal/modules/cjs/loader:1288:32)
2025-03-07 23:03:31:     at Module._load (node:internal/modules/cjs/loader:1104:12)
2025-03-07 23:03:31:     at Object.<anonymous> (/usr/local/lib/node_modules/pm2/lib/ProcessContainerFork.js:33:23) {
2025-03-07 23:03:31:   code: 'EADDRINUSE',
2025-03-07 23:03:31:   errno: -98,
2025-03-07 23:03:31:   syscall: 'listen',
2025-03-07 23:03:31:   address: '::',
2025-03-07 23:03:31:   port: 3000
2025-03-07 23:03:31: }
2025-03-07 23:03:31: [2025-03-07T23:03:31.835Z] [AI-WARROOM] [WARN] OpenRouter API key not provided. AI agents will not be available.
2025-03-07 23:03:31: [2025-03-07T23:03:31.841Z] [AI-WARROOM] [ERROR] Static path does not exist: /root/code-server/dist/node/src/browser/pages
2025-03-07 23:03:31: Error: listen EADDRINUSE: address already in use :::3000
2025-03-07 23:03:31:     at Server.setupListenHandle [as _listen2] (node:net:1902:16)
2025-03-07 23:03:31:     at listenInCluster (node:net:1959:12)
2025-03-07 23:03:31:     at Server.listen (node:net:2061:7)
2025-03-07 23:03:31:     at HttpServer.start (/root/code-server/dist/node/server.js:81:21)
2025-03-07 23:03:31:     at Object.<anonymous> (/root/code-server/dist/node/server.js:93:13)
2025-03-07 23:03:31:     at Module._compile (node:internal/modules/cjs/loader:1469:14)
2025-03-07 23:03:31:     at Module._extensions..js (node:internal/modules/cjs/loader:1548:10)
2025-03-07 23:03:31:     at Module.load (node:internal/modules/cjs/loader:1288:32)
2025-03-07 23:03:31:     at Module._load (node:internal/modules/cjs/loader:1104:12)
2025-03-07 23:03:31:     at Object.<anonymous> (/usr/local/lib/node_modules/pm2/lib/ProcessContainerFork.js:33:23) {
2025-03-07 23:03:31:   code: 'EADDRINUSE',
2025-03-07 23:03:31:   errno: -98,
2025-03-07 23:03:31:   syscall: 'listen',
2025-03-07 23:03:31:   address: '::',
2025-03-07 23:03:31:   port: 3000
2025-03-07 23:03:31: }
2025-03-07 23:03:32: [2025-03-07T23:03:32.466Z] [AI-WARROOM] [WARN] OpenRouter API key not provided. AI agents will not be available.
2025-03-07 23:03:32: [2025-03-07T23:03:32.474Z] [AI-WARROOM] [ERROR] Static path does not exist: /root/code-server/dist/node/src/browser/pages
2025-03-07 23:03:32: Error: listen EADDRINUSE: address already in use :::3000
2025-03-07 23:03:32:     at Server.setupListenHandle [as _listen2] (node:net:1902:16)
2025-03-07 23:03:32:     at listenInCluster (node:net:1959:12)
2025-03-07 23:03:32:     at Server.listen (node:net:2061:7)
2025-03-07 23:03:32:     at HttpServer.start (/root/code-server/dist/node/server.js:81:21)
2025-03-07 23:03:32:     at Object.<anonymous> (/root/code-server/dist/node/server.js:93:13)
2025-03-07 23:03:32:     at Module._compile (node:internal/modules/cjs/loader:1469:14)
2025-03-07 23:03:32:     at Module._extensions..js (node:internal/modules/cjs/loader:1548:10)
2025-03-07 23:03:32:     at Module.load (node:internal/modules/cjs/loader:1288:32)
2025-03-07 23:03:32:     at Module._load (node:internal/modules/cjs/loader:1104:12)
2025-03-07 23:03:32:     at Object.<anonymous> (/usr/local/lib/node_modules/pm2/lib/ProcessContainerFork.js:33:23) {
2025-03-07 23:03:32:   code: 'EADDRINUSE',
2025-03-07 23:03:32:   errno: -98,
2025-03-07 23:03:32:   syscall: 'listen',
2025-03-07 23:03:32:   address: '::',
2025-03-07 23:03:32:   port: 3000
2025-03-07 23:03:32: }
2025-03-07 23:03:33: [2025-03-07T23:03:33.039Z] [AI-WARROOM] [WARN] OpenRouter API key not provided. AI agents will not be available.
2025-03-07 23:03:33: [2025-03-07T23:03:33.043Z] [AI-WARROOM] [ERROR] Static path does not exist: /root/code-server/dist/node/src/browser/pages
2025-03-07 23:03:33: Error: listen EADDRINUSE: address already in use :::3000
2025-03-07 23:03:33:     at Server.setupListenHandle [as _listen2] (node:net:1902:16)
2025-03-07 23:03:33:     at listenInCluster (node:net:1959:12)
2025-03-07 23:03:33:     at Server.listen (node:net:2061:7)
2025-03-07 23:03:33:     at HttpServer.start (/root/code-server/dist/node/server.js:81:21)
2025-03-07 23:03:33:     at Object.<anonymous> (/root/code-server/dist/node/server.js:93:13)
2025-03-07 23:03:33:     at Module._compile (node:internal/modules/cjs/loader:1469:14)
2025-03-07 23:03:33:     at Module._extensions..js (node:internal/modules/cjs/loader:1548:10)
2025-03-07 23:03:33:     at Module.load (node:internal/modules/cjs/loader:1288:32)
2025-03-07 23:03:33:     at Module._load (node:internal/modules/cjs/loader:1104:12)
2025-03-07 23:03:33:     at Object.<anonymous> (/usr/local/lib/node_modules/pm2/lib/ProcessContainerFork.js:33:23) {
2025-03-07 23:03:33:   code: 'EADDRINUSE',
2025-03-07 23:03:33:   errno: -98,
2025-03-07 23:03:33:   syscall: 'listen',
2025-03-07 23:03:33:   address: '::',
2025-03-07 23:03:33:   port: 3000
2025-03-07 23:03:33: }
2025-03-07 23:03:33: [2025-03-07T23:03:33.696Z] [AI-WARROOM] [WARN] OpenRouter API key not provided. AI agents will not be available.
2025-03-07 23:03:33: [2025-03-07T23:03:33.705Z] [AI-WARROOM] [ERROR] Static path does not exist: /root/code-server/dist/node/src/browser/pages
2025-03-07 23:03:33: Error: listen EADDRINUSE: address already in use :::3000
2025-03-07 23:03:33:     at Server.setupListenHandle [as _listen2] (node:net:1902:16)
2025-03-07 23:03:33:     at listenInCluster (node:net:1959:12)
2025-03-07 23:03:33:     at Server.listen (node:net:2061:7)
2025-03-07 23:03:33:     at HttpServer.start (/root/code-server/dist/node/server.js:81:21)
2025-03-07 23:03:33:     at Object.<anonymous> (/root/code-server/dist/node/server.js:93:13)
2025-03-07 23:03:33:     at Module._compile (node:internal/modules/cjs/loader:1469:14)
2025-03-07 23:03:33:     at Module._extensions..js (node:internal/modules/cjs/loader:1548:10)
2025-03-07 23:03:33:     at Module.load (node:internal/modules/cjs/loader:1288:32)
2025-03-07 23:03:33:     at Module._load (node:internal/modules/cjs/loader:1104:12)
2025-03-07 23:03:33:     at Object.<anonymous> (/usr/local/lib/node_modules/pm2/lib/ProcessContainerFork.js:33:23) {
2025-03-07 23:03:33:   code: 'EADDRINUSE',
2025-03-07 23:03:33:   errno: -98,
2025-03-07 23:03:33:   syscall: 'listen',
2025-03-07 23:03:33:   address: '::',
2025-03-07 23:03:33:   port: 3000
2025-03-07 23:03:33: }
2025-03-07 23:03:34: [2025-03-07T23:03:34.355Z] [AI-WARROOM] [WARN] OpenRouter API key not provided. AI agents will not be available.
2025-03-07 23:03:34: [2025-03-07T23:03:34.360Z] [AI-WARROOM] [ERROR] Static path does not exist: /root/code-server/dist/node/src/browser/pages
2025-03-07 23:03:34: Error: listen EADDRINUSE: address already in use :::3000
2025-03-07 23:03:34:     at Server.setupListenHandle [as _listen2] (node:net:1902:16)
2025-03-07 23:03:34:     at listenInCluster (node:net:1959:12)
2025-03-07 23:03:34:     at Server.listen (node:net:2061:7)
2025-03-07 23:03:34:     at HttpServer.start (/root/code-server/dist/node/server.js:81:21)
2025-03-07 23:03:34:     at Object.<anonymous> (/root/code-server/dist/node/server.js:93:13)
2025-03-07 23:03:34:     at Module._compile (node:internal/modules/cjs/loader:1469:14)
2025-03-07 23:03:34:     at Module._extensions..js (node:internal/modules/cjs/loader:1548:10)
2025-03-07 23:03:34:     at Module.load (node:internal/modules/cjs/loader:1288:32)
2025-03-07 23:03:34:     at Module._load (node:internal/modules/cjs/loader:1104:12)
2025-03-07 23:03:34:     at Object.<anonymous> (/usr/local/lib/node_modules/pm2/lib/ProcessContainerFork.js:33:23) {
2025-03-07 23:03:34:   code: 'EADDRINUSE',
2025-03-07 23:03:34:   errno: -98,
2025-03-07 23:03:34:   syscall: 'listen',
2025-03-07 23:03:34:   address: '::',
2025-03-07 23:03:34:   port: 3000
2025-03-07 23:03:34: }
2025-03-07 23:03:34: [2025-03-07T23:03:34.968Z] [AI-WARROOM] [WARN] OpenRouter API key not provided. AI agents will not be available.
2025-03-07 23:03:34: [2025-03-07T23:03:34.973Z] [AI-WARROOM] [ERROR] Static path does not exist: /root/code-server/dist/node/src/browser/pages
2025-03-07 23:03:34: Error: listen EADDRINUSE: address already in use :::3000
2025-03-07 23:03:34:     at Server.setupListenHandle [as _listen2] (node:net:1902:16)
2025-03-07 23:03:34:     at listenInCluster (node:net:1959:12)
2025-03-07 23:03:34:     at Server.listen (node:net:2061:7)
2025-03-07 23:03:34:     at HttpServer.start (/root/code-server/dist/node/server.js:81:21)
2025-03-07 23:03:34:     at Object.<anonymous> (/root/code-server/dist/node/server.js:93:13)
2025-03-07 23:03:34:     at Module._compile (node:internal/modules/cjs/loader:1469:14)
2025-03-07 23:03:34:     at Module._extensions..js (node:internal/modules/cjs/loader:1548:10)
2025-03-07 23:03:34:     at Module.load (node:internal/modules/cjs/loader:1288:32)
2025-03-07 23:03:34:     at Module._load (node:internal/modules/cjs/loader:1104:12)
2025-03-07 23:03:34:     at Object.<anonymous> (/usr/local/lib/node_modules/pm2/lib/ProcessContainerFork.js:33:23) {
2025-03-07 23:03:34:   code: 'EADDRINUSE',
2025-03-07 23:03:34:   errno: -98,
2025-03-07 23:03:34:   syscall: 'listen',
2025-03-07 23:03:34:   address: '::',
2025-03-07 23:03:34:   port: 3000
2025-03-07 23:03:34: }
2025-03-07 23:03:35: [2025-03-07T23:03:35.577Z] [AI-WARROOM] [WARN] OpenRouter API key not provided. AI agents will not be available.
2025-03-07 23:03:35: [2025-03-07T23:03:35.589Z] [AI-WARROOM] [ERROR] Static path does not exist: /root/code-server/dist/node/src/browser/pages
2025-03-07 23:03:35: Error: listen EADDRINUSE: address already in use :::3000
2025-03-07 23:03:35:     at Server.setupListenHandle [as _listen2] (node:net:1902:16)
2025-03-07 23:03:35:     at listenInCluster (node:net:1959:12)
2025-03-07 23:03:35:     at Server.listen (node:net:2061:7)
2025-03-07 23:03:35:     at HttpServer.start (/root/code-server/dist/node/server.js:81:21)
2025-03-07 23:03:35:     at Object.<anonymous> (/root/code-server/dist/node/server.js:93:13)
2025-03-07 23:03:35:     at Module._compile (node:internal/modules/cjs/loader:1469:14)
2025-03-07 23:03:35:     at Module._extensions..js (node:internal/modules/cjs/loader:1548:10)
2025-03-07 23:03:35:     at Module.load (node:internal/modules/cjs/loader:1288:32)
2025-03-07 23:03:35:     at Module._load (node:internal/modules/cjs/loader:1104:12)
2025-03-07 23:03:35:     at Object.<anonymous> (/usr/local/lib/node_modules/pm2/lib/ProcessContainerFork.js:33:23) {
2025-03-07 23:03:35:   code: 'EADDRINUSE',
2025-03-07 23:03:35:   errno: -98,
2025-03-07 23:03:35:   syscall: 'listen',
2025-03-07 23:03:35:   address: '::',
2025-03-07 23:03:35:   port: 3000
2025-03-07 23:03:35: }
2025-03-07 23:03:36: [2025-03-07T23:03:36.276Z] [AI-WARROOM] [WARN] OpenRouter API key not provided. AI agents will not be available.
2025-03-07 23:03:36: [2025-03-07T23:03:36.282Z] [AI-WARROOM] [ERROR] Static path does not exist: /root/code-server/dist/node/src/browser/pages
2025-03-07 23:03:36: Error: listen EADDRINUSE: address already in use :::3000
2025-03-07 23:03:36:     at Server.setupListenHandle [as _listen2] (node:net:1902:16)
2025-03-07 23:03:36:     at listenInCluster (node:net:1959:12)
2025-03-07 23:03:36:     at Server.listen (node:net:2061:7)
2025-03-07 23:03:36:     at HttpServer.start (/root/code-server/dist/node/server.js:81:21)
2025-03-07 23:03:36:     at Object.<anonymous> (/root/code-server/dist/node/server.js:93:13)
2025-03-07 23:03:36:     at Module._compile (node:internal/modules/cjs/loader:1469:14)
2025-03-07 23:03:36:     at Module._extensions..js (node:internal/modules/cjs/loader:1548:10)
2025-03-07 23:03:36:     at Module.load (node:internal/modules/cjs/loader:1288:32)
2025-03-07 23:03:36:     at Module._load (node:internal/modules/cjs/loader:1104:12)
2025-03-07 23:03:36:     at Object.<anonymous> (/usr/local/lib/node_modules/pm2/lib/ProcessContainerFork.js:33:23) {
2025-03-07 23:03:36:   code: 'EADDRINUSE',
2025-03-07 23:03:36:   errno: -98,
2025-03-07 23:03:36:   syscall: 'listen',
2025-03-07 23:03:36:   address: '::',
2025-03-07 23:03:36:   port: 3000
2025-03-07 23:03:36: }
2025-03-07 23:03:36: [2025-03-07T23:03:36.948Z] [AI-WARROOM] [WARN] OpenRouter API key not provided. AI agents will not be available.
2025-03-07 23:03:36: [2025-03-07T23:03:36.953Z] [AI-WARROOM] [ERROR] Static path does not exist: /root/code-server/dist/node/src/browser/pages
2025-03-07 23:03:36: Error: listen EADDRINUSE: address already in use :::3000
2025-03-07 23:03:36:     at Server.setupListenHandle [as _listen2] (node:net:1902:16)
2025-03-07 23:03:36:     at listenInCluster (node:net:1959:12)
2025-03-07 23:03:36:     at Server.listen (node:net:2061:7)
2025-03-07 23:03:36:     at HttpServer.start (/root/code-server/dist/node/server.js:81:21)
2025-03-07 23:03:36:     at Object.<anonymous> (/root/code-server/dist/node/server.js:93:13)
2025-03-07 23:03:36:     at Module._compile (node:internal/modules/cjs/loader:1469:14)
2025-03-07 23:03:36:     at Module._extensions..js (node:internal/modules/cjs/loader:1548:10)
2025-03-07 23:03:36:     at Module.load (node:internal/modules/cjs/loader:1288:32)
2025-03-07 23:03:36:     at Module._load (node:internal/modules/cjs/loader:1104:12)
2025-03-07 23:03:36:     at Object.<anonymous> (/usr/local/lib/node_modules/pm2/lib/ProcessContainerFork.js:33:23) {
2025-03-07 23:03:36:   code: 'EADDRINUSE',
2025-03-07 23:03:36:   errno: -98,
2025-03-07 23:03:36:   syscall: 'listen',
2025-03-07 23:03:36:   address: '::',
2025-03-07 23:03:36:   port: 3000
2025-03-07 23:03:36: }
2025-03-07 23:03:37: [2025-03-07T23:03:37.725Z] [AI-WARROOM] [WARN] OpenRouter API key not provided. AI agents will not be available.
2025-03-07 23:03:37: [2025-03-07T23:03:37.780Z] [AI-WARROOM] [ERROR] Static path does not exist: /root/code-server/dist/node/src/browser/pages
2025-03-07 23:03:37: Error: listen EADDRINUSE: address already in use :::3000
2025-03-07 23:03:37:     at Server.setupListenHandle [as _listen2] (node:net:1902:16)
2025-03-07 23:03:37:     at listenInCluster (node:net:1959:12)
2025-03-07 23:03:37:     at Server.listen (node:net:2061:7)
2025-03-07 23:03:37:     at HttpServer.start (/root/code-server/dist/node/server.js:81:21)
2025-03-07 23:03:37:     at Object.<anonymous> (/root/code-server/dist/node/server.js:93:13)
2025-03-07 23:03:37:     at Module._compile (node:internal/modules/cjs/loader:1469:14)
2025-03-07 23:03:37:     at Module._extensions..js (node:internal/modules/cjs/loader:1548:10)
2025-03-07 23:03:37:     at Module.load (node:internal/modules/cjs/loader:1288:32)
2025-03-07 23:03:37:     at Module._load (node:internal/modules/cjs/loader:1104:12)
2025-03-07 23:03:37:     at Object.<anonymous> (/usr/local/lib/node_modules/pm2/lib/ProcessContainerFork.js:33:23) {
2025-03-07 23:03:37:   code: 'EADDRINUSE',
2025-03-07 23:03:37:   errno: -98,
2025-03-07 23:03:37:   syscall: 'listen',
2025-03-07 23:03:37:   address: '::',
2025-03-07 23:03:37:   port: 3000
2025-03-07 23:03:37: }
2025-03-07 23:03:38: [2025-03-07T23:03:38.487Z] [AI-WARROOM] [WARN] OpenRouter API key not provided. AI agents will not be available.
2025-03-07 23:03:38: [2025-03-07T23:03:38.493Z] [AI-WARROOM] [ERROR] Static path does not exist: /root/code-server/dist/node/src/browser/pages
2025-03-07 23:03:38: Error: listen EADDRINUSE: address already in use :::3000
2025-03-07 23:03:38:     at Server.setupListenHandle [as _listen2] (node:net:1902:16)
2025-03-07 23:03:38:     at listenInCluster (node:net:1959:12)
2025-03-07 23:03:38:     at Server.listen (node:net:2061:7)
2025-03-07 23:03:38:     at HttpServer.start (/root/code-server/dist/node/server.js:81:21)
2025-03-07 23:03:38:     at Object.<anonymous> (/root/code-server/dist/node/server.js:93:13)
2025-03-07 23:03:38:     at Module._compile (node:internal/modules/cjs/loader:1469:14)
2025-03-07 23:03:38:     at Module._extensions..js (node:internal/modules/cjs/loader:1548:10)
2025-03-07 23:03:38:     at Module.load (node:internal/modules/cjs/loader:1288:32)
2025-03-07 23:03:38:     at Module._load (node:internal/modules/cjs/loader:1104:12)
2025-03-07 23:03:38:     at Object.<anonymous> (/usr/local/lib/node_modules/pm2/lib/ProcessContainerFork.js:33:23) {
2025-03-07 23:03:38:   code: 'EADDRINUSE',
2025-03-07 23:03:38:   errno: -98,
2025-03-07 23:03:38:   syscall: 'listen',
2025-03-07 23:03:38:   address: '::',
2025-03-07 23:03:38:   port: 3000
2025-03-07 23:03:38: }
2025-03-07 23:03:39: [2025-03-07T23:03:39.149Z] [AI-WARROOM] [WARN] OpenRouter API key not provided. AI agents will not be available.
2025-03-07 23:03:39: [2025-03-07T23:03:39.159Z] [AI-WARROOM] [ERROR] Static path does not exist: /root/code-server/dist/node/src/browser/pages
2025-03-07 23:03:39: Error: listen EADDRINUSE: address already in use :::3000
2025-03-07 23:03:39:     at Server.setupListenHandle [as _listen2] (node:net:1902:16)
2025-03-07 23:03:39:     at listenInCluster (node:net:1959:12)
2025-03-07 23:03:39:     at Server.listen (node:net:2061:7)
2025-03-07 23:03:39:     at HttpServer.start (/root/code-server/dist/node/server.js:81:21)
2025-03-07 23:03:39:     at Object.<anonymous> (/root/code-server/dist/node/server.js:93:13)
2025-03-07 23:03:39:     at Module._compile (node:internal/modules/cjs/loader:1469:14)
2025-03-07 23:03:39:     at Module._extensions..js (node:internal/modules/cjs/loader:1548:10)
2025-03-07 23:03:39:     at Module.load (node:internal/modules/cjs/loader:1288:32)
2025-03-07 23:03:39:     at Module._load (node:internal/modules/cjs/loader:1104:12)
2025-03-07 23:03:39:     at Object.<anonymous> (/usr/local/lib/node_modules/pm2/lib/ProcessContainerFork.js:33:23) {
2025-03-07 23:03:39:   code: 'EADDRINUSE',
2025-03-07 23:03:39:   errno: -98,
2025-03-07 23:03:39:   syscall: 'listen',
2025-03-07 23:03:39:   address: '::',
2025-03-07 23:03:39:   port: 3000
2025-03-07 23:03:39: }
2025-03-07 23:03:39: [2025-03-07T23:03:39.833Z] [AI-WARROOM] [WARN] OpenRouter API key not provided. AI agents will not be available.
2025-03-07 23:03:39: [2025-03-07T23:03:39.839Z] [AI-WARROOM] [ERROR] Static path does not exist: /root/code-server/dist/node/src/browser/pages
2025-03-07 23:03:39: Error: listen EADDRINUSE: address already in use :::3000
2025-03-07 23:03:39:     at Server.setupListenHandle [as _listen2] (node:net:1902:16)
2025-03-07 23:03:39:     at listenInCluster (node:net:1959:12)
2025-03-07 23:03:39:     at Server.listen (node:net:2061:7)
2025-03-07 23:03:39:     at HttpServer.start (/root/code-server/dist/node/server.js:81:21)
2025-03-07 23:03:39:     at Object.<anonymous> (/root/code-server/dist/node/server.js:93:13)
2025-03-07 23:03:39:     at Module._compile (node:internal/modules/cjs/loader:1469:14)
2025-03-07 23:03:39:     at Module._extensions..js (node:internal/modules/cjs/loader:1548:10)
2025-03-07 23:03:39:     at Module.load (node:internal/modules/cjs/loader:1288:32)
2025-03-07 23:03:39:     at Module._load (node:internal/modules/cjs/loader:1104:12)
2025-03-07 23:03:39:     at Object.<anonymous> (/usr/local/lib/node_modules/pm2/lib/ProcessContainerFork.js:33:23) {
2025-03-07 23:03:39:   code: 'EADDRINUSE',
2025-03-07 23:03:39:   errno: -98,
2025-03-07 23:03:39:   syscall: 'listen',
2025-03-07 23:03:39:   address: '::',
2025-03-07 23:03:39:   port: 3000
2025-03-07 23:03:39: }
2025-03-07 23:03:40: [2025-03-07T23:03:40.503Z] [AI-WARROOM] [WARN] OpenRouter API key not provided. AI agents will not be available.
2025-03-07 23:03:40: [2025-03-07T23:03:40.513Z] [AI-WARROOM] [ERROR] Static path does not exist: /root/code-server/dist/node/src/browser/pages
2025-03-07 23:03:40: Error: listen EADDRINUSE: address already in use :::3000
2025-03-07 23:03:40:     at Server.setupListenHandle [as _listen2] (node:net:1902:16)
2025-03-07 23:03:40:     at listenInCluster (node:net:1959:12)
2025-03-07 23:03:40:     at Server.listen (node:net:2061:7)
2025-03-07 23:03:40:     at HttpServer.start (/root/code-server/dist/node/server.js:81:21)
2025-03-07 23:03:40:     at Object.<anonymous> (/root/code-server/dist/node/server.js:93:13)
2025-03-07 23:03:40:     at Module._compile (node:internal/modules/cjs/loader:1469:14)
2025-03-07 23:03:40:     at Module._extensions..js (node:internal/modules/cjs/loader:1548:10)
2025-03-07 23:03:40:     at Module.load (node:internal/modules/cjs/loader:1288:32)
2025-03-07 23:03:40:     at Module._load (node:internal/modules/cjs/loader:1104:12)
2025-03-07 23:03:40:     at Object.<anonymous> (/usr/local/lib/node_modules/pm2/lib/ProcessContainerFork.js:33:23) {
2025-03-07 23:03:40:   code: 'EADDRINUSE',
2025-03-07 23:03:40:   errno: -98,
2025-03-07 23:03:40:   syscall: 'listen',
2025-03-07 23:03:40:   address: '::',
2025-03-07 23:03:40:   port: 3000
2025-03-07 23:03:40: }
2025-03-07 23:03:41: [2025-03-07T23:03:41.116Z] [AI-WARROOM] [WARN] OpenRouter API key not provided. AI agents will not be available.
2025-03-07 23:03:41: [2025-03-07T23:03:41.121Z] [AI-WARROOM] [ERROR] Static path does not exist: /root/code-server/dist/node/src/browser/pages
2025-03-07 23:03:41: Error: listen EADDRINUSE: address already in use :::3000
2025-03-07 23:03:41:     at Server.setupListenHandle [as _listen2] (node:net:1902:16)
2025-03-07 23:03:41:     at listenInCluster (node:net:1959:12)
2025-03-07 23:03:41:     at Server.listen (node:net:2061:7)
2025-03-07 23:03:41:     at HttpServer.start (/root/code-server/dist/node/server.js:81:21)
2025-03-07 23:03:41:     at Object.<anonymous> (/root/code-server/dist/node/server.js:93:13)
2025-03-07 23:03:41:     at Module._compile (node:internal/modules/cjs/loader:1469:14)
2025-03-07 23:03:41:     at Module._extensions..js (node:internal/modules/cjs/loader:1548:10)
2025-03-07 23:03:41:     at Module.load (node:internal/modules/cjs/loader:1288:32)
2025-03-07 23:03:41:     at Module._load (node:internal/modules/cjs/loader:1104:12)
2025-03-07 23:03:41:     at Object.<anonymous> (/usr/local/lib/node_modules/pm2/lib/ProcessContainerFork.js:33:23) {
2025-03-07 23:03:41:   code: 'EADDRINUSE',
2025-03-07 23:03:41:   errno: -98,
2025-03-07 23:03:41:   syscall: 'listen',
2025-03-07 23:03:41:   address: '::',
2025-03-07 23:03:41:   port: 3000
2025-03-07 23:03:41: }
2025-03-07 23:03:41: [2025-03-07T23:03:41.776Z] [AI-WARROOM] [WARN] OpenRouter API key not provided. AI agents will not be available.
2025-03-07 23:03:41: [2025-03-07T23:03:41.784Z] [AI-WARROOM] [ERROR] Static path does not exist: /root/code-server/dist/node/src/browser/pages
2025-03-07 23:03:41: Error: listen EADDRINUSE: address already in use :::3000
2025-03-07 23:03:41:     at Server.setupListenHandle [as _listen2] (node:net:1902:16)
2025-03-07 23:03:41:     at listenInCluster (node:net:1959:12)
2025-03-07 23:03:41:     at Server.listen (node:net:2061:7)
2025-03-07 23:03:41:     at HttpServer.start (/root/code-server/dist/node/server.js:81:21)
2025-03-07 23:03:41:     at Object.<anonymous> (/root/code-server/dist/node/server.js:93:13)
2025-03-07 23:03:41:     at Module._compile (node:internal/modules/cjs/loader:1469:14)
2025-03-07 23:03:41:     at Module._extensions..js (node:internal/modules/cjs/loader:1548:10)
2025-03-07 23:03:41:     at Module.load (node:internal/modules/cjs/loader:1288:32)
2025-03-07 23:03:41:     at Module._load (node:internal/modules/cjs/loader:1104:12)
2025-03-07 23:03:41:     at Object.<anonymous> (/usr/local/lib/node_modules/pm2/lib/ProcessContainerFork.js:33:23) {
2025-03-07 23:03:41:   code: 'EADDRINUSE',
2025-03-07 23:03:41:   errno: -98,
2025-03-07 23:03:41:   syscall: 'listen',
2025-03-07 23:03:41:   address: '::',
2025-03-07 23:03:41:   port: 3000
2025-03-07 23:03:41: }
2025-03-07 23:03:42: [2025-03-07T23:03:42.449Z] [AI-WARROOM] [WARN] OpenRouter API key not provided. AI agents will not be available.
2025-03-07 23:03:42: [2025-03-07T23:03:42.465Z] [AI-WARROOM] [ERROR] Static path does not exist: /root/code-server/dist/node/src/browser/pages
2025-03-07 23:03:42: Error: listen EADDRINUSE: address already in use :::3000
2025-03-07 23:03:42:     at Server.setupListenHandle [as _listen2] (node:net:1902:16)
2025-03-07 23:03:42:     at listenInCluster (node:net:1959:12)
2025-03-07 23:03:42:     at Server.listen (node:net:2061:7)
2025-03-07 23:03:42:     at HttpServer.start (/root/code-server/dist/node/server.js:81:21)
2025-03-07 23:03:42:     at Object.<anonymous> (/root/code-server/dist/node/server.js:93:13)
2025-03-07 23:03:42:     at Module._compile (node:internal/modules/cjs/loader:1469:14)
2025-03-07 23:03:42:     at Module._extensions..js (node:internal/modules/cjs/loader:1548:10)
2025-03-07 23:03:42:     at Module.load (node:internal/modules/cjs/loader:1288:32)
2025-03-07 23:03:42:     at Module._load (node:internal/modules/cjs/loader:1104:12)
2025-03-07 23:03:42:     at Object.<anonymous> (/usr/local/lib/node_modules/pm2/lib/ProcessContainerFork.js:33:23) {
2025-03-07 23:03:42:   code: 'EADDRINUSE',
2025-03-07 23:03:42:   errno: -98,
2025-03-07 23:03:42:   syscall: 'listen',
2025-03-07 23:03:42:   address: '::',
2025-03-07 23:03:42:   port: 3000
2025-03-07 23:03:42: }
2025-03-07 23:03:43: [2025-03-07T23:03:43.128Z] [AI-WARROOM] [WARN] OpenRouter API key not provided. AI agents will not be available.
2025-03-07 23:03:43: [2025-03-07T23:03:43.139Z] [AI-WARROOM] [ERROR] Static path does not exist: /root/code-server/dist/node/src/browser/pages
2025-03-07 23:03:43: Error: listen EADDRINUSE: address already in use :::3000
2025-03-07 23:03:43:     at Server.setupListenHandle [as _listen2] (node:net:1902:16)
2025-03-07 23:03:43:     at listenInCluster (node:net:1959:12)
2025-03-07 23:03:43:     at Server.listen (node:net:2061:7)
2025-03-07 23:03:43:     at HttpServer.start (/root/code-server/dist/node/server.js:81:21)
2025-03-07 23:03:43:     at Object.<anonymous> (/root/code-server/dist/node/server.js:93:13)
2025-03-07 23:03:43:     at Module._compile (node:internal/modules/cjs/loader:1469:14)
2025-03-07 23:03:43:     at Module._extensions..js (node:internal/modules/cjs/loader:1548:10)
2025-03-07 23:03:43:     at Module.load (node:internal/modules/cjs/loader:1288:32)
2025-03-07 23:03:43:     at Module._load (node:internal/modules/cjs/loader:1104:12)
2025-03-07 23:03:43:     at Object.<anonymous> (/usr/local/lib/node_modules/pm2/lib/ProcessContainerFork.js:33:23) {
2025-03-07 23:03:43:   code: 'EADDRINUSE',
2025-03-07 23:03:43:   errno: -98,
2025-03-07 23:03:43:   syscall: 'listen',
2025-03-07 23:03:43:   address: '::',
2025-03-07 23:03:43:   port: 3000
2025-03-07 23:03:43: }
2025-03-07 23:03:43: [2025-03-07T23:03:43.723Z] [AI-WARROOM] [WARN] OpenRouter API key not provided. AI agents will not be available.
2025-03-07 23:03:43: [2025-03-07T23:03:43.727Z] [AI-WARROOM] [ERROR] Static path does not exist: /root/code-server/dist/node/src/browser/pages
2025-03-07 23:03:43: Error: listen EADDRINUSE: address already in use :::3000
2025-03-07 23:03:43:     at Server.setupListenHandle [as _listen2] (node:net:1902:16)
2025-03-07 23:03:43:     at listenInCluster (node:net:1959:12)
2025-03-07 23:03:43:     at Server.listen (node:net:2061:7)
2025-03-07 23:03:43:     at HttpServer.start (/root/code-server/dist/node/server.js:81:21)
2025-03-07 23:03:43:     at Object.<anonymous> (/root/code-server/dist/node/server.js:93:13)
2025-03-07 23:03:43:     at Module._compile (node:internal/modules/cjs/loader:1469:14)
2025-03-07 23:03:43:     at Module._extensions..js (node:internal/modules/cjs/loader:1548:10)
2025-03-07 23:03:43:     at Module.load (node:internal/modules/cjs/loader:1288:32)
2025-03-07 23:03:43:     at Module._load (node:internal/modules/cjs/loader:1104:12)
2025-03-07 23:03:43:     at Object.<anonymous> (/usr/local/lib/node_modules/pm2/lib/ProcessContainerFork.js:33:23) {
2025-03-07 23:03:43:   code: 'EADDRINUSE',
2025-03-07 23:03:43:   errno: -98,
2025-03-07 23:03:43:   syscall: 'listen',
2025-03-07 23:03:43:   address: '::',
2025-03-07 23:03:43:   port: 3000
2025-03-07 23:03:43: }
2025-03-07 23:03:44: [2025-03-07T23:03:44.352Z] [AI-WARROOM] [WARN] OpenRouter API key not provided. AI agents will not be available.
2025-03-07 23:03:44: [2025-03-07T23:03:44.363Z] [AI-WARROOM] [ERROR] Static path does not exist: /root/code-server/dist/node/src/browser/pages
2025-03-07 23:03:44: Error: listen EADDRINUSE: address already in use :::3000
2025-03-07 23:03:44:     at Server.setupListenHandle [as _listen2] (node:net:1902:16)
2025-03-07 23:03:44:     at listenInCluster (node:net:1959:12)
2025-03-07 23:03:44:     at Server.listen (node:net:2061:7)
2025-03-07 23:03:44:     at HttpServer.start (/root/code-server/dist/node/server.js:81:21)
2025-03-07 23:03:44:     at Object.<anonymous> (/root/code-server/dist/node/server.js:93:13)
2025-03-07 23:03:44:     at Module._compile (node:internal/modules/cjs/loader:1469:14)
2025-03-07 23:03:44:     at Module._extensions..js (node:internal/modules/cjs/loader:1548:10)
2025-03-07 23:03:44:     at Module.load (node:internal/modules/cjs/loader:1288:32)
2025-03-07 23:03:44:     at Module._load (node:internal/modules/cjs/loader:1104:12)
2025-03-07 23:03:44:     at Object.<anonymous> (/usr/local/lib/node_modules/pm2/lib/ProcessContainerFork.js:33:23) {
2025-03-07 23:03:44:   code: 'EADDRINUSE',
2025-03-07 23:03:44:   errno: -98,
2025-03-07 23:03:44:   syscall: 'listen',
2025-03-07 23:03:44:   address: '::',
2025-03-07 23:03:44:   port: 3000
2025-03-07 23:03:44: }
2025-03-07 23:03:45: [2025-03-07T23:03:45.044Z] [AI-WARROOM] [WARN] OpenRouter API key not provided. AI agents will not be available.
2025-03-07 23:03:45: [2025-03-07T23:03:45.051Z] [AI-WARROOM] [ERROR] Static path does not exist: /root/code-server/dist/node/src/browser/pages
2025-03-07 23:03:45: Error: listen EADDRINUSE: address already in use :::3000
2025-03-07 23:03:45:     at Server.setupListenHandle [as _listen2] (node:net:1902:16)
2025-03-07 23:03:45:     at listenInCluster (node:net:1959:12)
2025-03-07 23:03:45:     at Server.listen (node:net:2061:7)
2025-03-07 23:03:45:     at HttpServer.start (/root/code-server/dist/node/server.js:81:21)
2025-03-07 23:03:45:     at Object.<anonymous> (/root/code-server/dist/node/server.js:93:13)
2025-03-07 23:03:45:     at Module._compile (node:internal/modules/cjs/loader:1469:14)
2025-03-07 23:03:45:     at Module._extensions..js (node:internal/modules/cjs/loader:1548:10)
2025-03-07 23:03:45:     at Module.load (node:internal/modules/cjs/loader:1288:32)
2025-03-07 23:03:45:     at Module._load (node:internal/modules/cjs/loader:1104:12)
2025-03-07 23:03:45:     at Object.<anonymous> (/usr/local/lib/node_modules/pm2/lib/ProcessContainerFork.js:33:23) {
2025-03-07 23:03:45:   code: 'EADDRINUSE',
2025-03-07 23:03:45:   errno: -98,
2025-03-07 23:03:45:   syscall: 'listen',
2025-03-07 23:03:45:   address: '::',
2025-03-07 23:03:45:   port: 3000
2025-03-07 23:03:45: }
2025-03-07 23:03:45: [2025-03-07T23:03:45.739Z] [AI-WARROOM] [WARN] OpenRouter API key not provided. AI agents will not be available.
2025-03-07 23:03:45: [2025-03-07T23:03:45.749Z] [AI-WARROOM] [ERROR] Static path does not exist: /root/code-server/dist/node/src/browser/pages
2025-03-07 23:03:45: Error: listen EADDRINUSE: address already in use :::3000
2025-03-07 23:03:45:     at Server.setupListenHandle [as _listen2] (node:net:1902:16)
2025-03-07 23:03:45:     at listenInCluster (node:net:1959:12)
2025-03-07 23:03:45:     at Server.listen (node:net:2061:7)
2025-03-07 23:03:45:     at HttpServer.start (/root/code-server/dist/node/server.js:81:21)
2025-03-07 23:03:45:     at Object.<anonymous> (/root/code-server/dist/node/server.js:93:13)
2025-03-07 23:03:45:     at Module._compile (node:internal/modules/cjs/loader:1469:14)
2025-03-07 23:03:45:     at Module._extensions..js (node:internal/modules/cjs/loader:1548:10)
2025-03-07 23:03:45:     at Module.load (node:internal/modules/cjs/loader:1288:32)
2025-03-07 23:03:45:     at Module._load (node:internal/modules/cjs/loader:1104:12)
2025-03-07 23:03:45:     at Object.<anonymous> (/usr/local/lib/node_modules/pm2/lib/ProcessContainerFork.js:33:23) {
2025-03-07 23:03:45:   code: 'EADDRINUSE',
2025-03-07 23:03:45:   errno: -98,
2025-03-07 23:03:45:   syscall: 'listen',
2025-03-07 23:03:45:   address: '::',
2025-03-07 23:03:45:   port: 3000
2025-03-07 23:03:45: }
2025-03-07 23:03:46: [2025-03-07T23:03:46.386Z] [AI-WARROOM] [WARN] OpenRouter API key not provided. AI agents will not be available.
2025-03-07 23:03:46: [2025-03-07T23:03:46.406Z] [AI-WARROOM] [ERROR] Static path does not exist: /root/code-server/dist/node/src/browser/pages
2025-03-07 23:03:46: Error: listen EADDRINUSE: address already in use :::3000
2025-03-07 23:03:46:     at Server.setupListenHandle [as _listen2] (node:net:1902:16)
2025-03-07 23:03:46:     at listenInCluster (node:net:1959:12)
2025-03-07 23:03:46:     at Server.listen (node:net:2061:7)
2025-03-07 23:03:46:     at HttpServer.start (/root/code-server/dist/node/server.js:81:21)
2025-03-07 23:03:46:     at Object.<anonymous> (/root/code-server/dist/node/server.js:93:13)
2025-03-07 23:03:46:     at Module._compile (node:internal/modules/cjs/loader:1469:14)
2025-03-07 23:03:46:     at Module._extensions..js (node:internal/modules/cjs/loader:1548:10)
2025-03-07 23:03:46:     at Module.load (node:internal/modules/cjs/loader:1288:32)
2025-03-07 23:03:46:     at Module._load (node:internal/modules/cjs/loader:1104:12)
2025-03-07 23:03:46:     at Object.<anonymous> (/usr/local/lib/node_modules/pm2/lib/ProcessContainerFork.js:33:23) {
2025-03-07 23:03:46:   code: 'EADDRINUSE',
2025-03-07 23:03:46:   errno: -98,
2025-03-07 23:03:46:   syscall: 'listen',
2025-03-07 23:03:46:   address: '::',
2025-03-07 23:03:46:   port: 3000
2025-03-07 23:03:46: }
2025-03-07 23:03:47: [2025-03-07T23:03:47.040Z] [AI-WARROOM] [WARN] OpenRouter API key not provided. AI agents will not be available.
2025-03-07 23:03:47: [2025-03-07T23:03:47.047Z] [AI-WARROOM] [ERROR] Static path does not exist: /root/code-server/dist/node/src/browser/pages
2025-03-07 23:03:47: Error: listen EADDRINUSE: address already in use :::3000
2025-03-07 23:03:47:     at Server.setupListenHandle [as _listen2] (node:net:1902:16)
2025-03-07 23:03:47:     at listenInCluster (node:net:1959:12)
2025-03-07 23:03:47:     at Server.listen (node:net:2061:7)
2025-03-07 23:03:47:     at HttpServer.start (/root/code-server/dist/node/server.js:81:21)
2025-03-07 23:03:47:     at Object.<anonymous> (/root/code-server/dist/node/server.js:93:13)
2025-03-07 23:03:47:     at Module._compile (node:internal/modules/cjs/loader:1469:14)
2025-03-07 23:03:47:     at Module._extensions..js (node:internal/modules/cjs/loader:1548:10)
2025-03-07 23:03:47:     at Module.load (node:internal/modules/cjs/loader:1288:32)
2025-03-07 23:03:47:     at Module._load (node:internal/modules/cjs/loader:1104:12)
2025-03-07 23:03:47:     at Object.<anonymous> (/usr/local/lib/node_modules/pm2/lib/ProcessContainerFork.js:33:23) {
2025-03-07 23:03:47:   code: 'EADDRINUSE',
2025-03-07 23:03:47:   errno: -98,
2025-03-07 23:03:47:   syscall: 'listen',
2025-03-07 23:03:47:   address: '::',
2025-03-07 23:03:47:   port: 3000
2025-03-07 23:03:47: }
2025-03-07 23:03:47: [2025-03-07T23:03:47.724Z] [AI-WARROOM] [WARN] OpenRouter API key not provided. AI agents will not be available.
2025-03-07 23:03:47: [2025-03-07T23:03:47.734Z] [AI-WARROOM] [ERROR] Static path does not exist: /root/code-server/dist/node/src/browser/pages
2025-03-07 23:03:47: Error: listen EADDRINUSE: address already in use :::3000
2025-03-07 23:03:47:     at Server.setupListenHandle [as _listen2] (node:net:1902:16)
2025-03-07 23:03:47:     at listenInCluster (node:net:1959:12)
2025-03-07 23:03:47:     at Server.listen (node:net:2061:7)
2025-03-07 23:03:47:     at HttpServer.start (/root/code-server/dist/node/server.js:81:21)
2025-03-07 23:03:47:     at Object.<anonymous> (/root/code-server/dist/node/server.js:93:13)
2025-03-07 23:03:47:     at Module._compile (node:internal/modules/cjs/loader:1469:14)
2025-03-07 23:03:47:     at Module._extensions..js (node:internal/modules/cjs/loader:1548:10)
2025-03-07 23:03:47:     at Module.load (node:internal/modules/cjs/loader:1288:32)
2025-03-07 23:03:47:     at Module._load (node:internal/modules/cjs/loader:1104:12)
2025-03-07 23:03:47:     at Object.<anonymous> (/usr/local/lib/node_modules/pm2/lib/ProcessContainerFork.js:33:23) {
2025-03-07 23:03:47:   code: 'EADDRINUSE',
2025-03-07 23:03:47:   errno: -98,
2025-03-07 23:03:47:   syscall: 'listen',
2025-03-07 23:03:47:   address: '::',
2025-03-07 23:03:47:   port: 3000
2025-03-07 23:03:47: }
2025-03-07 23:03:48: [2025-03-07T23:03:48.421Z] [AI-WARROOM] [WARN] OpenRouter API key not provided. AI agents will not be available.
2025-03-07 23:03:48: [2025-03-07T23:03:48.430Z] [AI-WARROOM] [ERROR] Static path does not exist: /root/code-server/dist/node/src/browser/pages
2025-03-07 23:03:48: Error: listen EADDRINUSE: address already in use :::3000
2025-03-07 23:03:48:     at Server.setupListenHandle [as _listen2] (node:net:1902:16)
2025-03-07 23:03:48:     at listenInCluster (node:net:1959:12)
2025-03-07 23:03:48:     at Server.listen (node:net:2061:7)
2025-03-07 23:03:48:     at HttpServer.start (/root/code-server/dist/node/server.js:81:21)
2025-03-07 23:03:48:     at Object.<anonymous> (/root/code-server/dist/node/server.js:93:13)
2025-03-07 23:03:48:     at Module._compile (node:internal/modules/cjs/loader:1469:14)
2025-03-07 23:03:48:     at Module._extensions..js (node:internal/modules/cjs/loader:1548:10)
2025-03-07 23:03:48:     at Module.load (node:internal/modules/cjs/loader:1288:32)
2025-03-07 23:03:48:     at Module._load (node:internal/modules/cjs/loader:1104:12)
2025-03-07 23:03:48:     at Object.<anonymous> (/usr/local/lib/node_modules/pm2/lib/ProcessContainerFork.js:33:23) {
2025-03-07 23:03:48:   code: 'EADDRINUSE',
2025-03-07 23:03:48:   errno: -98,
2025-03-07 23:03:48:   syscall: 'listen',
2025-03-07 23:03:48:   address: '::',
2025-03-07 23:03:48:   port: 3000
2025-03-07 23:03:48: }
2025-03-07 23:03:49: [2025-03-07T23:03:49.125Z] [AI-WARROOM] [WARN] OpenRouter API key not provided. AI agents will not be available.
2025-03-07 23:03:49: [2025-03-07T23:03:49.135Z] [AI-WARROOM] [ERROR] Static path does not exist: /root/code-server/dist/node/src/browser/pages
2025-03-07 23:03:49: Error: listen EADDRINUSE: address already in use :::3000
2025-03-07 23:03:49:     at Server.setupListenHandle [as _listen2] (node:net:1902:16)
2025-03-07 23:03:49:     at listenInCluster (node:net:1959:12)
2025-03-07 23:03:49:     at Server.listen (node:net:2061:7)
2025-03-07 23:03:49:     at HttpServer.start (/root/code-server/dist/node/server.js:81:21)
2025-03-07 23:03:49:     at Object.<anonymous> (/root/code-server/dist/node/server.js:93:13)
2025-03-07 23:03:49:     at Module._compile (node:internal/modules/cjs/loader:1469:14)
2025-03-07 23:03:49:     at Module._extensions..js (node:internal/modules/cjs/loader:1548:10)
2025-03-07 23:03:49:     at Module.load (node:internal/modules/cjs/loader:1288:32)
2025-03-07 23:03:49:     at Module._load (node:internal/modules/cjs/loader:1104:12)
2025-03-07 23:03:49:     at Object.<anonymous> (/usr/local/lib/node_modules/pm2/lib/ProcessContainerFork.js:33:23) {
2025-03-07 23:03:49:   code: 'EADDRINUSE',
2025-03-07 23:03:49:   errno: -98,
2025-03-07 23:03:49:   syscall: 'listen',
2025-03-07 23:03:49:   address: '::',
2025-03-07 23:03:49:   port: 3000
2025-03-07 23:03:49: }
2025-03-07 23:03:49: [2025-03-07T23:03:49.736Z] [AI-WARROOM] [WARN] OpenRouter API key not provided. AI agents will not be available.
2025-03-07 23:03:49: [2025-03-07T23:03:49.745Z] [AI-WARROOM] [ERROR] Static path does not exist: /root/code-server/dist/node/src/browser/pages
2025-03-07 23:03:49: Error: listen EADDRINUSE: address already in use :::3000
2025-03-07 23:03:49:     at Server.setupListenHandle [as _listen2] (node:net:1902:16)
2025-03-07 23:03:49:     at listenInCluster (node:net:1959:12)
2025-03-07 23:03:49:     at Server.listen (node:net:2061:7)
2025-03-07 23:03:49:     at HttpServer.start (/root/code-server/dist/node/server.js:81:21)
2025-03-07 23:03:49:     at Object.<anonymous> (/root/code-server/dist/node/server.js:93:13)
2025-03-07 23:03:49:     at Module._compile (node:internal/modules/cjs/loader:1469:14)
2025-03-07 23:03:49:     at Module._extensions..js (node:internal/modules/cjs/loader:1548:10)
2025-03-07 23:03:49:     at Module.load (node:internal/modules/cjs/loader:1288:32)
2025-03-07 23:03:49:     at Module._load (node:internal/modules/cjs/loader:1104:12)
2025-03-07 23:03:49:     at Object.<anonymous> (/usr/local/lib/node_modules/pm2/lib/ProcessContainerFork.js:33:23) {
2025-03-07 23:03:49:   code: 'EADDRINUSE',
2025-03-07 23:03:49:   errno: -98,
2025-03-07 23:03:49:   syscall: 'listen',
2025-03-07 23:03:49:   address: '::',
2025-03-07 23:03:49:   port: 3000
2025-03-07 23:03:49: }
2025-03-07 23:03:50: [2025-03-07T23:03:50.432Z] [AI-WARROOM] [WARN] OpenRouter API key not provided. AI agents will not be available.
2025-03-07 23:03:50: [2025-03-07T23:03:50.453Z] [AI-WARROOM] [ERROR] Static path does not exist: /root/code-server/dist/node/src/browser/pages
2025-03-07 23:03:50: Error: listen EADDRINUSE: address already in use :::3000
2025-03-07 23:03:50:     at Server.setupListenHandle [as _listen2] (node:net:1902:16)
2025-03-07 23:03:50:     at listenInCluster (node:net:1959:12)
2025-03-07 23:03:50:     at Server.listen (node:net:2061:7)
2025-03-07 23:03:50:     at HttpServer.start (/root/code-server/dist/node/server.js:81:21)
2025-03-07 23:03:50:     at Object.<anonymous> (/root/code-server/dist/node/server.js:93:13)
2025-03-07 23:03:50:     at Module._compile (node:internal/modules/cjs/loader:1469:14)
2025-03-07 23:03:50:     at Module._extensions..js (node:internal/modules/cjs/loader:1548:10)
2025-03-07 23:03:50:     at Module.load (node:internal/modules/cjs/loader:1288:32)
2025-03-07 23:03:50:     at Module._load (node:internal/modules/cjs/loader:1104:12)
2025-03-07 23:03:50:     at Object.<anonymous> (/usr/local/lib/node_modules/pm2/lib/ProcessContainerFork.js:33:23) {
2025-03-07 23:03:50:   code: 'EADDRINUSE',
2025-03-07 23:03:50:   errno: -98,
2025-03-07 23:03:50:   syscall: 'listen',
2025-03-07 23:03:50:   address: '::',
2025-03-07 23:03:50:   port: 3000
2025-03-07 23:03:50: }
2025-03-07 23:03:51: [2025-03-07T23:03:51.054Z] [AI-WARROOM] [WARN] OpenRouter API key not provided. AI agents will not be available.
2025-03-07 23:03:51: [2025-03-07T23:03:51.060Z] [AI-WARROOM] [ERROR] Static path does not exist: /root/code-server/dist/node/src/browser/pages
2025-03-07 23:03:51: Error: listen EADDRINUSE: address already in use :::3000
2025-03-07 23:03:51:     at Server.setupListenHandle [as _listen2] (node:net:1902:16)
2025-03-07 23:03:51:     at listenInCluster (node:net:1959:12)
2025-03-07 23:03:51:     at Server.listen (node:net:2061:7)
2025-03-07 23:03:51:     at HttpServer.start (/root/code-server/dist/node/server.js:81:21)
2025-03-07 23:03:51:     at Object.<anonymous> (/root/code-server/dist/node/server.js:93:13)
2025-03-07 23:03:51:     at Module._compile (node:internal/modules/cjs/loader:1469:14)
2025-03-07 23:03:51:     at Module._extensions..js (node:internal/modules/cjs/loader:1548:10)
2025-03-07 23:03:51:     at Module.load (node:internal/modules/cjs/loader:1288:32)
2025-03-07 23:03:51:     at Module._load (node:internal/modules/cjs/loader:1104:12)
2025-03-07 23:03:51:     at Object.<anonymous> (/usr/local/lib/node_modules/pm2/lib/ProcessContainerFork.js:33:23) {
2025-03-07 23:03:51:   code: 'EADDRINUSE',
2025-03-07 23:03:51:   errno: -98,
2025-03-07 23:03:51:   syscall: 'listen',
2025-03-07 23:03:51:   address: '::',
2025-03-07 23:03:51:   port: 3000
2025-03-07 23:03:51: }
2025-03-07 23:03:51: [2025-03-07T23:03:51.724Z] [AI-WARROOM] [WARN] OpenRouter API key not provided. AI agents will not be available.
2025-03-07 23:03:51: [2025-03-07T23:03:51.732Z] [AI-WARROOM] [ERROR] Static path does not exist: /root/code-server/dist/node/src/browser/pages
2025-03-07 23:03:51: Error: listen EADDRINUSE: address already in use :::3000
2025-03-07 23:03:51:     at Server.setupListenHandle [as _listen2] (node:net:1902:16)
2025-03-07 23:03:51:     at listenInCluster (node:net:1959:12)
2025-03-07 23:03:51:     at Server.listen (node:net:2061:7)
2025-03-07 23:03:51:     at HttpServer.start (/root/code-server/dist/node/server.js:81:21)
2025-03-07 23:03:51:     at Object.<anonymous> (/root/code-server/dist/node/server.js:93:13)
2025-03-07 23:03:51:     at Module._compile (node:internal/modules/cjs/loader:1469:14)
2025-03-07 23:03:51:     at Module._extensions..js (node:internal/modules/cjs/loader:1548:10)
2025-03-07 23:03:51:     at Module.load (node:internal/modules/cjs/loader:1288:32)
2025-03-07 23:03:51:     at Module._load (node:internal/modules/cjs/loader:1104:12)
2025-03-07 23:03:51:     at Object.<anonymous> (/usr/local/lib/node_modules/pm2/lib/ProcessContainerFork.js:33:23) {
2025-03-07 23:03:51:   code: 'EADDRINUSE',
2025-03-07 23:03:51:   errno: -98,
2025-03-07 23:03:51:   syscall: 'listen',
2025-03-07 23:03:51:   address: '::',
2025-03-07 23:03:51:   port: 3000
2025-03-07 23:03:51: }
2025-03-07 23:03:52: [2025-03-07T23:03:52.380Z] [AI-WARROOM] [WARN] OpenRouter API key not provided. AI agents will not be available.
2025-03-07 23:03:52: [2025-03-07T23:03:52.390Z] [AI-WARROOM] [ERROR] Static path does not exist: /root/code-server/dist/node/src/browser/pages
2025-03-07 23:03:52: Error: listen EADDRINUSE: address already in use :::3000
2025-03-07 23:03:52:     at Server.setupListenHandle [as _listen2] (node:net:1902:16)
2025-03-07 23:03:52:     at listenInCluster (node:net:1959:12)
2025-03-07 23:03:52:     at Server.listen (node:net:2061:7)
2025-03-07 23:03:52:     at HttpServer.start (/root/code-server/dist/node/server.js:81:21)
2025-03-07 23:03:52:     at Object.<anonymous> (/root/code-server/dist/node/server.js:93:13)
2025-03-07 23:03:52:     at Module._compile (node:internal/modules/cjs/loader:1469:14)
2025-03-07 23:03:52:     at Module._extensions..js (node:internal/modules/cjs/loader:1548:10)
2025-03-07 23:03:52:     at Module.load (node:internal/modules/cjs/loader:1288:32)
2025-03-07 23:03:52:     at Module._load (node:internal/modules/cjs/loader:1104:12)
2025-03-07 23:03:52:     at Object.<anonymous> (/usr/local/lib/node_modules/pm2/lib/ProcessContainerFork.js:33:23) {
2025-03-07 23:03:52:   code: 'EADDRINUSE',
2025-03-07 23:03:52:   errno: -98,
2025-03-07 23:03:52:   syscall: 'listen',
2025-03-07 23:03:52:   address: '::',
2025-03-07 23:03:52:   port: 3000
2025-03-07 23:03:52: }
2025-03-07 23:03:53: [2025-03-07T23:03:53.032Z] [AI-WARROOM] [WARN] OpenRouter API key not provided. AI agents will not be available.
2025-03-07 23:03:53: [2025-03-07T23:03:53.040Z] [AI-WARROOM] [ERROR] Static path does not exist: /root/code-server/dist/node/src/browser/pages
2025-03-07 23:03:53: Error: listen EADDRINUSE: address already in use :::3000
2025-03-07 23:03:53:     at Server.setupListenHandle [as _listen2] (node:net:1902:16)
2025-03-07 23:03:53:     at listenInCluster (node:net:1959:12)
2025-03-07 23:03:53:     at Server.listen (node:net:2061:7)
2025-03-07 23:03:53:     at HttpServer.start (/root/code-server/dist/node/server.js:81:21)
2025-03-07 23:03:53:     at Object.<anonymous> (/root/code-server/dist/node/server.js:93:13)
2025-03-07 23:03:53:     at Module._compile (node:internal/modules/cjs/loader:1469:14)
2025-03-07 23:03:53:     at Module._extensions..js (node:internal/modules/cjs/loader:1548:10)
2025-03-07 23:03:53:     at Module.load (node:internal/modules/cjs/loader:1288:32)
2025-03-07 23:03:53:     at Module._load (node:internal/modules/cjs/loader:1104:12)
2025-03-07 23:03:53:     at Object.<anonymous> (/usr/local/lib/node_modules/pm2/lib/ProcessContainerFork.js:33:23) {
2025-03-07 23:03:53:   code: 'EADDRINUSE',
2025-03-07 23:03:53:   errno: -98,
2025-03-07 23:03:53:   syscall: 'listen',
2025-03-07 23:03:53:   address: '::',
2025-03-07 23:03:53:   port: 3000
2025-03-07 23:03:53: }
2025-03-07 23:03:53: [2025-03-07T23:03:53.664Z] [AI-WARROOM] [WARN] OpenRouter API key not provided. AI agents will not be available.
2025-03-07 23:03:53: [2025-03-07T23:03:53.672Z] [AI-WARROOM] [ERROR] Static path does not exist: /root/code-server/dist/node/src/browser/pages
2025-03-07 23:03:53: Error: listen EADDRINUSE: address already in use :::3000
2025-03-07 23:03:53:     at Server.setupListenHandle [as _listen2] (node:net:1902:16)
2025-03-07 23:03:53:     at listenInCluster (node:net:1959:12)
2025-03-07 23:03:53:     at Server.listen (node:net:2061:7)
2025-03-07 23:03:53:     at HttpServer.start (/root/code-server/dist/node/server.js:81:21)
2025-03-07 23:03:53:     at Object.<anonymous> (/root/code-server/dist/node/server.js:93:13)
2025-03-07 23:03:53:     at Module._compile (node:internal/modules/cjs/loader:1469:14)
2025-03-07 23:03:53:     at Module._extensions..js (node:internal/modules/cjs/loader:1548:10)
2025-03-07 23:03:53:     at Module.load (node:internal/modules/cjs/loader:1288:32)
2025-03-07 23:03:53:     at Module._load (node:internal/modules/cjs/loader:1104:12)
2025-03-07 23:03:53:     at Object.<anonymous> (/usr/local/lib/node_modules/pm2/lib/ProcessContainerFork.js:33:23) {
2025-03-07 23:03:53:   code: 'EADDRINUSE',
2025-03-07 23:03:53:   errno: -98,
2025-03-07 23:03:53:   syscall: 'listen',
2025-03-07 23:03:53:   address: '::',
2025-03-07 23:03:53:   port: 3000
2025-03-07 23:03:53: }
2025-03-07 23:03:54: [2025-03-07T23:03:54.316Z] [AI-WARROOM] [WARN] OpenRouter API key not provided. AI agents will not be available.
2025-03-07 23:03:54: [2025-03-07T23:03:54.322Z] [AI-WARROOM] [ERROR] Static path does not exist: /root/code-server/dist/node/src/browser/pages
2025-03-07 23:03:54: Error: listen EADDRINUSE: address already in use :::3000
2025-03-07 23:03:54:     at Server.setupListenHandle [as _listen2] (node:net:1902:16)
2025-03-07 23:03:54:     at listenInCluster (node:net:1959:12)
2025-03-07 23:03:54:     at Server.listen (node:net:2061:7)
2025-03-07 23:03:54:     at HttpServer.start (/root/code-server/dist/node/server.js:81:21)
2025-03-07 23:03:54:     at Object.<anonymous> (/root/code-server/dist/node/server.js:93:13)
2025-03-07 23:03:54:     at Module._compile (node:internal/modules/cjs/loader:1469:14)
2025-03-07 23:03:54:     at Module._extensions..js (node:internal/modules/cjs/loader:1548:10)
2025-03-07 23:03:54:     at Module.load (node:internal/modules/cjs/loader:1288:32)
2025-03-07 23:03:54:     at Module._load (node:internal/modules/cjs/loader:1104:12)
2025-03-07 23:03:54:     at Object.<anonymous> (/usr/local/lib/node_modules/pm2/lib/ProcessContainerFork.js:33:23) {
2025-03-07 23:03:54:   code: 'EADDRINUSE',
2025-03-07 23:03:54:   errno: -98,
2025-03-07 23:03:54:   syscall: 'listen',
2025-03-07 23:03:54:   address: '::',
2025-03-07 23:03:54:   port: 3000
2025-03-07 23:03:54: }
2025-03-07 23:03:54: [2025-03-07T23:03:54.917Z] [AI-WARROOM] [WARN] OpenRouter API key not provided. AI agents will not be available.
2025-03-07 23:03:54: [2025-03-07T23:03:54.925Z] [AI-WARROOM] [ERROR] Static path does not exist: /root/code-server/dist/node/src/browser/pages
2025-03-07 23:03:54: Error: listen EADDRINUSE: address already in use :::3000
2025-03-07 23:03:54:     at Server.setupListenHandle [as _listen2] (node:net:1902:16)
2025-03-07 23:03:54:     at listenInCluster (node:net:1959:12)
2025-03-07 23:03:54:     at Server.listen (node:net:2061:7)
2025-03-07 23:03:54:     at HttpServer.start (/root/code-server/dist/node/server.js:81:21)
2025-03-07 23:03:54:     at Object.<anonymous> (/root/code-server/dist/node/server.js:93:13)
2025-03-07 23:03:54:     at Module._compile (node:internal/modules/cjs/loader:1469:14)
2025-03-07 23:03:54:     at Module._extensions..js (node:internal/modules/cjs/loader:1548:10)
2025-03-07 23:03:54:     at Module.load (node:internal/modules/cjs/loader:1288:32)
2025-03-07 23:03:54:     at Module._load (node:internal/modules/cjs/loader:1104:12)
2025-03-07 23:03:54:     at Object.<anonymous> (/usr/local/lib/node_modules/pm2/lib/ProcessContainerFork.js:33:23) {
2025-03-07 23:03:54:   code: 'EADDRINUSE',
2025-03-07 23:03:54:   errno: -98,
2025-03-07 23:03:54:   syscall: 'listen',
2025-03-07 23:03:54:   address: '::',
2025-03-07 23:03:54:   port: 3000
2025-03-07 23:03:54: }
2025-03-07 23:03:55: [2025-03-07T23:03:55.545Z] [AI-WARROOM] [WARN] OpenRouter API key not provided. AI agents will not be available.
2025-03-07 23:03:55: [2025-03-07T23:03:55.558Z] [AI-WARROOM] [ERROR] Static path does not exist: /root/code-server/dist/node/src/browser/pages
2025-03-07 23:03:55: Error: listen EADDRINUSE: address already in use :::3000
2025-03-07 23:03:55:     at Server.setupListenHandle [as _listen2] (node:net:1902:16)
2025-03-07 23:03:55:     at listenInCluster (node:net:1959:12)
2025-03-07 23:03:55:     at Server.listen (node:net:2061:7)
2025-03-07 23:03:55:     at HttpServer.start (/root/code-server/dist/node/server.js:81:21)
2025-03-07 23:03:55:     at Object.<anonymous> (/root/code-server/dist/node/server.js:93:13)
2025-03-07 23:03:55:     at Module._compile (node:internal/modules/cjs/loader:1469:14)
2025-03-07 23:03:55:     at Module._extensions..js (node:internal/modules/cjs/loader:1548:10)
2025-03-07 23:03:55:     at Module.load (node:internal/modules/cjs/loader:1288:32)
2025-03-07 23:03:55:     at Module._load (node:internal/modules/cjs/loader:1104:12)
2025-03-07 23:03:55:     at Object.<anonymous> (/usr/local/lib/node_modules/pm2/lib/ProcessContainerFork.js:33:23) {
2025-03-07 23:03:55:   code: 'EADDRINUSE',
2025-03-07 23:03:55:   errno: -98,
2025-03-07 23:03:55:   syscall: 'listen',
2025-03-07 23:03:55:   address: '::',
2025-03-07 23:03:55:   port: 3000
2025-03-07 23:03:55: }
2025-03-07 23:03:56: [2025-03-07T23:03:56.277Z] [AI-WARROOM] [WARN] OpenRouter API key not provided. AI agents will not be available.
2025-03-07 23:03:56: [2025-03-07T23:03:56.286Z] [AI-WARROOM] [ERROR] Static path does not exist: /root/code-server/dist/node/src/browser/pages
2025-03-07 23:03:56: Error: listen EADDRINUSE: address already in use :::3000
2025-03-07 23:03:56:     at Server.setupListenHandle [as _listen2] (node:net:1902:16)
2025-03-07 23:03:56:     at listenInCluster (node:net:1959:12)
2025-03-07 23:03:56:     at Server.listen (node:net:2061:7)
2025-03-07 23:03:56:     at HttpServer.start (/root/code-server/dist/node/server.js:81:21)
2025-03-07 23:03:56:     at Object.<anonymous> (/root/code-server/dist/node/server.js:93:13)
2025-03-07 23:03:56:     at Module._compile (node:internal/modules/cjs/loader:1469:14)
2025-03-07 23:03:56:     at Module._extensions..js (node:internal/modules/cjs/loader:1548:10)
2025-03-07 23:03:56:     at Module.load (node:internal/modules/cjs/loader:1288:32)
2025-03-07 23:03:56:     at Module._load (node:internal/modules/cjs/loader:1104:12)
2025-03-07 23:03:56:     at Object.<anonymous> (/usr/local/lib/node_modules/pm2/lib/ProcessContainerFork.js:33:23) {
2025-03-07 23:03:56:   code: 'EADDRINUSE',
2025-03-07 23:03:56:   errno: -98,
2025-03-07 23:03:56:   syscall: 'listen',
2025-03-07 23:03:56:   address: '::',
2025-03-07 23:03:56:   port: 3000
2025-03-07 23:03:56: }
2025-03-07 23:03:56: [2025-03-07T23:03:56.911Z] [AI-WARROOM] [WARN] OpenRouter API key not provided. AI agents will not be available.
2025-03-07 23:03:56: [2025-03-07T23:03:56.919Z] [AI-WARROOM] [ERROR] Static path does not exist: /root/code-server/dist/node/src/browser/pages
2025-03-07 23:03:56: Error: listen EADDRINUSE: address already in use :::3000
2025-03-07 23:03:56:     at Server.setupListenHandle [as _listen2] (node:net:1902:16)
2025-03-07 23:03:56:     at listenInCluster (node:net:1959:12)
2025-03-07 23:03:56:     at Server.listen (node:net:2061:7)
2025-03-07 23:03:56:     at HttpServer.start (/root/code-server/dist/node/server.js:81:21)
2025-03-07 23:03:56:     at Object.<anonymous> (/root/code-server/dist/node/server.js:93:13)
2025-03-07 23:03:56:     at Module._compile (node:internal/modules/cjs/loader:1469:14)
2025-03-07 23:03:56:     at Module._extensions..js (node:internal/modules/cjs/loader:1548:10)
2025-03-07 23:03:56:     at Module.load (node:internal/modules/cjs/loader:1288:32)
2025-03-07 23:03:56:     at Module._load (node:internal/modules/cjs/loader:1104:12)
2025-03-07 23:03:56:     at Object.<anonymous> (/usr/local/lib/node_modules/pm2/lib/ProcessContainerFork.js:33:23) {
2025-03-07 23:03:56:   code: 'EADDRINUSE',
2025-03-07 23:03:56:   errno: -98,
2025-03-07 23:03:56:   syscall: 'listen',
2025-03-07 23:03:56:   address: '::',
2025-03-07 23:03:56:   port: 3000
2025-03-07 23:03:56: }
2025-03-07 23:03:57: [2025-03-07T23:03:57.625Z] [AI-WARROOM] [WARN] OpenRouter API key not provided. AI agents will not be available.
2025-03-07 23:03:57: [2025-03-07T23:03:57.637Z] [AI-WARROOM] [ERROR] Static path does not exist: /root/code-server/dist/node/src/browser/pages
2025-03-07 23:03:57: Error: listen EADDRINUSE: address already in use :::3000
2025-03-07 23:03:57:     at Server.setupListenHandle [as _listen2] (node:net:1902:16)
2025-03-07 23:03:57:     at listenInCluster (node:net:1959:12)
2025-03-07 23:03:57:     at Server.listen (node:net:2061:7)
2025-03-07 23:03:57:     at HttpServer.start (/root/code-server/dist/node/server.js:81:21)
2025-03-07 23:03:57:     at Object.<anonymous> (/root/code-server/dist/node/server.js:93:13)
2025-03-07 23:03:57:     at Module._compile (node:internal/modules/cjs/loader:1469:14)
2025-03-07 23:03:57:     at Module._extensions..js (node:internal/modules/cjs/loader:1548:10)
2025-03-07 23:03:57:     at Module.load (node:internal/modules/cjs/loader:1288:32)
2025-03-07 23:03:57:     at Module._load (node:internal/modules/cjs/loader:1104:12)
2025-03-07 23:03:57:     at Object.<anonymous> (/usr/local/lib/node_modules/pm2/lib/ProcessContainerFork.js:33:23) {
2025-03-07 23:03:57:   code: 'EADDRINUSE',
2025-03-07 23:03:57:   errno: -98,
2025-03-07 23:03:57:   syscall: 'listen',
2025-03-07 23:03:57:   address: '::',
2025-03-07 23:03:57:   port: 3000
2025-03-07 23:03:57: }
2025-03-07 23:03:58: [2025-03-07T23:03:58.366Z] [AI-WARROOM] [WARN] OpenRouter API key not provided. AI agents will not be available.
2025-03-07 23:03:58: [2025-03-07T23:03:58.384Z] [AI-WARROOM] [ERROR] Static path does not exist: /root/code-server/dist/node/src/browser/pages
2025-03-07 23:03:58: Error: listen EADDRINUSE: address already in use :::3000
2025-03-07 23:03:58:     at Server.setupListenHandle [as _listen2] (node:net:1902:16)
2025-03-07 23:03:58:     at listenInCluster (node:net:1959:12)
2025-03-07 23:03:58:     at Server.listen (node:net:2061:7)
2025-03-07 23:03:58:     at HttpServer.start (/root/code-server/dist/node/server.js:81:21)
2025-03-07 23:03:58:     at Object.<anonymous> (/root/code-server/dist/node/server.js:93:13)
2025-03-07 23:03:58:     at Module._compile (node:internal/modules/cjs/loader:1469:14)
2025-03-07 23:03:58:     at Module._extensions..js (node:internal/modules/cjs/loader:1548:10)
2025-03-07 23:03:58:     at Module.load (node:internal/modules/cjs/loader:1288:32)
2025-03-07 23:03:58:     at Module._load (node:internal/modules/cjs/loader:1104:12)
2025-03-07 23:03:58:     at Object.<anonymous> (/usr/local/lib/node_modules/pm2/lib/ProcessContainerFork.js:33:23) {
2025-03-07 23:03:58:   code: 'EADDRINUSE',
2025-03-07 23:03:58:   errno: -98,
2025-03-07 23:03:58:   syscall: 'listen',
2025-03-07 23:03:58:   address: '::',
2025-03-07 23:03:58:   port: 3000
2025-03-07 23:03:58: }
2025-03-07 23:03:59: [2025-03-07T23:03:59.004Z] [AI-WARROOM] [WARN] OpenRouter API key not provided. AI agents will not be available.
2025-03-07 23:03:59: [2025-03-07T23:03:59.023Z] [AI-WARROOM] [ERROR] Static path does not exist: /root/code-server/dist/node/src/browser/pages
2025-03-07 23:03:59: Error: listen EADDRINUSE: address already in use :::3000
2025-03-07 23:03:59:     at Server.setupListenHandle [as _listen2] (node:net:1902:16)
2025-03-07 23:03:59:     at listenInCluster (node:net:1959:12)
2025-03-07 23:03:59:     at Server.listen (node:net:2061:7)
2025-03-07 23:03:59:     at HttpServer.start (/root/code-server/dist/node/server.js:81:21)
2025-03-07 23:03:59:     at Object.<anonymous> (/root/code-server/dist/node/server.js:93:13)
2025-03-07 23:03:59:     at Module._compile (node:internal/modules/cjs/loader:1469:14)
2025-03-07 23:03:59:     at Module._extensions..js (node:internal/modules/cjs/loader:1548:10)
2025-03-07 23:03:59:     at Module.load (node:internal/modules/cjs/loader:1288:32)
2025-03-07 23:03:59:     at Module._load (node:internal/modules/cjs/loader:1104:12)
2025-03-07 23:03:59:     at Object.<anonymous> (/usr/local/lib/node_modules/pm2/lib/ProcessContainerFork.js:33:23) {
2025-03-07 23:03:59:   code: 'EADDRINUSE',
2025-03-07 23:03:59:   errno: -98,
2025-03-07 23:03:59:   syscall: 'listen',
2025-03-07 23:03:59:   address: '::',
2025-03-07 23:03:59:   port: 3000
2025-03-07 23:03:59: }
2025-03-07 23:03:59: [2025-03-07T23:03:59.624Z] [AI-WARROOM] [WARN] OpenRouter API key not provided. AI agents will not be available.
2025-03-07 23:03:59: [2025-03-07T23:03:59.632Z] [AI-WARROOM] [ERROR] Static path does not exist: /root/code-server/dist/node/src/browser/pages
2025-03-07 23:03:59: Error: listen EADDRINUSE: address already in use :::3000
2025-03-07 23:03:59:     at Server.setupListenHandle [as _listen2] (node:net:1902:16)
2025-03-07 23:03:59:     at listenInCluster (node:net:1959:12)
2025-03-07 23:03:59:     at Server.listen (node:net:2061:7)
2025-03-07 23:03:59:     at HttpServer.start (/root/code-server/dist/node/server.js:81:21)
2025-03-07 23:03:59:     at Object.<anonymous> (/root/code-server/dist/node/server.js:93:13)
2025-03-07 23:03:59:     at Module._compile (node:internal/modules/cjs/loader:1469:14)
2025-03-07 23:03:59:     at Module._extensions..js (node:internal/modules/cjs/loader:1548:10)
2025-03-07 23:03:59:     at Module.load (node:internal/modules/cjs/loader:1288:32)
2025-03-07 23:03:59:     at Module._load (node:internal/modules/cjs/loader:1104:12)
2025-03-07 23:03:59:     at Object.<anonymous> (/usr/local/lib/node_modules/pm2/lib/ProcessContainerFork.js:33:23) {
2025-03-07 23:03:59:   code: 'EADDRINUSE',
2025-03-07 23:03:59:   errno: -98,
2025-03-07 23:03:59:   syscall: 'listen',
2025-03-07 23:03:59:   address: '::',
2025-03-07 23:03:59:   port: 3000
2025-03-07 23:03:59: }
2025-03-07 23:04:00: [2025-03-07T23:04:00.208Z] [AI-WARROOM] [WARN] OpenRouter API key not provided. AI agents will not be available.
2025-03-07 23:04:00: [2025-03-07T23:04:00.214Z] [AI-WARROOM] [ERROR] Static path does not exist: /root/code-server/dist/node/src/browser/pages
2025-03-07 23:04:00: Error: listen EADDRINUSE: address already in use :::3000
2025-03-07 23:04:00:     at Server.setupListenHandle [as _listen2] (node:net:1902:16)
2025-03-07 23:04:00:     at listenInCluster (node:net:1959:12)
2025-03-07 23:04:00:     at Server.listen (node:net:2061:7)
2025-03-07 23:04:00:     at HttpServer.start (/root/code-server/dist/node/server.js:81:21)
2025-03-07 23:04:00:     at Object.<anonymous> (/root/code-server/dist/node/server.js:93:13)
2025-03-07 23:04:00:     at Module._compile (node:internal/modules/cjs/loader:1469:14)
2025-03-07 23:04:00:     at Module._extensions..js (node:internal/modules/cjs/loader:1548:10)
2025-03-07 23:04:00:     at Module.load (node:internal/modules/cjs/loader:1288:32)
2025-03-07 23:04:00:     at Module._load (node:internal/modules/cjs/loader:1104:12)
2025-03-07 23:04:00:     at Object.<anonymous> (/usr/local/lib/node_modules/pm2/lib/ProcessContainerFork.js:33:23) {
2025-03-07 23:04:00:   code: 'EADDRINUSE',
2025-03-07 23:04:00:   errno: -98,
2025-03-07 23:04:00:   syscall: 'listen',
2025-03-07 23:04:00:   address: '::',
2025-03-07 23:04:00:   port: 3000
2025-03-07 23:04:00: }
2025-03-07 23:04:00: [2025-03-07T23:04:00.808Z] [AI-WARROOM] [WARN] OpenRouter API key not provided. AI agents will not be available.
2025-03-07 23:04:00: [2025-03-07T23:04:00.828Z] [AI-WARROOM] [ERROR] Static path does not exist: /root/code-server/dist/node/src/browser/pages
2025-03-07 23:04:00: Error: listen EADDRINUSE: address already in use :::3000
2025-03-07 23:04:00:     at Server.setupListenHandle [as _listen2] (node:net:1902:16)
2025-03-07 23:04:00:     at listenInCluster (node:net:1959:12)
2025-03-07 23:04:00:     at Server.listen (node:net:2061:7)
2025-03-07 23:04:00:     at HttpServer.start (/root/code-server/dist/node/server.js:81:21)
2025-03-07 23:04:00:     at Object.<anonymous> (/root/code-server/dist/node/server.js:93:13)
2025-03-07 23:04:00:     at Module._compile (node:internal/modules/cjs/loader:1469:14)
2025-03-07 23:04:00:     at Module._extensions..js (node:internal/modules/cjs/loader:1548:10)
2025-03-07 23:04:00:     at Module.load (node:internal/modules/cjs/loader:1288:32)
2025-03-07 23:04:00:     at Module._load (node:internal/modules/cjs/loader:1104:12)
2025-03-07 23:04:00:     at Object.<anonymous> (/usr/local/lib/node_modules/pm2/lib/ProcessContainerFork.js:33:23) {
2025-03-07 23:04:00:   code: 'EADDRINUSE',
2025-03-07 23:04:00:   errno: -98,
2025-03-07 23:04:00:   syscall: 'listen',
2025-03-07 23:04:00:   address: '::',
2025-03-07 23:04:00:   port: 3000
2025-03-07 23:04:00: }
2025-03-07 23:04:01: [2025-03-07T23:04:01.436Z] [AI-WARROOM] [WARN] OpenRouter API key not provided. AI agents will not be available.
2025-03-07 23:04:01: [2025-03-07T23:04:01.442Z] [AI-WARROOM] [ERROR] Static path does not exist: /root/code-server/dist/node/src/browser/pages
2025-03-07 23:04:01: Error: listen EADDRINUSE: address already in use :::3000
2025-03-07 23:04:01:     at Server.setupListenHandle [as _listen2] (node:net:1902:16)
2025-03-07 23:04:01:     at listenInCluster (node:net:1959:12)
2025-03-07 23:04:01:     at Server.listen (node:net:2061:7)
2025-03-07 23:04:01:     at HttpServer.start (/root/code-server/dist/node/server.js:81:21)
2025-03-07 23:04:01:     at Object.<anonymous> (/root/code-server/dist/node/server.js:93:13)
2025-03-07 23:04:01:     at Module._compile (node:internal/modules/cjs/loader:1469:14)
2025-03-07 23:04:01:     at Module._extensions..js (node:internal/modules/cjs/loader:1548:10)
2025-03-07 23:04:01:     at Module.load (node:internal/modules/cjs/loader:1288:32)
2025-03-07 23:04:01:     at Module._load (node:internal/modules/cjs/loader:1104:12)
2025-03-07 23:04:01:     at Object.<anonymous> (/usr/local/lib/node_modules/pm2/lib/ProcessContainerFork.js:33:23) {
2025-03-07 23:04:01:   code: 'EADDRINUSE',
2025-03-07 23:04:01:   errno: -98,
2025-03-07 23:04:01:   syscall: 'listen',
2025-03-07 23:04:01:   address: '::',
2025-03-07 23:04:01:   port: 3000
2025-03-07 23:04:01: }
2025-03-07 23:04:02: [2025-03-07T23:04:02.048Z] [AI-WARROOM] [WARN] OpenRouter API key not provided. AI agents will not be available.
2025-03-07 23:04:02: [2025-03-07T23:04:02.057Z] [AI-WARROOM] [ERROR] Static path does not exist: /root/code-server/dist/node/src/browser/pages
2025-03-07 23:04:02: Error: listen EADDRINUSE: address already in use :::3000
2025-03-07 23:04:02:     at Server.setupListenHandle [as _listen2] (node:net:1902:16)
2025-03-07 23:04:02:     at listenInCluster (node:net:1959:12)
2025-03-07 23:04:02:     at Server.listen (node:net:2061:7)
2025-03-07 23:04:02:     at HttpServer.start (/root/code-server/dist/node/server.js:81:21)
2025-03-07 23:04:02:     at Object.<anonymous> (/root/code-server/dist/node/server.js:93:13)
2025-03-07 23:04:02:     at Module._compile (node:internal/modules/cjs/loader:1469:14)
2025-03-07 23:04:02:     at Module._extensions..js (node:internal/modules/cjs/loader:1548:10)
2025-03-07 23:04:02:     at Module.load (node:internal/modules/cjs/loader:1288:32)
2025-03-07 23:04:02:     at Module._load (node:internal/modules/cjs/loader:1104:12)
2025-03-07 23:04:02:     at Object.<anonymous> (/usr/local/lib/node_modules/pm2/lib/ProcessContainerFork.js:33:23) {
2025-03-07 23:04:02:   code: 'EADDRINUSE',
2025-03-07 23:04:02:   errno: -98,
2025-03-07 23:04:02:   syscall: 'listen',
2025-03-07 23:04:02:   address: '::',
2025-03-07 23:04:02:   port: 3000
2025-03-07 23:04:02: }
2025-03-07 23:04:02: [2025-03-07T23:04:02.624Z] [AI-WARROOM] [WARN] OpenRouter API key not provided. AI agents will not be available.
2025-03-07 23:04:02: [2025-03-07T23:04:02.632Z] [AI-WARROOM] [ERROR] Static path does not exist: /root/code-server/dist/node/src/browser/pages
2025-03-07 23:04:02: Error: listen EADDRINUSE: address already in use :::3000
2025-03-07 23:04:02:     at Server.setupListenHandle [as _listen2] (node:net:1902:16)
2025-03-07 23:04:02:     at listenInCluster (node:net:1959:12)
2025-03-07 23:04:02:     at Server.listen (node:net:2061:7)
2025-03-07 23:04:02:     at HttpServer.start (/root/code-server/dist/node/server.js:81:21)
2025-03-07 23:04:02:     at Object.<anonymous> (/root/code-server/dist/node/server.js:93:13)
2025-03-07 23:04:02:     at Module._compile (node:internal/modules/cjs/loader:1469:14)
2025-03-07 23:04:02:     at Module._extensions..js (node:internal/modules/cjs/loader:1548:10)
2025-03-07 23:04:02:     at Module.load (node:internal/modules/cjs/loader:1288:32)
2025-03-07 23:04:02:     at Module._load (node:internal/modules/cjs/loader:1104:12)
2025-03-07 23:04:02:     at Object.<anonymous> (/usr/local/lib/node_modules/pm2/lib/ProcessContainerFork.js:33:23) {
2025-03-07 23:04:02:   code: 'EADDRINUSE',
2025-03-07 23:04:02:   errno: -98,
2025-03-07 23:04:02:   syscall: 'listen',
2025-03-07 23:04:02:   address: '::',
2025-03-07 23:04:02:   port: 3000
2025-03-07 23:04:02: }
2025-03-07 23:04:03: [2025-03-07T23:04:03.319Z] [AI-WARROOM] [WARN] OpenRouter API key not provided. AI agents will not be available.
2025-03-07 23:04:03: [2025-03-07T23:04:03.326Z] [AI-WARROOM] [ERROR] Static path does not exist: /root/code-server/dist/node/src/browser/pages
2025-03-07 23:04:03: Error: listen EADDRINUSE: address already in use :::3000
2025-03-07 23:04:03:     at Server.setupListenHandle [as _listen2] (node:net:1902:16)
2025-03-07 23:04:03:     at listenInCluster (node:net:1959:12)
2025-03-07 23:04:03:     at Server.listen (node:net:2061:7)
2025-03-07 23:04:03:     at HttpServer.start (/root/code-server/dist/node/server.js:81:21)
2025-03-07 23:04:03:     at Object.<anonymous> (/root/code-server/dist/node/server.js:93:13)
2025-03-07 23:04:03:     at Module._compile (node:internal/modules/cjs/loader:1469:14)
2025-03-07 23:04:03:     at Module._extensions..js (node:internal/modules/cjs/loader:1548:10)
2025-03-07 23:04:03:     at Module.load (node:internal/modules/cjs/loader:1288:32)
2025-03-07 23:04:03:     at Module._load (node:internal/modules/cjs/loader:1104:12)
2025-03-07 23:04:03:     at Object.<anonymous> (/usr/local/lib/node_modules/pm2/lib/ProcessContainerFork.js:33:23) {
2025-03-07 23:04:03:   code: 'EADDRINUSE',
2025-03-07 23:04:03:   errno: -98,
2025-03-07 23:04:03:   syscall: 'listen',
2025-03-07 23:04:03:   address: '::',
2025-03-07 23:04:03:   port: 3000
2025-03-07 23:04:03: }
2025-03-07 23:04:04: [2025-03-07T23:04:04.010Z] [AI-WARROOM] [WARN] OpenRouter API key not provided. AI agents will not be available.
2025-03-07 23:04:04: [2025-03-07T23:04:04.016Z] [AI-WARROOM] [ERROR] Static path does not exist: /root/code-server/dist/node/src/browser/pages
2025-03-07 23:04:04: Error: listen EADDRINUSE: address already in use :::3000
2025-03-07 23:04:04:     at Server.setupListenHandle [as _listen2] (node:net:1902:16)
2025-03-07 23:04:04:     at listenInCluster (node:net:1959:12)
2025-03-07 23:04:04:     at Server.listen (node:net:2061:7)
2025-03-07 23:04:04:     at HttpServer.start (/root/code-server/dist/node/server.js:81:21)
2025-03-07 23:04:04:     at Object.<anonymous> (/root/code-server/dist/node/server.js:93:13)
2025-03-07 23:04:04:     at Module._compile (node:internal/modules/cjs/loader:1469:14)
2025-03-07 23:04:04:     at Module._extensions..js (node:internal/modules/cjs/loader:1548:10)
2025-03-07 23:04:04:     at Module.load (node:internal/modules/cjs/loader:1288:32)
2025-03-07 23:04:04:     at Module._load (node:internal/modules/cjs/loader:1104:12)
2025-03-07 23:04:04:     at Object.<anonymous> (/usr/local/lib/node_modules/pm2/lib/ProcessContainerFork.js:33:23) {
2025-03-07 23:04:04:   code: 'EADDRINUSE',
2025-03-07 23:04:04:   errno: -98,
2025-03-07 23:04:04:   syscall: 'listen',
2025-03-07 23:04:04:   address: '::',
2025-03-07 23:04:04:   port: 3000
2025-03-07 23:04:04: }
2025-03-07 23:04:04: [2025-03-07T23:04:04.666Z] [AI-WARROOM] [WARN] OpenRouter API key not provided. AI agents will not be available.
2025-03-07 23:04:04: [2025-03-07T23:04:04.675Z] [AI-WARROOM] [ERROR] Static path does not exist: /root/code-server/dist/node/src/browser/pages
2025-03-07 23:04:04: Error: listen EADDRINUSE: address already in use :::3000
2025-03-07 23:04:04:     at Server.setupListenHandle [as _listen2] (node:net:1902:16)
2025-03-07 23:04:04:     at listenInCluster (node:net:1959:12)
2025-03-07 23:04:04:     at Server.listen (node:net:2061:7)
2025-03-07 23:04:04:     at HttpServer.start (/root/code-server/dist/node/server.js:81:21)
2025-03-07 23:04:04:     at Object.<anonymous> (/root/code-server/dist/node/server.js:93:13)
2025-03-07 23:04:04:     at Module._compile (node:internal/modules/cjs/loader:1469:14)
2025-03-07 23:04:04:     at Module._extensions..js (node:internal/modules/cjs/loader:1548:10)
2025-03-07 23:04:04:     at Module.load (node:internal/modules/cjs/loader:1288:32)
2025-03-07 23:04:04:     at Module._load (node:internal/modules/cjs/loader:1104:12)
2025-03-07 23:04:04:     at Object.<anonymous> (/usr/local/lib/node_modules/pm2/lib/ProcessContainerFork.js:33:23) {
2025-03-07 23:04:04:   code: 'EADDRINUSE',
2025-03-07 23:04:04:   errno: -98,
2025-03-07 23:04:04:   syscall: 'listen',
2025-03-07 23:04:04:   address: '::',
2025-03-07 23:04:04:   port: 3000
2025-03-07 23:04:04: }
2025-03-07 23:04:05: [2025-03-07T23:04:05.305Z] [AI-WARROOM] [WARN] OpenRouter API key not provided. AI agents will not be available.
2025-03-07 23:04:05: [2025-03-07T23:04:05.314Z] [AI-WARROOM] [ERROR] Static path does not exist: /root/code-server/dist/node/src/browser/pages
2025-03-07 23:04:05: Error: listen EADDRINUSE: address already in use :::3000
2025-03-07 23:04:05:     at Server.setupListenHandle [as _listen2] (node:net:1902:16)
2025-03-07 23:04:05:     at listenInCluster (node:net:1959:12)
2025-03-07 23:04:05:     at Server.listen (node:net:2061:7)
2025-03-07 23:04:05:     at HttpServer.start (/root/code-server/dist/node/server.js:81:21)
2025-03-07 23:04:05:     at Object.<anonymous> (/root/code-server/dist/node/server.js:93:13)
2025-03-07 23:04:05:     at Module._compile (node:internal/modules/cjs/loader:1469:14)
2025-03-07 23:04:05:     at Module._extensions..js (node:internal/modules/cjs/loader:1548:10)
2025-03-07 23:04:05:     at Module.load (node:internal/modules/cjs/loader:1288:32)
2025-03-07 23:04:05:     at Module._load (node:internal/modules/cjs/loader:1104:12)
2025-03-07 23:04:05:     at Object.<anonymous> (/usr/local/lib/node_modules/pm2/lib/ProcessContainerFork.js:33:23) {
2025-03-07 23:04:05:   code: 'EADDRINUSE',
2025-03-07 23:04:05:   errno: -98,
2025-03-07 23:04:05:   syscall: 'listen',
2025-03-07 23:04:05:   address: '::',
2025-03-07 23:04:05:   port: 3000
2025-03-07 23:04:05: }
2025-03-07 23:04:05: [2025-03-07T23:04:05.944Z] [AI-WARROOM] [WARN] OpenRouter API key not provided. AI agents will not be available.
2025-03-07 23:04:05: [2025-03-07T23:04:05.949Z] [AI-WARROOM] [ERROR] Static path does not exist: /root/code-server/dist/node/src/browser/pages
2025-03-07 23:04:05: Error: listen EADDRINUSE: address already in use :::3000
2025-03-07 23:04:05:     at Server.setupListenHandle [as _listen2] (node:net:1902:16)
2025-03-07 23:04:05:     at listenInCluster (node:net:1959:12)
2025-03-07 23:04:05:     at Server.listen (node:net:2061:7)
2025-03-07 23:04:05:     at HttpServer.start (/root/code-server/dist/node/server.js:81:21)
2025-03-07 23:04:05:     at Object.<anonymous> (/root/code-server/dist/node/server.js:93:13)
2025-03-07 23:04:05:     at Module._compile (node:internal/modules/cjs/loader:1469:14)
2025-03-07 23:04:05:     at Module._extensions..js (node:internal/modules/cjs/loader:1548:10)
2025-03-07 23:04:05:     at Module.load (node:internal/modules/cjs/loader:1288:32)
2025-03-07 23:04:05:     at Module._load (node:internal/modules/cjs/loader:1104:12)
2025-03-07 23:04:05:     at Object.<anonymous> (/usr/local/lib/node_modules/pm2/lib/ProcessContainerFork.js:33:23) {
2025-03-07 23:04:05:   code: 'EADDRINUSE',
2025-03-07 23:04:05:   errno: -98,
2025-03-07 23:04:05:   syscall: 'listen',
2025-03-07 23:04:05:   address: '::',
2025-03-07 23:04:05:   port: 3000
2025-03-07 23:04:05: }
2025-03-07 23:04:06: [2025-03-07T23:04:06.592Z] [AI-WARROOM] [WARN] OpenRouter API key not provided. AI agents will not be available.
2025-03-07 23:04:06: [2025-03-07T23:04:06.598Z] [AI-WARROOM] [ERROR] Static path does not exist: /root/code-server/dist/node/src/browser/pages
2025-03-07 23:04:06: Error: listen EADDRINUSE: address already in use :::3000
2025-03-07 23:04:06:     at Server.setupListenHandle [as _listen2] (node:net:1902:16)
2025-03-07 23:04:06:     at listenInCluster (node:net:1959:12)
2025-03-07 23:04:06:     at Server.listen (node:net:2061:7)
2025-03-07 23:04:06:     at HttpServer.start (/root/code-server/dist/node/server.js:81:21)
2025-03-07 23:04:06:     at Object.<anonymous> (/root/code-server/dist/node/server.js:93:13)
2025-03-07 23:04:06:     at Module._compile (node:internal/modules/cjs/loader:1469:14)
2025-03-07 23:04:06:     at Module._extensions..js (node:internal/modules/cjs/loader:1548:10)
2025-03-07 23:04:06:     at Module.load (node:internal/modules/cjs/loader:1288:32)
2025-03-07 23:04:06:     at Module._load (node:internal/modules/cjs/loader:1104:12)
2025-03-07 23:04:06:     at Object.<anonymous> (/usr/local/lib/node_modules/pm2/lib/ProcessContainerFork.js:33:23) {
2025-03-07 23:04:06:   code: 'EADDRINUSE',
2025-03-07 23:04:06:   errno: -98,
2025-03-07 23:04:06:   syscall: 'listen',
2025-03-07 23:04:06:   address: '::',
2025-03-07 23:04:06:   port: 3000
2025-03-07 23:04:06: }
2025-03-07 23:04:07: [2025-03-07T23:04:07.214Z] [AI-WARROOM] [WARN] OpenRouter API key not provided. AI agents will not be available.
2025-03-07 23:04:07: [2025-03-07T23:04:07.221Z] [AI-WARROOM] [ERROR] Static path does not exist: /root/code-server/dist/node/src/browser/pages
2025-03-07 23:04:07: Error: listen EADDRINUSE: address already in use :::3000
2025-03-07 23:04:07:     at Server.setupListenHandle [as _listen2] (node:net:1902:16)
2025-03-07 23:04:07:     at listenInCluster (node:net:1959:12)
2025-03-07 23:04:07:     at Server.listen (node:net:2061:7)
2025-03-07 23:04:07:     at HttpServer.start (/root/code-server/dist/node/server.js:81:21)
2025-03-07 23:04:07:     at Object.<anonymous> (/root/code-server/dist/node/server.js:93:13)
2025-03-07 23:04:07:     at Module._compile (node:internal/modules/cjs/loader:1469:14)
2025-03-07 23:04:07:     at Module._extensions..js (node:internal/modules/cjs/loader:1548:10)
2025-03-07 23:04:07:     at Module.load (node:internal/modules/cjs/loader:1288:32)
2025-03-07 23:04:07:     at Module._load (node:internal/modules/cjs/loader:1104:12)
2025-03-07 23:04:07:     at Object.<anonymous> (/usr/local/lib/node_modules/pm2/lib/ProcessContainerFork.js:33:23) {
2025-03-07 23:04:07:   code: 'EADDRINUSE',
2025-03-07 23:04:07:   errno: -98,
2025-03-07 23:04:07:   syscall: 'listen',
2025-03-07 23:04:07:   address: '::',
2025-03-07 23:04:07:   port: 3000
2025-03-07 23:04:07: }
2025-03-07 23:04:07: [2025-03-07T23:04:07.824Z] [AI-WARROOM] [WARN] OpenRouter API key not provided. AI agents will not be available.
2025-03-07 23:04:07: [2025-03-07T23:04:07.832Z] [AI-WARROOM] [ERROR] Static path does not exist: /root/code-server/dist/node/src/browser/pages
2025-03-07 23:04:07: Error: listen EADDRINUSE: address already in use :::3000
2025-03-07 23:04:07:     at Server.setupListenHandle [as _listen2] (node:net:1902:16)
2025-03-07 23:04:07:     at listenInCluster (node:net:1959:12)
2025-03-07 23:04:07:     at Server.listen (node:net:2061:7)
2025-03-07 23:04:07:     at HttpServer.start (/root/code-server/dist/node/server.js:81:21)
2025-03-07 23:04:07:     at Object.<anonymous> (/root/code-server/dist/node/server.js:93:13)
2025-03-07 23:04:07:     at Module._compile (node:internal/modules/cjs/loader:1469:14)
2025-03-07 23:04:07:     at Module._extensions..js (node:internal/modules/cjs/loader:1548:10)
2025-03-07 23:04:07:     at Module.load (node:internal/modules/cjs/loader:1288:32)
2025-03-07 23:04:07:     at Module._load (node:internal/modules/cjs/loader:1104:12)
2025-03-07 23:04:07:     at Object.<anonymous> (/usr/local/lib/node_modules/pm2/lib/ProcessContainerFork.js:33:23) {
2025-03-07 23:04:07:   code: 'EADDRINUSE',
2025-03-07 23:04:07:   errno: -98,
2025-03-07 23:04:07:   syscall: 'listen',
2025-03-07 23:04:07:   address: '::',
2025-03-07 23:04:07:   port: 3000
2025-03-07 23:04:07: }
2025-03-07 23:04:08: [2025-03-07T23:04:08.409Z] [AI-WARROOM] [WARN] OpenRouter API key not provided. AI agents will not be available.
2025-03-07 23:04:08: [2025-03-07T23:04:08.425Z] [AI-WARROOM] [ERROR] Static path does not exist: /root/code-server/dist/node/src/browser/pages
2025-03-07 23:04:08: Error: listen EADDRINUSE: address already in use :::3000
2025-03-07 23:04:08:     at Server.setupListenHandle [as _listen2] (node:net:1902:16)
2025-03-07 23:04:08:     at listenInCluster (node:net:1959:12)
2025-03-07 23:04:08:     at Server.listen (node:net:2061:7)
2025-03-07 23:04:08:     at HttpServer.start (/root/code-server/dist/node/server.js:81:21)
2025-03-07 23:04:08:     at Object.<anonymous> (/root/code-server/dist/node/server.js:93:13)
2025-03-07 23:04:08:     at Module._compile (node:internal/modules/cjs/loader:1469:14)
2025-03-07 23:04:08:     at Module._extensions..js (node:internal/modules/cjs/loader:1548:10)
2025-03-07 23:04:08:     at Module.load (node:internal/modules/cjs/loader:1288:32)
2025-03-07 23:04:08:     at Module._load (node:internal/modules/cjs/loader:1104:12)
2025-03-07 23:04:08:     at Object.<anonymous> (/usr/local/lib/node_modules/pm2/lib/ProcessContainerFork.js:33:23) {
2025-03-07 23:04:08:   code: 'EADDRINUSE',
2025-03-07 23:04:08:   errno: -98,
2025-03-07 23:04:08:   syscall: 'listen',
2025-03-07 23:04:08:   address: '::',
2025-03-07 23:04:08:   port: 3000
2025-03-07 23:04:08: }
2025-03-07 23:04:09: [2025-03-07T23:04:09.020Z] [AI-WARROOM] [WARN] OpenRouter API key not provided. AI agents will not be available.
2025-03-07 23:04:09: [2025-03-07T23:04:09.025Z] [AI-WARROOM] [ERROR] Static path does not exist: /root/code-server/dist/node/src/browser/pages
2025-03-07 23:04:09: Error: listen EADDRINUSE: address already in use :::3000
2025-03-07 23:04:09:     at Server.setupListenHandle [as _listen2] (node:net:1902:16)
2025-03-07 23:04:09:     at listenInCluster (node:net:1959:12)
2025-03-07 23:04:09:     at Server.listen (node:net:2061:7)
2025-03-07 23:04:09:     at HttpServer.start (/root/code-server/dist/node/server.js:81:21)
2025-03-07 23:04:09:     at Object.<anonymous> (/root/code-server/dist/node/server.js:93:13)
2025-03-07 23:04:09:     at Module._compile (node:internal/modules/cjs/loader:1469:14)
2025-03-07 23:04:09:     at Module._extensions..js (node:internal/modules/cjs/loader:1548:10)
2025-03-07 23:04:09:     at Module.load (node:internal/modules/cjs/loader:1288:32)
2025-03-07 23:04:09:     at Module._load (node:internal/modules/cjs/loader:1104:12)
2025-03-07 23:04:09:     at Object.<anonymous> (/usr/local/lib/node_modules/pm2/lib/ProcessContainerFork.js:33:23) {
2025-03-07 23:04:09:   code: 'EADDRINUSE',
2025-03-07 23:04:09:   errno: -98,
2025-03-07 23:04:09:   syscall: 'listen',
2025-03-07 23:04:09:   address: '::',
2025-03-07 23:04:09:   port: 3000
2025-03-07 23:04:09: }
2025-03-07 23:04:09: [2025-03-07T23:04:09.691Z] [AI-WARROOM] [WARN] OpenRouter API key not provided. AI agents will not be available.
2025-03-07 23:04:09: [2025-03-07T23:04:09.703Z] [AI-WARROOM] [ERROR] Static path does not exist: /root/code-server/dist/node/src/browser/pages
2025-03-07 23:04:09: Error: listen EADDRINUSE: address already in use :::3000
2025-03-07 23:04:09:     at Server.setupListenHandle [as _listen2] (node:net:1902:16)
2025-03-07 23:04:09:     at listenInCluster (node:net:1959:12)
2025-03-07 23:04:09:     at Server.listen (node:net:2061:7)
2025-03-07 23:04:09:     at HttpServer.start (/root/code-server/dist/node/server.js:81:21)
2025-03-07 23:04:09:     at Object.<anonymous> (/root/code-server/dist/node/server.js:93:13)
2025-03-07 23:04:09:     at Module._compile (node:internal/modules/cjs/loader:1469:14)
2025-03-07 23:04:09:     at Module._extensions..js (node:internal/modules/cjs/loader:1548:10)
2025-03-07 23:04:09:     at Module.load (node:internal/modules/cjs/loader:1288:32)
2025-03-07 23:04:09:     at Module._load (node:internal/modules/cjs/loader:1104:12)
2025-03-07 23:04:09:     at Object.<anonymous> (/usr/local/lib/node_modules/pm2/lib/ProcessContainerFork.js:33:23) {
2025-03-07 23:04:09:   code: 'EADDRINUSE',
2025-03-07 23:04:09:   errno: -98,
2025-03-07 23:04:09:   syscall: 'listen',
2025-03-07 23:04:09:   address: '::',
2025-03-07 23:04:09:   port: 3000
2025-03-07 23:04:09: }
