2025-03-07 22:58 +00:00: [2025-03-07T22:58:21.758Z] [AI-WARROOM] [INFO] Initializing AI agent service
2025-03-07 22:58 +00:00: [2025-03-07T22:58:21.763Z] [AI-WARROOM] [INFO] Server root path: /root/code-server/dist/node
2025-03-07 22:58 +00:00: Starting AI War Room Extension initialization...
2025-03-07 22:58 +00:00: Agent config directory: ./agent-config
2025-03-07 22:58 +00:00: Agent service initialized successfully
2025-03-07 22:58 +00:00: API router mounted at /api/ai
2025-03-07 22:58 +00:00: Serving static files from: /root/code-server/dist/node/src/browser/pages
2025-03-07 22:58 +00:00: AI War Room extension initialized successfully
2025-03-07 22:58 +00:00: [2025-03-07T22:58:21.769Z] [AI-WARROOM] [INFO] AI War Room extension initialized
2025-03-07 22:58 +00:00: [2025-03-07T22:58:22.357Z] [AI-WARROOM] [INFO] Initializing AI agent service
2025-03-07 22:58 +00:00: [2025-03-07T22:58:22.359Z] [AI-WARROOM] [INFO] Server root path: /root/code-server/dist/node
2025-03-07 22:58 +00:00: Starting AI War Room Extension initialization...
2025-03-07 22:58 +00:00: Agent config directory: ./agent-config
2025-03-07 22:58 +00:00: Agent service initialized successfully
2025-03-07 22:58 +00:00: API router mounted at /api/ai
2025-03-07 22:58 +00:00: Serving static files from: /root/code-server/dist/node/src/browser/pages
2025-03-07 22:58 +00:00: AI War Room extension initialized successfully
2025-03-07 22:58 +00:00: [2025-03-07T22:58:22.366Z] [AI-WARROOM] [INFO] AI War Room extension initialized
2025-03-07 22:58 +00:00: [2025-03-07T22:58:22.963Z] [AI-WARROOM] [INFO] Initializing AI agent service
2025-03-07 22:58 +00:00: [2025-03-07T22:58:22.967Z] [AI-WARROOM] [INFO] Server root path: /root/code-server/dist/node
2025-03-07 22:58 +00:00: Starting AI War Room Extension initialization...
2025-03-07 22:58 +00:00: Agent config directory: ./agent-config
2025-03-07 22:58 +00:00: Agent service initialized successfully
2025-03-07 22:58 +00:00: API router mounted at /api/ai
2025-03-07 22:58 +00:00: Serving static files from: /root/code-server/dist/node/src/browser/pages
2025-03-07 22:58 +00:00: AI War Room extension initialized successfully
2025-03-07 22:58 +00:00: [2025-03-07T22:58:22.980Z] [AI-WARROOM] [INFO] AI War Room extension initialized
2025-03-07 22:58 +00:00: [2025-03-07T22:58:23.621Z] [AI-WARROOM] [INFO] Initializing AI agent service
2025-03-07 22:58 +00:00: [2025-03-07T22:58:23.625Z] [AI-WARROOM] [INFO] Server root path: /root/code-server/dist/node
2025-03-07 22:58 +00:00: Starting AI War Room Extension initialization...
2025-03-07 22:58 +00:00: Agent config directory: ./agent-config
2025-03-07 22:58 +00:00: Agent service initialized successfully
2025-03-07 22:58 +00:00: API router mounted at /api/ai
2025-03-07 22:58 +00:00: Serving static files from: /root/code-server/dist/node/src/browser/pages
2025-03-07 22:58 +00:00: AI War Room extension initialized successfully
2025-03-07 22:58 +00:00: [2025-03-07T22:58:23.640Z] [AI-WARROOM] [INFO] AI War Room extension initialized
2025-03-07 22:58 +00:00: [2025-03-07T22:58:24.246Z] [AI-WARROOM] [INFO] Initializing AI agent service
2025-03-07 22:58 +00:00: [2025-03-07T22:58:24.249Z] [AI-WARROOM] [INFO] Server root path: /root/code-server/dist/node
2025-03-07 22:58 +00:00: Starting AI War Room Extension initialization...
2025-03-07 22:58 +00:00: Agent config directory: ./agent-config
2025-03-07 22:58 +00:00: Agent service initialized successfully
2025-03-07 22:58 +00:00: API router mounted at /api/ai
2025-03-07 22:58 +00:00: Serving static files from: /root/code-server/dist/node/src/browser/pages
2025-03-07 22:58 +00:00: AI War Room extension initialized successfully
2025-03-07 22:58 +00:00: [2025-03-07T22:58:24.258Z] [AI-WARROOM] [INFO] AI War Room extension initialized
2025-03-07 22:58 +00:00: [2025-03-07T22:58:24.878Z] [AI-WARROOM] [INFO] Initializing AI agent service
2025-03-07 22:58 +00:00: [2025-03-07T22:58:24.883Z] [AI-WARROOM] [INFO] Server root path: /root/code-server/dist/node
2025-03-07 22:58 +00:00: Starting AI War Room Extension initialization...
2025-03-07 22:58 +00:00: Agent config directory: ./agent-config
2025-03-07 22:58 +00:00: Agent service initialized successfully
2025-03-07 22:58 +00:00: API router mounted at /api/ai
2025-03-07 22:58 +00:00: Serving static files from: /root/code-server/dist/node/src/browser/pages
2025-03-07 22:58 +00:00: AI War Room extension initialized successfully
2025-03-07 22:58 +00:00: [2025-03-07T22:58:24.902Z] [AI-WARROOM] [INFO] AI War Room extension initialized
2025-03-07 22:58 +00:00: [2025-03-07T22:58:25.493Z] [AI-WARROOM] [INFO] Initializing AI agent service
2025-03-07 22:58 +00:00: [2025-03-07T22:58:25.496Z] [AI-WARROOM] [INFO] Server root path: /root/code-server/dist/node
2025-03-07 22:58 +00:00: Starting AI War Room Extension initialization...
2025-03-07 22:58 +00:00: Agent config directory: ./agent-config
2025-03-07 22:58 +00:00: Agent service initialized successfully
2025-03-07 22:58 +00:00: API router mounted at /api/ai
2025-03-07 22:58 +00:00: Serving static files from: /root/code-server/dist/node/src/browser/pages
2025-03-07 22:58 +00:00: AI War Room extension initialized successfully
2025-03-07 22:58 +00:00: [2025-03-07T22:58:25.501Z] [AI-WARROOM] [INFO] AI War Room extension initialized
2025-03-07 22:58 +00:00: [2025-03-07T22:58:26.141Z] [AI-WARROOM] [INFO] Initializing AI agent service
2025-03-07 22:58 +00:00: [2025-03-07T22:58:26.144Z] [AI-WARROOM] [INFO] Server root path: /root/code-server/dist/node
2025-03-07 22:58 +00:00: Starting AI War Room Extension initialization...
2025-03-07 22:58 +00:00: Agent config directory: ./agent-config
2025-03-07 22:58 +00:00: Agent service initialized successfully
2025-03-07 22:58 +00:00: API router mounted at /api/ai
2025-03-07 22:58 +00:00: Serving static files from: /root/code-server/dist/node/src/browser/pages
2025-03-07 22:58 +00:00: AI War Room extension initialized successfully
2025-03-07 22:58 +00:00: [2025-03-07T22:58:26.155Z] [AI-WARROOM] [INFO] AI War Room extension initialized
2025-03-07 22:58 +00:00: [2025-03-07T22:58:26.742Z] [AI-WARROOM] [INFO] Initializing AI agent service
2025-03-07 22:58 +00:00: [2025-03-07T22:58:26.747Z] [AI-WARROOM] [INFO] Server root path: /root/code-server/dist/node
2025-03-07 22:58 +00:00: Starting AI War Room Extension initialization...
2025-03-07 22:58 +00:00: Agent config directory: ./agent-config
2025-03-07 22:58 +00:00: Agent service initialized successfully
2025-03-07 22:58 +00:00: API router mounted at /api/ai
2025-03-07 22:58 +00:00: Serving static files from: /root/code-server/dist/node/src/browser/pages
2025-03-07 22:58 +00:00: AI War Room extension initialized successfully
2025-03-07 22:58 +00:00: [2025-03-07T22:58:26.765Z] [AI-WARROOM] [INFO] AI War Room extension initialized
2025-03-07 22:58 +00:00: [2025-03-07T22:58:27.423Z] [AI-WARROOM] [INFO] Initializing AI agent service
2025-03-07 22:58 +00:00: [2025-03-07T22:58:27.426Z] [AI-WARROOM] [INFO] Server root path: /root/code-server/dist/node
2025-03-07 22:58 +00:00: Starting AI War Room Extension initialization...
2025-03-07 22:58 +00:00: Agent config directory: ./agent-config
2025-03-07 22:58 +00:00: Agent service initialized successfully
2025-03-07 22:58 +00:00: [2025-03-07T22:58:28.059Z] [AI-WARROOM] [INFO] Initializing AI agent service
2025-03-07 22:58 +00:00: [2025-03-07T22:58:28.063Z] [AI-WARROOM] [INFO] Server root path: /root/code-server/dist/node
2025-03-07 22:58 +00:00: Starting AI War Room Extension initialization...
2025-03-07 22:58 +00:00: Agent config directory: ./agent-config
2025-03-07 22:58 +00:00: Agent service initialized successfully
2025-03-07 22:58 +00:00: API router mounted at /api/ai
2025-03-07 22:58 +00:00: Serving static files from: /root/code-server/dist/node/src/browser/pages
2025-03-07 22:58 +00:00: AI War Room extension initialized successfully
2025-03-07 22:58 +00:00: [2025-03-07T22:58:28.068Z] [AI-WARROOM] [INFO] AI War Room extension initialized
2025-03-07 22:58 +00:00: [2025-03-07T22:58:28.625Z] [AI-WARROOM] [INFO] Initializing AI agent service
2025-03-07 22:58 +00:00: [2025-03-07T22:58:28.627Z] [AI-WARROOM] [INFO] Server root path: /root/code-server/dist/node
2025-03-07 22:58 +00:00: Starting AI War Room Extension initialization...
2025-03-07 22:58 +00:00: Agent config directory: ./agent-config
2025-03-07 22:58 +00:00: Agent service initialized successfully
2025-03-07 22:58 +00:00: API router mounted at /api/ai
2025-03-07 22:58 +00:00: Serving static files from: /root/code-server/dist/node/src/browser/pages
2025-03-07 22:58 +00:00: AI War Room extension initialized successfully
2025-03-07 22:58 +00:00: [2025-03-07T22:58:28.636Z] [AI-WARROOM] [INFO] AI War Room extension initialized
2025-03-07 22:58 +00:00: [2025-03-07T22:58:29.222Z] [AI-WARROOM] [INFO] Initializing AI agent service
2025-03-07 22:58 +00:00: [2025-03-07T22:58:29.224Z] [AI-WARROOM] [INFO] Server root path: /root/code-server/dist/node
2025-03-07 22:58 +00:00: Starting AI War Room Extension initialization...
2025-03-07 22:58 +00:00: Agent config directory: ./agent-config
2025-03-07 22:58 +00:00: Agent service initialized successfully
2025-03-07 22:58 +00:00: API router mounted at /api/ai
2025-03-07 22:58 +00:00: Serving static files from: /root/code-server/dist/node/src/browser/pages
2025-03-07 22:58 +00:00: AI War Room extension initialized successfully
2025-03-07 22:58 +00:00: [2025-03-07T22:58:29.228Z] [AI-WARROOM] [INFO] AI War Room extension initialized
2025-03-07 22:58 +00:00: [2025-03-07T22:58:29.830Z] [AI-WARROOM] [INFO] Initializing AI agent service
2025-03-07 22:58 +00:00: [2025-03-07T22:58:29.833Z] [AI-WARROOM] [INFO] Server root path: /root/code-server/dist/node
2025-03-07 22:58 +00:00: Starting AI War Room Extension initialization...
2025-03-07 22:58 +00:00: Agent config directory: ./agent-config
2025-03-07 22:58 +00:00: Agent service initialized successfully
2025-03-07 22:58 +00:00: API router mounted at /api/ai
2025-03-07 22:58 +00:00: Serving static files from: /root/code-server/dist/node/src/browser/pages
2025-03-07 22:58 +00:00: AI War Room extension initialized successfully
2025-03-07 22:58 +00:00: [2025-03-07T22:58:29.857Z] [AI-WARROOM] [INFO] AI War Room extension initialized
2025-03-07 22:58 +00:00: [2025-03-07T22:58:30.445Z] [AI-WARROOM] [INFO] Initializing AI agent service
2025-03-07 22:58 +00:00: [2025-03-07T22:58:30.447Z] [AI-WARROOM] [INFO] Server root path: /root/code-server/dist/node
2025-03-07 22:58 +00:00: Starting AI War Room Extension initialization...
2025-03-07 22:58 +00:00: Agent config directory: ./agent-config
2025-03-07 22:58 +00:00: Agent service initialized successfully
2025-03-07 22:58 +00:00: API router mounted at /api/ai
2025-03-07 22:58 +00:00: Serving static files from: /root/code-server/dist/node/src/browser/pages
2025-03-07 22:58 +00:00: AI War Room extension initialized successfully
2025-03-07 22:58 +00:00: [2025-03-07T22:58:30.452Z] [AI-WARROOM] [INFO] AI War Room extension initialized
2025-03-07 22:58 +00:00: [2025-03-07T22:58:31.049Z] [AI-WARROOM] [INFO] Initializing AI agent service
2025-03-07 22:58 +00:00: [2025-03-07T22:58:31.052Z] [AI-WARROOM] [INFO] Server root path: /root/code-server/dist/node
2025-03-07 22:58 +00:00: Starting AI War Room Extension initialization...
2025-03-07 22:58 +00:00: Agent config directory: ./agent-config
2025-03-07 22:58 +00:00: Agent service initialized successfully
2025-03-07 22:58 +00:00: API router mounted at /api/ai
2025-03-07 22:58 +00:00: Serving static files from: /root/code-server/dist/node/src/browser/pages
2025-03-07 22:58 +00:00: AI War Room extension initialized successfully
2025-03-07 22:58 +00:00: [2025-03-07T22:58:31.073Z] [AI-WARROOM] [INFO] AI War Room extension initialized
2025-03-07 22:58 +00:00: [2025-03-07T22:58:31.660Z] [AI-WARROOM] [INFO] Initializing AI agent service
2025-03-07 22:58 +00:00: [2025-03-07T22:58:31.668Z] [AI-WARROOM] [INFO] Server root path: /root/code-server/dist/node
2025-03-07 22:58 +00:00: Starting AI War Room Extension initialization...
2025-03-07 22:58 +00:00: Agent config directory: ./agent-config
2025-03-07 22:58 +00:00: Agent service initialized successfully
2025-03-07 22:58 +00:00: API router mounted at /api/ai
2025-03-07 22:58 +00:00: Serving static files from: /root/code-server/dist/node/src/browser/pages
2025-03-07 22:58 +00:00: AI War Room extension initialized successfully
2025-03-07 22:58 +00:00: [2025-03-07T22:58:31.690Z] [AI-WARROOM] [INFO] AI War Room extension initialized
2025-03-07 22:58 +00:00: [2025-03-07T22:58:32.305Z] [AI-WARROOM] [INFO] Initializing AI agent service
2025-03-07 22:58 +00:00: [2025-03-07T22:58:32.308Z] [AI-WARROOM] [INFO] Server root path: /root/code-server/dist/node
2025-03-07 22:58 +00:00: Starting AI War Room Extension initialization...
2025-03-07 22:58 +00:00: Agent config directory: ./agent-config
2025-03-07 22:58 +00:00: Agent service initialized successfully
2025-03-07 22:58 +00:00: API router mounted at /api/ai
2025-03-07 22:58 +00:00: Serving static files from: /root/code-server/dist/node/src/browser/pages
2025-03-07 22:58 +00:00: AI War Room extension initialized successfully
2025-03-07 22:58 +00:00: [2025-03-07T22:58:32.313Z] [AI-WARROOM] [INFO] AI War Room extension initialized
2025-03-07 22:58 +00:00: [2025-03-07T22:58:32.953Z] [AI-WARROOM] [INFO] Initializing AI agent service
2025-03-07 22:58 +00:00: [2025-03-07T22:58:32.956Z] [AI-WARROOM] [INFO] Server root path: /root/code-server/dist/node
2025-03-07 22:58 +00:00: Starting AI War Room Extension initialization...
2025-03-07 22:58 +00:00: Agent config directory: ./agent-config
2025-03-07 22:58 +00:00: Agent service initialized successfully
2025-03-07 22:58 +00:00: API router mounted at /api/ai
2025-03-07 22:58 +00:00: Serving static files from: /root/code-server/dist/node/src/browser/pages
2025-03-07 22:58 +00:00: AI War Room extension initialized successfully
2025-03-07 22:58 +00:00: [2025-03-07T22:58:32.972Z] [AI-WARROOM] [INFO] AI War Room extension initialized
2025-03-07 22:58 +00:00: [2025-03-07T22:58:33.587Z] [AI-WARROOM] [INFO] Initializing AI agent service
2025-03-07 22:58 +00:00: [2025-03-07T22:58:33.589Z] [AI-WARROOM] [INFO] Server root path: /root/code-server/dist/node
2025-03-07 22:58 +00:00: Starting AI War Room Extension initialization...
2025-03-07 22:58 +00:00: Agent config directory: ./agent-config
2025-03-07 22:58 +00:00: Agent service initialized successfully
2025-03-07 22:58 +00:00: API router mounted at /api/ai
2025-03-07 22:58 +00:00: Serving static files from: /root/code-server/dist/node/src/browser/pages
2025-03-07 22:58 +00:00: AI War Room extension initialized successfully
2025-03-07 22:58 +00:00: [2025-03-07T22:58:33.598Z] [AI-WARROOM] [INFO] AI War Room extension initialized
2025-03-07 22:58 +00:00: [2025-03-07T22:58:34.240Z] [AI-WARROOM] [INFO] Initializing AI agent service
2025-03-07 22:58 +00:00: [2025-03-07T22:58:34.243Z] [AI-WARROOM] [INFO] Server root path: /root/code-server/dist/node
2025-03-07 22:58 +00:00: Starting AI War Room Extension initialization...
2025-03-07 22:58 +00:00: Agent config directory: ./agent-config
2025-03-07 22:58 +00:00: Agent service initialized successfully
2025-03-07 22:58 +00:00: API router mounted at /api/ai
2025-03-07 22:58 +00:00: Serving static files from: /root/code-server/dist/node/src/browser/pages
2025-03-07 22:58 +00:00: AI War Room extension initialized successfully
2025-03-07 22:58 +00:00: [2025-03-07T22:58:34.251Z] [AI-WARROOM] [INFO] AI War Room extension initialized
2025-03-07 22:58 +00:00: [2025-03-07T22:58:34.809Z] [AI-WARROOM] [INFO] Initializing AI agent service
2025-03-07 22:58 +00:00: [2025-03-07T22:58:34.820Z] [AI-WARROOM] [INFO] Server root path: /root/code-server/dist/node
2025-03-07 22:58 +00:00: Starting AI War Room Extension initialization...
2025-03-07 22:58 +00:00: Agent config directory: ./agent-config
2025-03-07 22:58 +00:00: Agent service initialized successfully
2025-03-07 22:58 +00:00: API router mounted at /api/ai
2025-03-07 22:58 +00:00: Serving static files from: /root/code-server/dist/node/src/browser/pages
2025-03-07 22:58 +00:00: AI War Room extension initialized successfully
2025-03-07 22:58 +00:00: [2025-03-07T22:58:34.846Z] [AI-WARROOM] [INFO] AI War Room extension initialized
2025-03-07 22:58 +00:00: [2025-03-07T22:58:35.490Z] [AI-WARROOM] [INFO] Initializing AI agent service
2025-03-07 22:58 +00:00: [2025-03-07T22:58:35.492Z] [AI-WARROOM] [INFO] Server root path: /root/code-server/dist/node
2025-03-07 22:58 +00:00: Starting AI War Room Extension initialization...
2025-03-07 22:58 +00:00: Agent config directory: ./agent-config
2025-03-07 22:58 +00:00: Agent service initialized successfully
2025-03-07 22:58 +00:00: API router mounted at /api/ai
2025-03-07 22:58 +00:00: Serving static files from: /root/code-server/dist/node/src/browser/pages
2025-03-07 22:58 +00:00: AI War Room extension initialized successfully
2025-03-07 22:58 +00:00: [2025-03-07T22:58:35.497Z] [AI-WARROOM] [INFO] AI War Room extension initialized
2025-03-07 22:58 +00:00: [2025-03-07T22:58:36.107Z] [AI-WARROOM] [INFO] Initializing AI agent service
2025-03-07 22:58 +00:00: [2025-03-07T22:58:36.109Z] [AI-WARROOM] [INFO] Server root path: /root/code-server/dist/node
2025-03-07 22:58 +00:00: Starting AI War Room Extension initialization...
2025-03-07 22:58 +00:00: Agent config directory: ./agent-config
2025-03-07 22:58 +00:00: Agent service initialized successfully
2025-03-07 22:58 +00:00: API router mounted at /api/ai
2025-03-07 22:58 +00:00: Serving static files from: /root/code-server/dist/node/src/browser/pages
2025-03-07 22:58 +00:00: AI War Room extension initialized successfully
2025-03-07 22:58 +00:00: [2025-03-07T22:58:36.113Z] [AI-WARROOM] [INFO] AI War Room extension initialized
2025-03-07 22:58 +00:00: [2025-03-07T22:58:36.775Z] [AI-WARROOM] [INFO] Initializing AI agent service
2025-03-07 22:58 +00:00: [2025-03-07T22:58:36.776Z] [AI-WARROOM] [INFO] Server root path: /root/code-server/dist/node
2025-03-07 22:58 +00:00: Starting AI War Room Extension initialization...
2025-03-07 22:58 +00:00: Agent config directory: ./agent-config
2025-03-07 22:58 +00:00: Agent service initialized successfully
2025-03-07 22:58 +00:00: API router mounted at /api/ai
2025-03-07 22:58 +00:00: Serving static files from: /root/code-server/dist/node/src/browser/pages
2025-03-07 22:58 +00:00: AI War Room extension initialized successfully
2025-03-07 22:58 +00:00: [2025-03-07T22:58:36.781Z] [AI-WARROOM] [INFO] AI War Room extension initialized
2025-03-07 22:58 +00:00: [2025-03-07T22:58:37.382Z] [AI-WARROOM] [INFO] Initializing AI agent service
2025-03-07 22:58 +00:00: [2025-03-07T22:58:37.386Z] [AI-WARROOM] [INFO] Server root path: /root/code-server/dist/node
2025-03-07 22:58 +00:00: Starting AI War Room Extension initialization...
2025-03-07 22:58 +00:00: Agent config directory: ./agent-config
2025-03-07 22:58 +00:00: Agent service initialized successfully
2025-03-07 22:58 +00:00: API router mounted at /api/ai
2025-03-07 22:58 +00:00: Serving static files from: /root/code-server/dist/node/src/browser/pages
2025-03-07 22:58 +00:00: AI War Room extension initialized successfully
2025-03-07 22:58 +00:00: [2025-03-07T22:58:37.395Z] [AI-WARROOM] [INFO] AI War Room extension initialized
2025-03-07 22:58 +00:00: [2025-03-07T22:58:38.127Z] [AI-WARROOM] [INFO] Initializing AI agent service
2025-03-07 22:58 +00:00: [2025-03-07T22:58:38.129Z] [AI-WARROOM] [INFO] Server root path: /root/code-server/dist/node
2025-03-07 22:58 +00:00: Starting AI War Room Extension initialization...
2025-03-07 22:58 +00:00: Agent config directory: ./agent-config
2025-03-07 22:58 +00:00: Agent service initialized successfully
2025-03-07 22:58 +00:00: API router mounted at /api/ai
2025-03-07 22:58 +00:00: Serving static files from: /root/code-server/dist/node/src/browser/pages
2025-03-07 22:58 +00:00: AI War Room extension initialized successfully
2025-03-07 22:58 +00:00: [2025-03-07T22:58:38.134Z] [AI-WARROOM] [INFO] AI War Room extension initialized
2025-03-07 22:58 +00:00: [2025-03-07T22:58:38.802Z] [AI-WARROOM] [INFO] Initializing AI agent service
2025-03-07 22:58 +00:00: [2025-03-07T22:58:38.804Z] [AI-WARROOM] [INFO] Server root path: /root/code-server/dist/node
2025-03-07 22:58 +00:00: Starting AI War Room Extension initialization...
2025-03-07 22:58 +00:00: Agent config directory: ./agent-config
2025-03-07 22:58 +00:00: Agent service initialized successfully
2025-03-07 22:58 +00:00: API router mounted at /api/ai
2025-03-07 22:58 +00:00: Serving static files from: /root/code-server/dist/node/src/browser/pages
2025-03-07 22:58 +00:00: AI War Room extension initialized successfully
2025-03-07 22:58 +00:00: [2025-03-07T22:58:38.811Z] [AI-WARROOM] [INFO] AI War Room extension initialized
2025-03-07 22:58 +00:00: [2025-03-07T22:58:39.374Z] [AI-WARROOM] [INFO] Initializing AI agent service
2025-03-07 22:58 +00:00: [2025-03-07T22:58:39.377Z] [AI-WARROOM] [INFO] Server root path: /root/code-server/dist/node
2025-03-07 22:58 +00:00: Starting AI War Room Extension initialization...
2025-03-07 22:58 +00:00: Agent config directory: ./agent-config
2025-03-07 22:58 +00:00: Agent service initialized successfully
2025-03-07 22:58 +00:00: API router mounted at /api/ai
2025-03-07 22:58 +00:00: Serving static files from: /root/code-server/dist/node/src/browser/pages
2025-03-07 22:58 +00:00: AI War Room extension initialized successfully
2025-03-07 22:58 +00:00: [2025-03-07T22:58:39.381Z] [AI-WARROOM] [INFO] AI War Room extension initialized
2025-03-07 22:58 +00:00: [2025-03-07T22:58:39.976Z] [AI-WARROOM] [INFO] Initializing AI agent service
2025-03-07 22:58 +00:00: [2025-03-07T22:58:39.979Z] [AI-WARROOM] [INFO] Server root path: /root/code-server/dist/node
2025-03-07 22:58 +00:00: Starting AI War Room Extension initialization...
2025-03-07 22:58 +00:00: Agent config directory: ./agent-config
2025-03-07 22:58 +00:00: Agent service initialized successfully
2025-03-07 22:58 +00:00: API router mounted at /api/ai
2025-03-07 22:58 +00:00: Serving static files from: /root/code-server/dist/node/src/browser/pages
2025-03-07 22:58 +00:00: AI War Room extension initialized successfully
2025-03-07 22:58 +00:00: [2025-03-07T22:58:39.984Z] [AI-WARROOM] [INFO] AI War Room extension initialized
2025-03-07 22:58 +00:00: [2025-03-07T22:58:40.561Z] [AI-WARROOM] [INFO] Initializing AI agent service
2025-03-07 22:58 +00:00: [2025-03-07T22:58:40.564Z] [AI-WARROOM] [INFO] Server root path: /root/code-server/dist/node
2025-03-07 22:58 +00:00: Starting AI War Room Extension initialization...
2025-03-07 22:58 +00:00: Agent config directory: ./agent-config
2025-03-07 22:58 +00:00: Agent service initialized successfully
2025-03-07 22:58 +00:00: API router mounted at /api/ai
2025-03-07 22:58 +00:00: Serving static files from: /root/code-server/dist/node/src/browser/pages
2025-03-07 22:58 +00:00: AI War Room extension initialized successfully
2025-03-07 22:58 +00:00: [2025-03-07T22:58:40.569Z] [AI-WARROOM] [INFO] AI War Room extension initialized
2025-03-07 22:58 +00:00: [2025-03-07T22:58:41.151Z] [AI-WARROOM] [INFO] Initializing AI agent service
2025-03-07 22:58 +00:00: [2025-03-07T22:58:41.159Z] [AI-WARROOM] [INFO] Server root path: /root/code-server/dist/node
2025-03-07 22:58 +00:00: Starting AI War Room Extension initialization...
2025-03-07 22:58 +00:00: Agent config directory: ./agent-config
2025-03-07 22:58 +00:00: Agent service initialized successfully
2025-03-07 22:58 +00:00: API router mounted at /api/ai
2025-03-07 22:58 +00:00: Serving static files from: /root/code-server/dist/node/src/browser/pages
2025-03-07 22:58 +00:00: AI War Room extension initialized successfully
2025-03-07 22:58 +00:00: [2025-03-07T22:58:41.172Z] [AI-WARROOM] [INFO] AI War Room extension initialized
2025-03-07 22:58 +00:00: [2025-03-07T22:58:41.728Z] [AI-WARROOM] [INFO] Initializing AI agent service
2025-03-07 22:58 +00:00: [2025-03-07T22:58:41.731Z] [AI-WARROOM] [INFO] Server root path: /root/code-server/dist/node
2025-03-07 22:58 +00:00: Starting AI War Room Extension initialization...
2025-03-07 22:58 +00:00: Agent config directory: ./agent-config
2025-03-07 22:58 +00:00: Agent service initialized successfully
2025-03-07 22:58 +00:00: API router mounted at /api/ai
2025-03-07 22:58 +00:00: Serving static files from: /root/code-server/dist/node/src/browser/pages
2025-03-07 22:58 +00:00: AI War Room extension initialized successfully
2025-03-07 22:58 +00:00: [2025-03-07T22:58:41.739Z] [AI-WARROOM] [INFO] AI War Room extension initialized
2025-03-07 22:58 +00:00: [2025-03-07T22:58:42.322Z] [AI-WARROOM] [INFO] Initializing AI agent service
2025-03-07 22:58 +00:00: [2025-03-07T22:58:42.324Z] [AI-WARROOM] [INFO] Server root path: /root/code-server/dist/node
2025-03-07 22:58 +00:00: Starting AI War Room Extension initialization...
2025-03-07 22:58 +00:00: Agent config directory: ./agent-config
2025-03-07 22:58 +00:00: Agent service initialized successfully
2025-03-07 22:58 +00:00: API router mounted at /api/ai
2025-03-07 22:58 +00:00: Serving static files from: /root/code-server/dist/node/src/browser/pages
2025-03-07 22:58 +00:00: AI War Room extension initialized successfully
2025-03-07 22:58 +00:00: [2025-03-07T22:58:42.341Z] [AI-WARROOM] [INFO] AI War Room extension initialized
2025-03-07 22:58 +00:00: [2025-03-07T22:58:42.919Z] [AI-WARROOM] [INFO] Initializing AI agent service
2025-03-07 22:58 +00:00: [2025-03-07T22:58:42.922Z] [AI-WARROOM] [INFO] Server root path: /root/code-server/dist/node
2025-03-07 22:58 +00:00: Starting AI War Room Extension initialization...
2025-03-07 22:58 +00:00: Agent config directory: ./agent-config
2025-03-07 22:58 +00:00: Agent service initialized successfully
2025-03-07 22:58 +00:00: API router mounted at /api/ai
2025-03-07 22:58 +00:00: Serving static files from: /root/code-server/dist/node/src/browser/pages
2025-03-07 22:58 +00:00: AI War Room extension initialized successfully
2025-03-07 22:58 +00:00: [2025-03-07T22:58:42.926Z] [AI-WARROOM] [INFO] AI War Room extension initialized
2025-03-07 22:58 +00:00: [2025-03-07T22:58:43.527Z] [AI-WARROOM] [INFO] Initializing AI agent service
2025-03-07 22:58 +00:00: [2025-03-07T22:58:43.529Z] [AI-WARROOM] [INFO] Server root path: /root/code-server/dist/node
2025-03-07 22:58 +00:00: Starting AI War Room Extension initialization...
2025-03-07 22:58 +00:00: Agent config directory: ./agent-config
2025-03-07 22:58 +00:00: Agent service initialized successfully
2025-03-07 22:58 +00:00: API router mounted at /api/ai
2025-03-07 22:58 +00:00: Serving static files from: /root/code-server/dist/node/src/browser/pages
2025-03-07 22:58 +00:00: AI War Room extension initialized successfully
2025-03-07 22:58 +00:00: [2025-03-07T22:58:43.543Z] [AI-WARROOM] [INFO] AI War Room extension initialized
2025-03-07 22:58 +00:00: [2025-03-07T22:58:44.236Z] [AI-WARROOM] [INFO] Initializing AI agent service
2025-03-07 22:58 +00:00: [2025-03-07T22:58:44.240Z] [AI-WARROOM] [INFO] Server root path: /root/code-server/dist/node
2025-03-07 22:58 +00:00: Starting AI War Room Extension initialization...
2025-03-07 22:58 +00:00: Agent config directory: ./agent-config
2025-03-07 22:58 +00:00: Agent service initialized successfully
2025-03-07 22:58 +00:00: API router mounted at /api/ai
2025-03-07 22:58 +00:00: Serving static files from: /root/code-server/dist/node/src/browser/pages
2025-03-07 22:58 +00:00: AI War Room extension initialized successfully
2025-03-07 22:58 +00:00: [2025-03-07T22:58:44.252Z] [AI-WARROOM] [INFO] AI War Room extension initialized
2025-03-07 22:58 +00:00: [2025-03-07T22:58:44.790Z] [AI-WARROOM] [INFO] Initializing AI agent service
2025-03-07 22:58 +00:00: [2025-03-07T22:58:44.793Z] [AI-WARROOM] [INFO] Server root path: /root/code-server/dist/node
2025-03-07 22:58 +00:00: Starting AI War Room Extension initialization...
2025-03-07 22:58 +00:00: Agent config directory: ./agent-config
2025-03-07 22:58 +00:00: Agent service initialized successfully
2025-03-07 22:58 +00:00: API router mounted at /api/ai
2025-03-07 22:58 +00:00: Serving static files from: /root/code-server/dist/node/src/browser/pages
2025-03-07 22:58 +00:00: AI War Room extension initialized successfully
2025-03-07 22:58 +00:00: [2025-03-07T22:58:44.798Z] [AI-WARROOM] [INFO] AI War Room extension initialized
2025-03-07 22:58 +00:00: [2025-03-07T22:58:45.375Z] [AI-WARROOM] [INFO] Initializing AI agent service
2025-03-07 22:58 +00:00: [2025-03-07T22:58:45.377Z] [AI-WARROOM] [INFO] Server root path: /root/code-server/dist/node
2025-03-07 22:58 +00:00: Starting AI War Room Extension initialization...
2025-03-07 22:58 +00:00: Agent config directory: ./agent-config
2025-03-07 22:58 +00:00: Agent service initialized successfully
2025-03-07 22:58 +00:00: API router mounted at /api/ai
2025-03-07 22:58 +00:00: Serving static files from: /root/code-server/dist/node/src/browser/pages
2025-03-07 22:58 +00:00: AI War Room extension initialized successfully
2025-03-07 22:58 +00:00: [2025-03-07T22:58:45.384Z] [AI-WARROOM] [INFO] AI War Room extension initialized
2025-03-07 22:58 +00:00: [2025-03-07T22:58:45.967Z] [AI-WARROOM] [INFO] Initializing AI agent service
2025-03-07 22:58 +00:00: [2025-03-07T22:58:45.970Z] [AI-WARROOM] [INFO] Server root path: /root/code-server/dist/node
2025-03-07 22:58 +00:00: Starting AI War Room Extension initialization...
2025-03-07 22:58 +00:00: Agent config directory: ./agent-config
2025-03-07 22:58 +00:00: Agent service initialized successfully
2025-03-07 22:58 +00:00: API router mounted at /api/ai
2025-03-07 22:58 +00:00: Serving static files from: /root/code-server/dist/node/src/browser/pages
2025-03-07 22:58 +00:00: AI War Room extension initialized successfully
2025-03-07 22:58 +00:00: [2025-03-07T22:58:45.974Z] [AI-WARROOM] [INFO] AI War Room extension initialized
2025-03-07 22:58 +00:00: [2025-03-07T22:58:46.518Z] [AI-WARROOM] [INFO] Initializing AI agent service
2025-03-07 22:58 +00:00: [2025-03-07T22:58:46.520Z] [AI-WARROOM] [INFO] Server root path: /root/code-server/dist/node
2025-03-07 22:58 +00:00: Starting AI War Room Extension initialization...
2025-03-07 22:58 +00:00: Agent config directory: ./agent-config
2025-03-07 22:58 +00:00: Agent service initialized successfully
2025-03-07 22:58 +00:00: API router mounted at /api/ai
2025-03-07 22:58 +00:00: Serving static files from: /root/code-server/dist/node/src/browser/pages
2025-03-07 22:58 +00:00: AI War Room extension initialized successfully
2025-03-07 22:58 +00:00: [2025-03-07T22:58:46.531Z] [AI-WARROOM] [INFO] AI War Room extension initialized
2025-03-07 22:58 +00:00: [2025-03-07T22:58:47.088Z] [AI-WARROOM] [INFO] Initializing AI agent service
2025-03-07 22:58 +00:00: [2025-03-07T22:58:47.090Z] [AI-WARROOM] [INFO] Server root path: /root/code-server/dist/node
2025-03-07 22:58 +00:00: Starting AI War Room Extension initialization...
2025-03-07 22:58 +00:00: Agent config directory: ./agent-config
2025-03-07 22:58 +00:00: Agent service initialized successfully
2025-03-07 22:58 +00:00: API router mounted at /api/ai
2025-03-07 22:58 +00:00: Serving static files from: /root/code-server/dist/node/src/browser/pages
2025-03-07 22:58 +00:00: AI War Room extension initialized successfully
2025-03-07 22:58 +00:00: [2025-03-07T22:58:47.095Z] [AI-WARROOM] [INFO] AI War Room extension initialized
2025-03-07 22:58 +00:00: [2025-03-07T22:58:47.606Z] [AI-WARROOM] [INFO] Initializing AI agent service
2025-03-07 22:58 +00:00: [2025-03-07T22:58:47.612Z] [AI-WARROOM] [INFO] Server root path: /root/code-server/dist/node
2025-03-07 22:58 +00:00: Starting AI War Room Extension initialization...
2025-03-07 22:58 +00:00: Agent config directory: ./agent-config
2025-03-07 22:58 +00:00: Agent service initialized successfully
2025-03-07 22:58 +00:00: API router mounted at /api/ai
2025-03-07 22:58 +00:00: Serving static files from: /root/code-server/dist/node/src/browser/pages
2025-03-07 22:58 +00:00: AI War Room extension initialized successfully
2025-03-07 22:58 +00:00: [2025-03-07T22:58:47.626Z] [AI-WARROOM] [INFO] AI War Room extension initialized
2025-03-07 22:58 +00:00: [2025-03-07T22:58:48.187Z] [AI-WARROOM] [INFO] Initializing AI agent service
2025-03-07 22:58 +00:00: [2025-03-07T22:58:48.191Z] [AI-WARROOM] [INFO] Server root path: /root/code-server/dist/node
2025-03-07 22:58 +00:00: Starting AI War Room Extension initialization...
2025-03-07 22:58 +00:00: Agent config directory: ./agent-config
2025-03-07 22:58 +00:00: Agent service initialized successfully
2025-03-07 22:58 +00:00: API router mounted at /api/ai
2025-03-07 22:58 +00:00: Serving static files from: /root/code-server/dist/node/src/browser/pages
2025-03-07 22:58 +00:00: AI War Room extension initialized successfully
2025-03-07 22:58 +00:00: [2025-03-07T22:58:48.203Z] [AI-WARROOM] [INFO] AI War Room extension initialized
2025-03-07 22:58 +00:00: [2025-03-07T22:58:48.726Z] [AI-WARROOM] [INFO] Initializing AI agent service
2025-03-07 22:58 +00:00: [2025-03-07T22:58:48.729Z] [AI-WARROOM] [INFO] Server root path: /root/code-server/dist/node
2025-03-07 22:58 +00:00: Starting AI War Room Extension initialization...
2025-03-07 22:58 +00:00: Agent config directory: ./agent-config
2025-03-07 22:58 +00:00: Agent service initialized successfully
2025-03-07 22:58 +00:00: API router mounted at /api/ai
2025-03-07 22:58 +00:00: Serving static files from: /root/code-server/dist/node/src/browser/pages
2025-03-07 22:58 +00:00: AI War Room extension initialized successfully
2025-03-07 22:58 +00:00: [2025-03-07T22:58:48.734Z] [AI-WARROOM] [INFO] AI War Room extension initialized
2025-03-07 22:58 +00:00: [2025-03-07T22:58:49.297Z] [AI-WARROOM] [INFO] Initializing AI agent service
2025-03-07 22:58 +00:00: [2025-03-07T22:58:49.298Z] [AI-WARROOM] [INFO] Server root path: /root/code-server/dist/node
2025-03-07 22:58 +00:00: Starting AI War Room Extension initialization...
2025-03-07 22:58 +00:00: Agent config directory: ./agent-config
2025-03-07 22:58 +00:00: Agent service initialized successfully
2025-03-07 22:58 +00:00: API router mounted at /api/ai
2025-03-07 22:58 +00:00: Serving static files from: /root/code-server/dist/node/src/browser/pages
2025-03-07 22:58 +00:00: AI War Room extension initialized successfully
2025-03-07 22:58 +00:00: [2025-03-07T22:58:49.304Z] [AI-WARROOM] [INFO] AI War Room extension initialized
2025-03-07 22:58 +00:00: [2025-03-07T22:58:49.877Z] [AI-WARROOM] [INFO] Initializing AI agent service
2025-03-07 22:58 +00:00: [2025-03-07T22:58:49.879Z] [AI-WARROOM] [INFO] Server root path: /root/code-server/dist/node
2025-03-07 22:58 +00:00: Starting AI War Room Extension initialization...
2025-03-07 22:58 +00:00: Agent config directory: ./agent-config
2025-03-07 22:58 +00:00: Agent service initialized successfully
2025-03-07 22:58 +00:00: API router mounted at /api/ai
2025-03-07 22:58 +00:00: Serving static files from: /root/code-server/dist/node/src/browser/pages
2025-03-07 22:58 +00:00: AI War Room extension initialized successfully
2025-03-07 22:58 +00:00: [2025-03-07T22:58:49.891Z] [AI-WARROOM] [INFO] AI War Room extension initialized
2025-03-07 22:58 +00:00: [2025-03-07T22:58:50.446Z] [AI-WARROOM] [INFO] Initializing AI agent service
2025-03-07 22:58 +00:00: [2025-03-07T22:58:50.451Z] [AI-WARROOM] [INFO] Server root path: /root/code-server/dist/node
2025-03-07 22:58 +00:00: Starting AI War Room Extension initialization...
2025-03-07 22:58 +00:00: Agent config directory: ./agent-config
2025-03-07 22:58 +00:00: Agent service initialized successfully
2025-03-07 22:58 +00:00: API router mounted at /api/ai
2025-03-07 22:58 +00:00: Serving static files from: /root/code-server/dist/node/src/browser/pages
2025-03-07 22:58 +00:00: AI War Room extension initialized successfully
2025-03-07 22:58 +00:00: [2025-03-07T22:58:50.461Z] [AI-WARROOM] [INFO] AI War Room extension initialized
2025-03-07 22:58 +00:00: [2025-03-07T22:58:50.998Z] [AI-WARROOM] [INFO] Initializing AI agent service
2025-03-07 22:58 +00:00: [2025-03-07T22:58:51.001Z] [AI-WARROOM] [INFO] Server root path: /root/code-server/dist/node
2025-03-07 22:58 +00:00: Starting AI War Room Extension initialization...
2025-03-07 22:58 +00:00: Agent config directory: ./agent-config
2025-03-07 22:58 +00:00: Agent service initialized successfully
2025-03-07 22:58 +00:00: API router mounted at /api/ai
2025-03-07 22:58 +00:00: Serving static files from: /root/code-server/dist/node/src/browser/pages
2025-03-07 22:58 +00:00: AI War Room extension initialized successfully
2025-03-07 22:58 +00:00: [2025-03-07T22:58:51.007Z] [AI-WARROOM] [INFO] AI War Room extension initialized
2025-03-07 22:58 +00:00: [2025-03-07T22:58:51.554Z] [AI-WARROOM] [INFO] Initializing AI agent service
2025-03-07 22:58 +00:00: [2025-03-07T22:58:51.556Z] [AI-WARROOM] [INFO] Server root path: /root/code-server/dist/node
2025-03-07 22:58 +00:00: Starting AI War Room Extension initialization...
2025-03-07 22:58 +00:00: Agent config directory: ./agent-config
2025-03-07 22:58 +00:00: Agent service initialized successfully
2025-03-07 22:58 +00:00: API router mounted at /api/ai
2025-03-07 22:58 +00:00: Serving static files from: /root/code-server/dist/node/src/browser/pages
2025-03-07 22:58 +00:00: AI War Room extension initialized successfully
2025-03-07 22:58 +00:00: [2025-03-07T22:58:51.573Z] [AI-WARROOM] [INFO] AI War Room extension initialized
2025-03-07 22:58 +00:00: [2025-03-07T22:58:52.128Z] [AI-WARROOM] [INFO] Initializing AI agent service
2025-03-07 22:58 +00:00: [2025-03-07T22:58:52.130Z] [AI-WARROOM] [INFO] Server root path: /root/code-server/dist/node
2025-03-07 22:58 +00:00: Starting AI War Room Extension initialization...
2025-03-07 22:58 +00:00: Agent config directory: ./agent-config
2025-03-07 22:58 +00:00: Agent service initialized successfully
2025-03-07 22:58 +00:00: API router mounted at /api/ai
2025-03-07 22:58 +00:00: Serving static files from: /root/code-server/dist/node/src/browser/pages
2025-03-07 22:58 +00:00: AI War Room extension initialized successfully
2025-03-07 22:58 +00:00: [2025-03-07T22:58:52.134Z] [AI-WARROOM] [INFO] AI War Room extension initialized
2025-03-07 22:58 +00:00: [2025-03-07T22:58:52.652Z] [AI-WARROOM] [INFO] Initializing AI agent service
2025-03-07 22:58 +00:00: [2025-03-07T22:58:52.655Z] [AI-WARROOM] [INFO] Server root path: /root/code-server/dist/node
2025-03-07 22:58 +00:00: Starting AI War Room Extension initialization...
2025-03-07 22:58 +00:00: Agent config directory: ./agent-config
2025-03-07 22:58 +00:00: Agent service initialized successfully
2025-03-07 22:58 +00:00: API router mounted at /api/ai
2025-03-07 22:58 +00:00: Serving static files from: /root/code-server/dist/node/src/browser/pages
2025-03-07 22:58 +00:00: AI War Room extension initialized successfully
2025-03-07 22:58 +00:00: [2025-03-07T22:58:52.661Z] [AI-WARROOM] [INFO] AI War Room extension initialized
2025-03-07 22:58 +00:00: [2025-03-07T22:58:53.228Z] [AI-WARROOM] [INFO] Initializing AI agent service
2025-03-07 22:58 +00:00: [2025-03-07T22:58:53.231Z] [AI-WARROOM] [INFO] Server root path: /root/code-server/dist/node
2025-03-07 22:58 +00:00: Starting AI War Room Extension initialization...
2025-03-07 22:58 +00:00: Agent config directory: ./agent-config
2025-03-07 22:58 +00:00: Agent service initialized successfully
2025-03-07 22:58 +00:00: API router mounted at /api/ai
2025-03-07 22:58 +00:00: Serving static files from: /root/code-server/dist/node/src/browser/pages
2025-03-07 22:58 +00:00: AI War Room extension initialized successfully
2025-03-07 22:58 +00:00: [2025-03-07T22:58:53.238Z] [AI-WARROOM] [INFO] AI War Room extension initialized
2025-03-07 22:58 +00:00: [2025-03-07T22:58:53.769Z] [AI-WARROOM] [INFO] Initializing AI agent service
2025-03-07 22:58 +00:00: [2025-03-07T22:58:53.777Z] [AI-WARROOM] [INFO] Server root path: /root/code-server/dist/node
2025-03-07 22:58 +00:00: Starting AI War Room Extension initialization...
2025-03-07 22:58 +00:00: Agent config directory: ./agent-config
2025-03-07 22:58 +00:00: Agent service initialized successfully
2025-03-07 22:58 +00:00: API router mounted at /api/ai
2025-03-07 22:58 +00:00: Serving static files from: /root/code-server/dist/node/src/browser/pages
2025-03-07 22:58 +00:00: AI War Room extension initialized successfully
2025-03-07 22:58 +00:00: [2025-03-07T22:58:53.789Z] [AI-WARROOM] [INFO] AI War Room extension initialized
2025-03-07 22:58 +00:00: [2025-03-07T22:58:54.351Z] [AI-WARROOM] [INFO] Initializing AI agent service
2025-03-07 22:58 +00:00: [2025-03-07T22:58:54.353Z] [AI-WARROOM] [INFO] Server root path: /root/code-server/dist/node
2025-03-07 22:58 +00:00: Starting AI War Room Extension initialization...
2025-03-07 22:58 +00:00: Agent config directory: ./agent-config
2025-03-07 22:58 +00:00: Agent service initialized successfully
2025-03-07 22:58 +00:00: API router mounted at /api/ai
2025-03-07 22:58 +00:00: Serving static files from: /root/code-server/dist/node/src/browser/pages
2025-03-07 22:58 +00:00: AI War Room extension initialized successfully
2025-03-07 22:58 +00:00: [2025-03-07T22:58:54.357Z] [AI-WARROOM] [INFO] AI War Room extension initialized
2025-03-07 22:58 +00:00: [2025-03-07T22:58:54.901Z] [AI-WARROOM] [INFO] Initializing AI agent service
2025-03-07 22:58 +00:00: [2025-03-07T22:58:54.904Z] [AI-WARROOM] [INFO] Server root path: /root/code-server/dist/node
2025-03-07 22:58 +00:00: Starting AI War Room Extension initialization...
2025-03-07 22:58 +00:00: Agent config directory: ./agent-config
2025-03-07 22:58 +00:00: Agent service initialized successfully
2025-03-07 22:58 +00:00: API router mounted at /api/ai
2025-03-07 22:58 +00:00: Serving static files from: /root/code-server/dist/node/src/browser/pages
2025-03-07 22:58 +00:00: AI War Room extension initialized successfully
2025-03-07 22:58 +00:00: [2025-03-07T22:58:54.910Z] [AI-WARROOM] [INFO] AI War Room extension initialized
2025-03-07 22:58 +00:00: [2025-03-07T22:58:55.462Z] [AI-WARROOM] [INFO] Initializing AI agent service
2025-03-07 22:58 +00:00: [2025-03-07T22:58:55.464Z] [AI-WARROOM] [INFO] Server root path: /root/code-server/dist/node
2025-03-07 22:58 +00:00: Starting AI War Room Extension initialization...
2025-03-07 22:58 +00:00: Agent config directory: ./agent-config
2025-03-07 22:58 +00:00: Agent service initialized successfully
2025-03-07 22:58 +00:00: API router mounted at /api/ai
2025-03-07 22:58 +00:00: Serving static files from: /root/code-server/dist/node/src/browser/pages
2025-03-07 22:58 +00:00: AI War Room extension initialized successfully
2025-03-07 22:58 +00:00: [2025-03-07T22:58:55.470Z] [AI-WARROOM] [INFO] AI War Room extension initialized
2025-03-07 22:58 +00:00: [2025-03-07T22:58:56.031Z] [AI-WARROOM] [INFO] Initializing AI agent service
2025-03-07 22:58 +00:00: [2025-03-07T22:58:56.034Z] [AI-WARROOM] [INFO] Server root path: /root/code-server/dist/node
2025-03-07 22:58 +00:00: Starting AI War Room Extension initialization...
2025-03-07 22:58 +00:00: Agent config directory: ./agent-config
2025-03-07 22:58 +00:00: Agent service initialized successfully
2025-03-07 22:58 +00:00: API router mounted at /api/ai
2025-03-07 22:58 +00:00: Serving static files from: /root/code-server/dist/node/src/browser/pages
2025-03-07 22:58 +00:00: AI War Room extension initialized successfully
2025-03-07 22:58 +00:00: [2025-03-07T22:58:56.049Z] [AI-WARROOM] [INFO] AI War Room extension initialized
2025-03-07 22:58 +00:00: [2025-03-07T22:58:56.596Z] [AI-WARROOM] [INFO] Initializing AI agent service
2025-03-07 22:58 +00:00: [2025-03-07T22:58:56.604Z] [AI-WARROOM] [INFO] Server root path: /root/code-server/dist/node
2025-03-07 22:58 +00:00: Starting AI War Room Extension initialization...
2025-03-07 22:58 +00:00: Agent config directory: ./agent-config
2025-03-07 22:58 +00:00: Agent service initialized successfully
2025-03-07 22:58 +00:00: API router mounted at /api/ai
2025-03-07 22:58 +00:00: Serving static files from: /root/code-server/dist/node/src/browser/pages
2025-03-07 22:58 +00:00: AI War Room extension initialized successfully
2025-03-07 22:58 +00:00: [2025-03-07T22:58:56.617Z] [AI-WARROOM] [INFO] AI War Room extension initialized
2025-03-07 22:58 +00:00: [2025-03-07T22:58:57.193Z] [AI-WARROOM] [INFO] Initializing AI agent service
2025-03-07 22:58 +00:00: [2025-03-07T22:58:57.201Z] [AI-WARROOM] [INFO] Server root path: /root/code-server/dist/node
2025-03-07 22:58 +00:00: Starting AI War Room Extension initialization...
2025-03-07 22:58 +00:00: Agent config directory: ./agent-config
2025-03-07 22:58 +00:00: Agent service initialized successfully
2025-03-07 22:58 +00:00: API router mounted at /api/ai
2025-03-07 22:58 +00:00: Serving static files from: /root/code-server/dist/node/src/browser/pages
2025-03-07 22:58 +00:00: AI War Room extension initialized successfully
2025-03-07 22:58 +00:00: [2025-03-07T22:58:57.206Z] [AI-WARROOM] [INFO] AI War Room extension initialized
2025-03-07 22:58 +00:00: [2025-03-07T22:58:57.750Z] [AI-WARROOM] [INFO] Initializing AI agent service
2025-03-07 22:58 +00:00: [2025-03-07T22:58:57.752Z] [AI-WARROOM] [INFO] Server root path: /root/code-server/dist/node
2025-03-07 22:58 +00:00: Starting AI War Room Extension initialization...
2025-03-07 22:58 +00:00: Agent config directory: ./agent-config
2025-03-07 22:58 +00:00: Agent service initialized successfully
2025-03-07 22:58 +00:00: API router mounted at /api/ai
2025-03-07 22:58 +00:00: Serving static files from: /root/code-server/dist/node/src/browser/pages
2025-03-07 22:58 +00:00: AI War Room extension initialized successfully
2025-03-07 22:58 +00:00: [2025-03-07T22:58:57.757Z] [AI-WARROOM] [INFO] AI War Room extension initialized
2025-03-07 22:58 +00:00: [2025-03-07T22:58:58.405Z] [AI-WARROOM] [INFO] Initializing AI agent service
2025-03-07 22:58 +00:00: [2025-03-07T22:58:58.408Z] [AI-WARROOM] [INFO] Server root path: /root/code-server/dist/node
2025-03-07 22:58 +00:00: Starting AI War Room Extension initialization...
2025-03-07 22:58 +00:00: Agent config directory: ./agent-config
2025-03-07 22:58 +00:00: Agent service initialized successfully
2025-03-07 22:58 +00:00: API router mounted at /api/ai
2025-03-07 22:58 +00:00: Serving static files from: /root/code-server/dist/node/src/browser/pages
2025-03-07 22:58 +00:00: AI War Room extension initialized successfully
2025-03-07 22:58 +00:00: [2025-03-07T22:58:58.415Z] [AI-WARROOM] [INFO] AI War Room extension initialized
2025-03-07 22:58 +00:00: [2025-03-07T22:58:59.097Z] [AI-WARROOM] [INFO] Initializing AI agent service
2025-03-07 22:58 +00:00: [2025-03-07T22:58:59.107Z] [AI-WARROOM] [INFO] Server root path: /root/code-server/dist/node
2025-03-07 22:58 +00:00: Starting AI War Room Extension initialization...
2025-03-07 22:58 +00:00: Agent config directory: ./agent-config
2025-03-07 22:58 +00:00: Agent service initialized successfully
2025-03-07 22:58 +00:00: API router mounted at /api/ai
2025-03-07 22:58 +00:00: Serving static files from: /root/code-server/dist/node/src/browser/pages
2025-03-07 22:58 +00:00: AI War Room extension initialized successfully
2025-03-07 22:58 +00:00: [2025-03-07T22:58:59.120Z] [AI-WARROOM] [INFO] AI War Room extension initialized
2025-03-07 22:58 +00:00: [2025-03-07T22:58:59.797Z] [AI-WARROOM] [INFO] Initializing AI agent service
2025-03-07 22:58 +00:00: [2025-03-07T22:58:59.801Z] [AI-WARROOM] [INFO] Server root path: /root/code-server/dist/node
2025-03-07 22:58 +00:00: Starting AI War Room Extension initialization...
2025-03-07 22:58 +00:00: Agent config directory: ./agent-config
2025-03-07 22:58 +00:00: Agent service initialized successfully
2025-03-07 22:58 +00:00: API router mounted at /api/ai
2025-03-07 22:58 +00:00: Serving static files from: /root/code-server/dist/node/src/browser/pages
2025-03-07 22:58 +00:00: AI War Room extension initialized successfully
2025-03-07 22:58 +00:00: [2025-03-07T22:58:59.814Z] [AI-WARROOM] [INFO] AI War Room extension initialized
2025-03-07 22:59 +00:00: [2025-03-07T22:59:00.754Z] [AI-WARROOM] [INFO] Initializing AI agent service
2025-03-07 22:59 +00:00: [2025-03-07T22:59:00.756Z] [AI-WARROOM] [INFO] Server root path: /root/code-server/dist/node
2025-03-07 22:59 +00:00: Starting AI War Room Extension initialization...
2025-03-07 22:59 +00:00: Agent config directory: ./agent-config
2025-03-07 22:59 +00:00: Agent service initialized successfully
2025-03-07 22:59 +00:00: API router mounted at /api/ai
2025-03-07 22:59 +00:00: Serving static files from: /root/code-server/dist/node/src/browser/pages
2025-03-07 22:59 +00:00: AI War Room extension initialized successfully
2025-03-07 22:59 +00:00: [2025-03-07T22:59:00.779Z] [AI-WARROOM] [INFO] AI War Room extension initialized
2025-03-07 22:59 +00:00: [2025-03-07T22:59:01.667Z] [AI-WARROOM] [INFO] Initializing AI agent service
2025-03-07 22:59 +00:00: [2025-03-07T22:59:01.673Z] [AI-WARROOM] [INFO] Server root path: /root/code-server/dist/node
2025-03-07 22:59 +00:00: Starting AI War Room Extension initialization...
2025-03-07 22:59 +00:00: Agent config directory: ./agent-config
2025-03-07 22:59 +00:00: Agent service initialized successfully
2025-03-07 22:59 +00:00: API router mounted at /api/ai
2025-03-07 22:59 +00:00: Serving static files from: /root/code-server/dist/node/src/browser/pages
2025-03-07 22:59 +00:00: AI War Room extension initialized successfully
2025-03-07 22:59 +00:00: [2025-03-07T22:59:01.684Z] [AI-WARROOM] [INFO] AI War Room extension initialized
2025-03-07 22:59 +00:00: [2025-03-07T22:59:02.580Z] [AI-WARROOM] [INFO] Initializing AI agent service
2025-03-07 22:59 +00:00: [2025-03-07T22:59:02.584Z] [AI-WARROOM] [INFO] Server root path: /root/code-server/dist/node
2025-03-07 22:59 +00:00: Starting AI War Room Extension initialization...
2025-03-07 22:59 +00:00: Agent config directory: ./agent-config
2025-03-07 22:59 +00:00: Agent service initialized successfully
2025-03-07 22:59 +00:00: API router mounted at /api/ai
2025-03-07 22:59 +00:00: Serving static files from: /root/code-server/dist/node/src/browser/pages
2025-03-07 22:59 +00:00: AI War Room extension initialized successfully
2025-03-07 22:59 +00:00: [2025-03-07T22:59:02.592Z] [AI-WARROOM] [INFO] AI War Room extension initialized
2025-03-07 22:59 +00:00: [2025-03-07T22:59:03.547Z] [AI-WARROOM] [INFO] Initializing AI agent service
2025-03-07 22:59 +00:00: [2025-03-07T22:59:03.551Z] [AI-WARROOM] [INFO] Server root path: /root/code-server/dist/node
2025-03-07 22:59 +00:00: Starting AI War Room Extension initialization...
2025-03-07 22:59 +00:00: Agent config directory: ./agent-config
2025-03-07 22:59 +00:00: Agent service initialized successfully
2025-03-07 22:59 +00:00: API router mounted at /api/ai
2025-03-07 22:59 +00:00: Serving static files from: /root/code-server/dist/node/src/browser/pages
2025-03-07 22:59 +00:00: AI War Room extension initialized successfully
2025-03-07 22:59 +00:00: [2025-03-07T22:59:03.559Z] [AI-WARROOM] [INFO] AI War Room extension initialized
2025-03-07 22:59 +00:00: [2025-03-07T22:59:04.523Z] [AI-WARROOM] [INFO] Initializing AI agent service
2025-03-07 22:59 +00:00: [2025-03-07T22:59:04.526Z] [AI-WARROOM] [INFO] Server root path: /root/code-server/dist/node
2025-03-07 22:59 +00:00: Starting AI War Room Extension initialization...
2025-03-07 22:59 +00:00: Agent config directory: ./agent-config
2025-03-07 22:59 +00:00: Agent service initialized successfully
2025-03-07 22:59 +00:00: API router mounted at /api/ai
2025-03-07 22:59 +00:00: Serving static files from: /root/code-server/dist/node/src/browser/pages
2025-03-07 22:59 +00:00: AI War Room extension initialized successfully
2025-03-07 22:59 +00:00: [2025-03-07T22:59:04.530Z] [AI-WARROOM] [INFO] AI War Room extension initialized
2025-03-07 22:59 +00:00: [2025-03-07T22:59:06.694Z] [AI-WARROOM] [INFO] Initializing AI agent service
2025-03-07 22:59 +00:00: [2025-03-07T22:59:06.696Z] [AI-WARROOM] [INFO] Server root path: /root/code-server/dist/node
2025-03-07 22:59 +00:00: Starting AI War Room Extension initialization...
2025-03-07 22:59 +00:00: Agent config directory: ./agent-config
2025-03-07 22:59 +00:00: Agent service initialized successfully
2025-03-07 22:59 +00:00: API router mounted at /api/ai
2025-03-07 22:59 +00:00: Serving static files from: /root/code-server/dist/node/src/browser/pages
2025-03-07 22:59 +00:00: AI War Room extension initialized successfully
2025-03-07 22:59 +00:00: [2025-03-07T22:59:06.706Z] [AI-WARROOM] [INFO] AI War Room extension initialized
2025-03-07 22:59 +00:00: [2025-03-07T22:59:07.300Z] [AI-WARROOM] [INFO] Initializing AI agent service
2025-03-07 22:59 +00:00: [2025-03-07T22:59:07.303Z] [AI-WARROOM] [INFO] Server root path: /root/code-server/dist/node
2025-03-07 22:59 +00:00: Starting AI War Room Extension initialization...
2025-03-07 22:59 +00:00: Agent config directory: ./agent-config
2025-03-07 22:59 +00:00: Agent service initialized successfully
2025-03-07 22:59 +00:00: API router mounted at /api/ai
2025-03-07 22:59 +00:00: Serving static files from: /root/code-server/dist/node/src/browser/pages
2025-03-07 22:59 +00:00: AI War Room extension initialized successfully
2025-03-07 22:59 +00:00: [2025-03-07T22:59:07.317Z] [AI-WARROOM] [INFO] AI War Room extension initialized
2025-03-07 22:59 +00:00: [2025-03-07T22:59:08.017Z] [AI-WARROOM] [INFO] Initializing AI agent service
2025-03-07 22:59 +00:00: [2025-03-07T22:59:08.020Z] [AI-WARROOM] [INFO] Server root path: /root/code-server/dist/node
2025-03-07 22:59 +00:00: Starting AI War Room Extension initialization...
2025-03-07 22:59 +00:00: Agent config directory: ./agent-config
2025-03-07 22:59 +00:00: Agent service initialized successfully
2025-03-07 22:59 +00:00: API router mounted at /api/ai
2025-03-07 22:59 +00:00: Serving static files from: /root/code-server/dist/node/src/browser/pages
2025-03-07 22:59 +00:00: AI War Room extension initialized successfully
2025-03-07 22:59 +00:00: [2025-03-07T22:59:08.025Z] [AI-WARROOM] [INFO] AI War Room extension initialized
2025-03-07 22:59 +00:00: [2025-03-07T22:59:08.566Z] [AI-WARROOM] [INFO] Initializing AI agent service
2025-03-07 22:59 +00:00: [2025-03-07T22:59:08.568Z] [AI-WARROOM] [INFO] Server root path: /root/code-server/dist/node
2025-03-07 22:59 +00:00: Starting AI War Room Extension initialization...
2025-03-07 22:59 +00:00: Agent config directory: ./agent-config
2025-03-07 22:59 +00:00: Agent service initialized successfully
2025-03-07 22:59 +00:00: API router mounted at /api/ai
2025-03-07 22:59 +00:00: Serving static files from: /root/code-server/dist/node/src/browser/pages
2025-03-07 22:59 +00:00: AI War Room extension initialized successfully
2025-03-07 22:59 +00:00: [2025-03-07T22:59:08.580Z] [AI-WARROOM] [INFO] AI War Room extension initialized
2025-03-07 22:59 +00:00: [2025-03-07T22:59:09.202Z] [AI-WARROOM] [INFO] Initializing AI agent service
2025-03-07 22:59 +00:00: [2025-03-07T22:59:09.206Z] [AI-WARROOM] [INFO] Server root path: /root/code-server/dist/node
2025-03-07 22:59 +00:00: Starting AI War Room Extension initialization...
2025-03-07 22:59 +00:00: Agent config directory: ./agent-config
2025-03-07 22:59 +00:00: Agent service initialized successfully
2025-03-07 22:59 +00:00: API router mounted at /api/ai
2025-03-07 22:59 +00:00: Serving static files from: /root/code-server/dist/node/src/browser/pages
2025-03-07 22:59 +00:00: AI War Room extension initialized successfully
2025-03-07 22:59 +00:00: [2025-03-07T22:59:09.211Z] [AI-WARROOM] [INFO] AI War Room extension initialized
2025-03-07 22:59 +00:00: [2025-03-07T22:59:09.769Z] [AI-WARROOM] [INFO] Initializing AI agent service
2025-03-07 22:59 +00:00: [2025-03-07T22:59:09.775Z] [AI-WARROOM] [INFO] Server root path: /root/code-server/dist/node
2025-03-07 22:59 +00:00: Starting AI War Room Extension initialization...
2025-03-07 22:59 +00:00: Agent config directory: ./agent-config
2025-03-07 22:59 +00:00: Agent service initialized successfully
2025-03-07 22:59 +00:00: API router mounted at /api/ai
2025-03-07 22:59 +00:00: Serving static files from: /root/code-server/dist/node/src/browser/pages
2025-03-07 22:59 +00:00: AI War Room extension initialized successfully
2025-03-07 22:59 +00:00: [2025-03-07T22:59:09.784Z] [AI-WARROOM] [INFO] AI War Room extension initialized
2025-03-07 22:59 +00:00: [2025-03-07T22:59:10.394Z] [AI-WARROOM] [INFO] Initializing AI agent service
2025-03-07 22:59 +00:00: [2025-03-07T22:59:10.396Z] [AI-WARROOM] [INFO] Server root path: /root/code-server/dist/node
2025-03-07 22:59 +00:00: Starting AI War Room Extension initialization...
2025-03-07 22:59 +00:00: Agent config directory: ./agent-config
2025-03-07 22:59 +00:00: Agent service initialized successfully
2025-03-07 22:59 +00:00: API router mounted at /api/ai
2025-03-07 22:59 +00:00: Serving static files from: /root/code-server/dist/node/src/browser/pages
2025-03-07 22:59 +00:00: AI War Room extension initialized successfully
2025-03-07 22:59 +00:00: [2025-03-07T22:59:10.401Z] [AI-WARROOM] [INFO] AI War Room extension initialized
2025-03-07 22:59 +00:00: [2025-03-07T22:59:10.966Z] [AI-WARROOM] [INFO] Initializing AI agent service
2025-03-07 22:59 +00:00: [2025-03-07T22:59:10.971Z] [AI-WARROOM] [INFO] Server root path: /root/code-server/dist/node
2025-03-07 22:59 +00:00: Starting AI War Room Extension initialization...
2025-03-07 22:59 +00:00: Agent config directory: ./agent-config
2025-03-07 22:59 +00:00: Agent service initialized successfully
2025-03-07 22:59 +00:00: API router mounted at /api/ai
2025-03-07 22:59 +00:00: Serving static files from: /root/code-server/dist/node/src/browser/pages
2025-03-07 22:59 +00:00: AI War Room extension initialized successfully
2025-03-07 22:59 +00:00: [2025-03-07T22:59:10.985Z] [AI-WARROOM] [INFO] AI War Room extension initialized
2025-03-07 22:59 +00:00: [2025-03-07T22:59:11.501Z] [AI-WARROOM] [INFO] Initializing AI agent service
2025-03-07 22:59 +00:00: [2025-03-07T22:59:11.503Z] [AI-WARROOM] [INFO] Server root path: /root/code-server/dist/node
2025-03-07 22:59 +00:00: Starting AI War Room Extension initialization...
2025-03-07 22:59 +00:00: Agent config directory: ./agent-config
2025-03-07 22:59 +00:00: Agent service initialized successfully
2025-03-07 22:59 +00:00: API router mounted at /api/ai
2025-03-07 22:59 +00:00: Serving static files from: /root/code-server/dist/node/src/browser/pages
2025-03-07 22:59 +00:00: AI War Room extension initialized successfully
2025-03-07 22:59 +00:00: [2025-03-07T22:59:11.514Z] [AI-WARROOM] [INFO] AI War Room extension initialized
2025-03-07 22:59 +00:00: [2025-03-07T22:59:12.091Z] [AI-WARROOM] [INFO] Initializing AI agent service
2025-03-07 22:59 +00:00: [2025-03-07T22:59:12.095Z] [AI-WARROOM] [INFO] Server root path: /root/code-server/dist/node
2025-03-07 22:59 +00:00: Starting AI War Room Extension initialization...
2025-03-07 22:59 +00:00: Agent config directory: ./agent-config
2025-03-07 22:59 +00:00: Agent service initialized successfully
2025-03-07 22:59 +00:00: API router mounted at /api/ai
2025-03-07 22:59 +00:00: Serving static files from: /root/code-server/dist/node/src/browser/pages
2025-03-07 22:59 +00:00: AI War Room extension initialized successfully
2025-03-07 22:59 +00:00: [2025-03-07T22:59:12.099Z] [AI-WARROOM] [INFO] AI War Room extension initialized
2025-03-07 22:59 +00:00: [2025-03-07T22:59:12.696Z] [AI-WARROOM] [INFO] Initializing AI agent service
2025-03-07 22:59 +00:00: [2025-03-07T22:59:12.698Z] [AI-WARROOM] [INFO] Server root path: /root/code-server/dist/node
2025-03-07 22:59 +00:00: Starting AI War Room Extension initialization...
2025-03-07 22:59 +00:00: Agent config directory: ./agent-config
2025-03-07 22:59 +00:00: Agent service initialized successfully
2025-03-07 22:59 +00:00: API router mounted at /api/ai
2025-03-07 22:59 +00:00: Serving static files from: /root/code-server/dist/node/src/browser/pages
2025-03-07 22:59 +00:00: AI War Room extension initialized successfully
2025-03-07 22:59 +00:00: [2025-03-07T22:59:12.703Z] [AI-WARROOM] [INFO] AI War Room extension initialized
2025-03-07 22:59 +00:00: [2025-03-07T22:59:13.300Z] [AI-WARROOM] [INFO] Initializing AI agent service
2025-03-07 22:59 +00:00: [2025-03-07T22:59:13.303Z] [AI-WARROOM] [INFO] Server root path: /root/code-server/dist/node
2025-03-07 22:59 +00:00: Starting AI War Room Extension initialization...
2025-03-07 22:59 +00:00: Agent config directory: ./agent-config
2025-03-07 22:59 +00:00: Agent service initialized successfully
2025-03-07 22:59 +00:00: API router mounted at /api/ai
2025-03-07 22:59 +00:00: Serving static files from: /root/code-server/dist/node/src/browser/pages
2025-03-07 22:59 +00:00: AI War Room extension initialized successfully
2025-03-07 22:59 +00:00: [2025-03-07T22:59:13.307Z] [AI-WARROOM] [INFO] AI War Room extension initialized
2025-03-07 22:59 +00:00: [2025-03-07T22:59:13.900Z] [AI-WARROOM] [INFO] Initializing AI agent service
2025-03-07 22:59 +00:00: [2025-03-07T22:59:13.903Z] [AI-WARROOM] [INFO] Server root path: /root/code-server/dist/node
2025-03-07 22:59 +00:00: Starting AI War Room Extension initialization...
2025-03-07 22:59 +00:00: Agent config directory: ./agent-config
2025-03-07 22:59 +00:00: Agent service initialized successfully
2025-03-07 22:59 +00:00: API router mounted at /api/ai
2025-03-07 22:59 +00:00: Serving static files from: /root/code-server/dist/node/src/browser/pages
2025-03-07 22:59 +00:00: AI War Room extension initialized successfully
2025-03-07 22:59 +00:00: [2025-03-07T22:59:13.908Z] [AI-WARROOM] [INFO] AI War Room extension initialized
2025-03-07 22:59 +00:00: [2025-03-07T22:59:14.521Z] [AI-WARROOM] [INFO] Initializing AI agent service
2025-03-07 22:59 +00:00: [2025-03-07T22:59:14.530Z] [AI-WARROOM] [INFO] Server root path: /root/code-server/dist/node
2025-03-07 22:59 +00:00: Starting AI War Room Extension initialization...
2025-03-07 22:59 +00:00: Agent config directory: ./agent-config
2025-03-07 22:59 +00:00: Agent service initialized successfully
2025-03-07 22:59 +00:00: API router mounted at /api/ai
2025-03-07 22:59 +00:00: Serving static files from: /root/code-server/dist/node/src/browser/pages
2025-03-07 22:59 +00:00: AI War Room extension initialized successfully
2025-03-07 22:59 +00:00: [2025-03-07T22:59:14.553Z] [AI-WARROOM] [INFO] AI War Room extension initialized
2025-03-07 22:59 +00:00: [2025-03-07T22:59:15.158Z] [AI-WARROOM] [INFO] Initializing AI agent service
2025-03-07 22:59 +00:00: [2025-03-07T22:59:15.161Z] [AI-WARROOM] [INFO] Server root path: /root/code-server/dist/node
2025-03-07 22:59 +00:00: Starting AI War Room Extension initialization...
2025-03-07 22:59 +00:00: Agent config directory: ./agent-config
2025-03-07 22:59 +00:00: Agent service initialized successfully
2025-03-07 22:59 +00:00: API router mounted at /api/ai
2025-03-07 22:59 +00:00: Serving static files from: /root/code-server/dist/node/src/browser/pages
2025-03-07 22:59 +00:00: AI War Room extension initialized successfully
2025-03-07 22:59 +00:00: [2025-03-07T22:59:15.178Z] [AI-WARROOM] [INFO] AI War Room extension initialized
2025-03-07 22:59 +00:00: [2025-03-07T22:59:15.866Z] [AI-WARROOM] [INFO] Initializing AI agent service
2025-03-07 22:59 +00:00: [2025-03-07T22:59:15.869Z] [AI-WARROOM] [INFO] Server root path: /root/code-server/dist/node
2025-03-07 22:59 +00:00: Starting AI War Room Extension initialization...
2025-03-07 22:59 +00:00: Agent config directory: ./agent-config
2025-03-07 22:59 +00:00: Agent service initialized successfully
2025-03-07 22:59 +00:00: API router mounted at /api/ai
2025-03-07 22:59 +00:00: Serving static files from: /root/code-server/dist/node/src/browser/pages
2025-03-07 22:59 +00:00: AI War Room extension initialized successfully
2025-03-07 22:59 +00:00: [2025-03-07T22:59:15.887Z] [AI-WARROOM] [INFO] AI War Room extension initialized
2025-03-07 22:59 +00:00: [2025-03-07T22:59:16.555Z] [AI-WARROOM] [INFO] Initializing AI agent service
2025-03-07 22:59 +00:00: [2025-03-07T22:59:16.563Z] [AI-WARROOM] [INFO] Server root path: /root/code-server/dist/node
2025-03-07 22:59 +00:00: Starting AI War Room Extension initialization...
2025-03-07 22:59 +00:00: Agent config directory: ./agent-config
2025-03-07 22:59 +00:00: Agent service initialized successfully
2025-03-07 22:59 +00:00: API router mounted at /api/ai
2025-03-07 22:59 +00:00: Serving static files from: /root/code-server/dist/node/src/browser/pages
2025-03-07 22:59 +00:00: AI War Room extension initialized successfully
2025-03-07 22:59 +00:00: [2025-03-07T22:59:16.577Z] [AI-WARROOM] [INFO] AI War Room extension initialized
2025-03-07 22:59 +00:00: [2025-03-07T22:59:17.221Z] [AI-WARROOM] [INFO] Initializing AI agent service
2025-03-07 22:59 +00:00: [2025-03-07T22:59:17.223Z] [AI-WARROOM] [INFO] Server root path: /root/code-server/dist/node
2025-03-07 22:59 +00:00: Starting AI War Room Extension initialization...
2025-03-07 22:59 +00:00: Agent config directory: ./agent-config
2025-03-07 22:59 +00:00: Agent service initialized successfully
2025-03-07 22:59 +00:00: API router mounted at /api/ai
2025-03-07 22:59 +00:00: Serving static files from: /root/code-server/dist/node/src/browser/pages
2025-03-07 22:59 +00:00: AI War Room extension initialized successfully
2025-03-07 22:59 +00:00: [2025-03-07T22:59:17.228Z] [AI-WARROOM] [INFO] AI War Room extension initialized
2025-03-07 22:59 +00:00: [2025-03-07T22:59:17.796Z] [AI-WARROOM] [INFO] Initializing AI agent service
2025-03-07 22:59 +00:00: [2025-03-07T22:59:17.800Z] [AI-WARROOM] [INFO] Server root path: /root/code-server/dist/node
2025-03-07 22:59 +00:00: Starting AI War Room Extension initialization...
2025-03-07 22:59 +00:00: Agent config directory: ./agent-config
2025-03-07 22:59 +00:00: Agent service initialized successfully
2025-03-07 22:59 +00:00: API router mounted at /api/ai
2025-03-07 22:59 +00:00: Serving static files from: /root/code-server/dist/node/src/browser/pages
2025-03-07 22:59 +00:00: AI War Room extension initialized successfully
2025-03-07 22:59 +00:00: [2025-03-07T22:59:17.805Z] [AI-WARROOM] [INFO] AI War Room extension initialized
2025-03-07 22:59 +00:00: [2025-03-07T22:59:18.500Z] [AI-WARROOM] [INFO] Initializing AI agent service
2025-03-07 22:59 +00:00: [2025-03-07T22:59:18.503Z] [AI-WARROOM] [INFO] Server root path: /root/code-server/dist/node
2025-03-07 22:59 +00:00: Starting AI War Room Extension initialization...
2025-03-07 22:59 +00:00: Agent config directory: ./agent-config
2025-03-07 22:59 +00:00: Agent service initialized successfully
2025-03-07 22:59 +00:00: API router mounted at /api/ai
2025-03-07 22:59 +00:00: Serving static files from: /root/code-server/dist/node/src/browser/pages
2025-03-07 22:59 +00:00: AI War Room extension initialized successfully
2025-03-07 22:59 +00:00: [2025-03-07T22:59:18.508Z] [AI-WARROOM] [INFO] AI War Room extension initialized
2025-03-07 22:59 +00:00: [2025-03-07T22:59:19.148Z] [AI-WARROOM] [INFO] Initializing AI agent service
2025-03-07 22:59 +00:00: [2025-03-07T22:59:19.150Z] [AI-WARROOM] [INFO] Server root path: /root/code-server/dist/node
2025-03-07 22:59 +00:00: Starting AI War Room Extension initialization...
2025-03-07 22:59 +00:00: Agent config directory: ./agent-config
2025-03-07 22:59 +00:00: Agent service initialized successfully
2025-03-07 22:59 +00:00: API router mounted at /api/ai
2025-03-07 22:59 +00:00: Serving static files from: /root/code-server/dist/node/src/browser/pages
2025-03-07 22:59 +00:00: AI War Room extension initialized successfully
2025-03-07 22:59 +00:00: [2025-03-07T22:59:19.163Z] [AI-WARROOM] [INFO] AI War Room extension initialized
2025-03-07 22:59 +00:00: [2025-03-07T22:59:19.729Z] [AI-WARROOM] [INFO] Initializing AI agent service
2025-03-07 22:59 +00:00: [2025-03-07T22:59:19.731Z] [AI-WARROOM] [INFO] Server root path: /root/code-server/dist/node
2025-03-07 22:59 +00:00: Starting AI War Room Extension initialization...
2025-03-07 22:59 +00:00: Agent config directory: ./agent-config
2025-03-07 22:59 +00:00: Agent service initialized successfully
2025-03-07 22:59 +00:00: API router mounted at /api/ai
2025-03-07 22:59 +00:00: Serving static files from: /root/code-server/dist/node/src/browser/pages
2025-03-07 22:59 +00:00: AI War Room extension initialized successfully
2025-03-07 22:59 +00:00: [2025-03-07T22:59:19.735Z] [AI-WARROOM] [INFO] AI War Room extension initialized
2025-03-07 22:59 +00:00: [2025-03-07T22:59:20.297Z] [AI-WARROOM] [INFO] Initializing AI agent service
2025-03-07 22:59 +00:00: [2025-03-07T22:59:20.300Z] [AI-WARROOM] [INFO] Server root path: /root/code-server/dist/node
2025-03-07 22:59 +00:00: Starting AI War Room Extension initialization...
2025-03-07 22:59 +00:00: Agent config directory: ./agent-config
2025-03-07 22:59 +00:00: Agent service initialized successfully
2025-03-07 22:59 +00:00: API router mounted at /api/ai
2025-03-07 22:59 +00:00: Serving static files from: /root/code-server/dist/node/src/browser/pages
2025-03-07 22:59 +00:00: AI War Room extension initialized successfully
2025-03-07 22:59 +00:00: [2025-03-07T22:59:20.306Z] [AI-WARROOM] [INFO] AI War Room extension initialized
2025-03-07 22:59 +00:00: [2025-03-07T22:59:20.838Z] [AI-WARROOM] [INFO] Initializing AI agent service
2025-03-07 22:59 +00:00: [2025-03-07T22:59:20.840Z] [AI-WARROOM] [INFO] Server root path: /root/code-server/dist/node
2025-03-07 22:59 +00:00: Starting AI War Room Extension initialization...
2025-03-07 22:59 +00:00: Agent config directory: ./agent-config
2025-03-07 22:59 +00:00: Agent service initialized successfully
2025-03-07 22:59 +00:00: API router mounted at /api/ai
2025-03-07 22:59 +00:00: Serving static files from: /root/code-server/dist/node/src/browser/pages
2025-03-07 22:59 +00:00: AI War Room extension initialized successfully
2025-03-07 22:59 +00:00: [2025-03-07T22:59:20.850Z] [AI-WARROOM] [INFO] AI War Room extension initialized
2025-03-07 22:59 +00:00: [2025-03-07T22:59:21.378Z] [AI-WARROOM] [INFO] Initializing AI agent service
2025-03-07 22:59 +00:00: [2025-03-07T22:59:21.382Z] [AI-WARROOM] [INFO] Server root path: /root/code-server/dist/node
2025-03-07 22:59 +00:00: Starting AI War Room Extension initialization...
2025-03-07 22:59 +00:00: Agent config directory: ./agent-config
2025-03-07 22:59 +00:00: Agent service initialized successfully
2025-03-07 22:59 +00:00: API router mounted at /api/ai
2025-03-07 22:59 +00:00: Serving static files from: /root/code-server/dist/node/src/browser/pages
2025-03-07 22:59 +00:00: AI War Room extension initialized successfully
2025-03-07 22:59 +00:00: [2025-03-07T22:59:21.395Z] [AI-WARROOM] [INFO] AI War Room extension initialized
2025-03-07 22:59 +00:00: [2025-03-07T22:59:21.900Z] [AI-WARROOM] [INFO] Initializing AI agent service
2025-03-07 22:59 +00:00: [2025-03-07T22:59:21.904Z] [AI-WARROOM] [INFO] Server root path: /root/code-server/dist/node
2025-03-07 22:59 +00:00: Starting AI War Room Extension initialization...
2025-03-07 22:59 +00:00: Agent config directory: ./agent-config
2025-03-07 22:59 +00:00: Agent service initialized successfully
2025-03-07 22:59 +00:00: API router mounted at /api/ai
2025-03-07 22:59 +00:00: Serving static files from: /root/code-server/dist/node/src/browser/pages
2025-03-07 22:59 +00:00: AI War Room extension initialized successfully
2025-03-07 22:59 +00:00: [2025-03-07T22:59:21.914Z] [AI-WARROOM] [INFO] AI War Room extension initialized
2025-03-07 22:59 +00:00: [2025-03-07T22:59:22.420Z] [AI-WARROOM] [INFO] Initializing AI agent service
2025-03-07 22:59 +00:00: [2025-03-07T22:59:22.423Z] [AI-WARROOM] [INFO] Server root path: /root/code-server/dist/node
2025-03-07 22:59 +00:00: Starting AI War Room Extension initialization...
2025-03-07 22:59 +00:00: Agent config directory: ./agent-config
2025-03-07 22:59 +00:00: Agent service initialized successfully
2025-03-07 22:59 +00:00: API router mounted at /api/ai
2025-03-07 22:59 +00:00: Serving static files from: /root/code-server/dist/node/src/browser/pages
2025-03-07 22:59 +00:00: AI War Room extension initialized successfully
2025-03-07 22:59 +00:00: [2025-03-07T22:59:22.427Z] [AI-WARROOM] [INFO] AI War Room extension initialized
2025-03-07 22:59 +00:00: [2025-03-07T22:59:22.954Z] [AI-WARROOM] [INFO] Initializing AI agent service
2025-03-07 22:59 +00:00: [2025-03-07T22:59:22.959Z] [AI-WARROOM] [INFO] Server root path: /root/code-server/dist/node
2025-03-07 22:59 +00:00: Starting AI War Room Extension initialization...
2025-03-07 22:59 +00:00: Agent config directory: ./agent-config
2025-03-07 22:59 +00:00: Agent service initialized successfully
2025-03-07 22:59 +00:00: API router mounted at /api/ai
2025-03-07 22:59 +00:00: Serving static files from: /root/code-server/dist/node/src/browser/pages
2025-03-07 22:59 +00:00: AI War Room extension initialized successfully
2025-03-07 22:59 +00:00: [2025-03-07T22:59:22.978Z] [AI-WARROOM] [INFO] AI War Room extension initialized
2025-03-07 22:59 +00:00: [2025-03-07T22:59:23.514Z] [AI-WARROOM] [INFO] Initializing AI agent service
2025-03-07 22:59 +00:00: [2025-03-07T22:59:23.522Z] [AI-WARROOM] [INFO] Server root path: /root/code-server/dist/node
2025-03-07 22:59 +00:00: Starting AI War Room Extension initialization...
2025-03-07 22:59 +00:00: Agent config directory: ./agent-config
2025-03-07 22:59 +00:00: Agent service initialized successfully
2025-03-07 22:59 +00:00: API router mounted at /api/ai
2025-03-07 22:59 +00:00: Serving static files from: /root/code-server/dist/node/src/browser/pages
2025-03-07 22:59 +00:00: AI War Room extension initialized successfully
2025-03-07 22:59 +00:00: [2025-03-07T22:59:23.533Z] [AI-WARROOM] [INFO] AI War Room extension initialized
2025-03-07 22:59 +00:00: [2025-03-07T22:59:24.046Z] [AI-WARROOM] [INFO] Initializing AI agent service
2025-03-07 22:59 +00:00: [2025-03-07T22:59:24.048Z] [AI-WARROOM] [INFO] Server root path: /root/code-server/dist/node
2025-03-07 22:59 +00:00: Starting AI War Room Extension initialization...
2025-03-07 22:59 +00:00: Agent config directory: ./agent-config
2025-03-07 22:59 +00:00: Agent service initialized successfully
2025-03-07 22:59 +00:00: API router mounted at /api/ai
2025-03-07 22:59 +00:00: Serving static files from: /root/code-server/dist/node/src/browser/pages
2025-03-07 22:59 +00:00: AI War Room extension initialized successfully
2025-03-07 22:59 +00:00: [2025-03-07T22:59:24.054Z] [AI-WARROOM] [INFO] AI War Room extension initialized
2025-03-07 22:59 +00:00: [2025-03-07T22:59:24.566Z] [AI-WARROOM] [INFO] Initializing AI agent service
2025-03-07 22:59 +00:00: [2025-03-07T22:59:24.568Z] [AI-WARROOM] [INFO] Server root path: /root/code-server/dist/node
2025-03-07 22:59 +00:00: Starting AI War Room Extension initialization...
2025-03-07 22:59 +00:00: Agent config directory: ./agent-config
2025-03-07 22:59 +00:00: Agent service initialized successfully
2025-03-07 22:59 +00:00: API router mounted at /api/ai
2025-03-07 22:59 +00:00: Serving static files from: /root/code-server/dist/node/src/browser/pages
2025-03-07 22:59 +00:00: AI War Room extension initialized successfully
2025-03-07 22:59 +00:00: [2025-03-07T22:59:24.577Z] [AI-WARROOM] [INFO] AI War Room extension initialized
2025-03-07 22:59 +00:00: [2025-03-07T22:59:25.128Z] [AI-WARROOM] [INFO] Initializing AI agent service
2025-03-07 22:59 +00:00: [2025-03-07T22:59:25.130Z] [AI-WARROOM] [INFO] Server root path: /root/code-server/dist/node
2025-03-07 22:59 +00:00: Starting AI War Room Extension initialization...
2025-03-07 22:59 +00:00: Agent config directory: ./agent-config
2025-03-07 22:59 +00:00: Agent service initialized successfully
2025-03-07 22:59 +00:00: API router mounted at /api/ai
2025-03-07 22:59 +00:00: Serving static files from: /root/code-server/dist/node/src/browser/pages
2025-03-07 22:59 +00:00: AI War Room extension initialized successfully
2025-03-07 22:59 +00:00: [2025-03-07T22:59:25.134Z] [AI-WARROOM] [INFO] AI War Room extension initialized
2025-03-07 22:59 +00:00: [2025-03-07T22:59:25.691Z] [AI-WARROOM] [INFO] Initializing AI agent service
2025-03-07 22:59 +00:00: [2025-03-07T22:59:25.694Z] [AI-WARROOM] [INFO] Server root path: /root/code-server/dist/node
2025-03-07 22:59 +00:00: Starting AI War Room Extension initialization...
2025-03-07 22:59 +00:00: Agent config directory: ./agent-config
2025-03-07 22:59 +00:00: Agent service initialized successfully
2025-03-07 22:59 +00:00: API router mounted at /api/ai
2025-03-07 22:59 +00:00: Serving static files from: /root/code-server/dist/node/src/browser/pages
2025-03-07 22:59 +00:00: AI War Room extension initialized successfully
2025-03-07 22:59 +00:00: [2025-03-07T22:59:25.700Z] [AI-WARROOM] [INFO] AI War Room extension initialized
2025-03-07 22:59 +00:00: [2025-03-07T22:59:26.321Z] [AI-WARROOM] [INFO] Initializing AI agent service
2025-03-07 22:59 +00:00: [2025-03-07T22:59:26.328Z] [AI-WARROOM] [INFO] Server root path: /root/code-server/dist/node
2025-03-07 22:59 +00:00: Starting AI War Room Extension initialization...
2025-03-07 22:59 +00:00: Agent config directory: ./agent-config
2025-03-07 22:59 +00:00: Agent service initialized successfully
2025-03-07 22:59 +00:00: API router mounted at /api/ai
2025-03-07 22:59 +00:00: Serving static files from: /root/code-server/dist/node/src/browser/pages
2025-03-07 22:59 +00:00: AI War Room extension initialized successfully
2025-03-07 22:59 +00:00: [2025-03-07T22:59:26.337Z] [AI-WARROOM] [INFO] AI War Room extension initialized
2025-03-07 22:59 +00:00: [2025-03-07T22:59:26.871Z] [AI-WARROOM] [INFO] Initializing AI agent service
2025-03-07 22:59 +00:00: [2025-03-07T22:59:26.877Z] [AI-WARROOM] [INFO] Server root path: /root/code-server/dist/node
2025-03-07 22:59 +00:00: Starting AI War Room Extension initialization...
2025-03-07 22:59 +00:00: Agent config directory: ./agent-config
2025-03-07 22:59 +00:00: Agent service initialized successfully
2025-03-07 22:59 +00:00: API router mounted at /api/ai
2025-03-07 22:59 +00:00: Serving static files from: /root/code-server/dist/node/src/browser/pages
2025-03-07 22:59 +00:00: AI War Room extension initialized successfully
2025-03-07 22:59 +00:00: [2025-03-07T22:59:26.884Z] [AI-WARROOM] [INFO] AI War Room extension initialized
2025-03-07 22:59 +00:00: [2025-03-07T22:59:27.476Z] [AI-WARROOM] [INFO] Initializing AI agent service
2025-03-07 22:59 +00:00: [2025-03-07T22:59:27.478Z] [AI-WARROOM] [INFO] Server root path: /root/code-server/dist/node
2025-03-07 22:59 +00:00: Starting AI War Room Extension initialization...
2025-03-07 22:59 +00:00: Agent config directory: ./agent-config
2025-03-07 22:59 +00:00: Agent service initialized successfully
2025-03-07 22:59 +00:00: API router mounted at /api/ai
2025-03-07 22:59 +00:00: Serving static files from: /root/code-server/dist/node/src/browser/pages
2025-03-07 22:59 +00:00: AI War Room extension initialized successfully
2025-03-07 22:59 +00:00: [2025-03-07T22:59:27.482Z] [AI-WARROOM] [INFO] AI War Room extension initialized
2025-03-07 22:59 +00:00: [2025-03-07T22:59:28.061Z] [AI-WARROOM] [INFO] Initializing AI agent service
2025-03-07 22:59 +00:00: [2025-03-07T22:59:28.064Z] [AI-WARROOM] [INFO] Server root path: /root/code-server/dist/node
2025-03-07 22:59 +00:00: Starting AI War Room Extension initialization...
2025-03-07 22:59 +00:00: Agent config directory: ./agent-config
2025-03-07 22:59 +00:00: Agent service initialized successfully
2025-03-07 22:59 +00:00: API router mounted at /api/ai
2025-03-07 22:59 +00:00: Serving static files from: /root/code-server/dist/node/src/browser/pages
2025-03-07 22:59 +00:00: AI War Room extension initialized successfully
2025-03-07 22:59 +00:00: [2025-03-07T22:59:28.070Z] [AI-WARROOM] [INFO] AI War Room extension initialized
2025-03-07 22:59 +00:00: [2025-03-07T22:59:28.606Z] [AI-WARROOM] [INFO] Initializing AI agent service
2025-03-07 22:59 +00:00: [2025-03-07T22:59:28.609Z] [AI-WARROOM] [INFO] Server root path: /root/code-server/dist/node
2025-03-07 22:59 +00:00: Starting AI War Room Extension initialization...
2025-03-07 22:59 +00:00: Agent config directory: ./agent-config
2025-03-07 22:59 +00:00: Agent service initialized successfully
2025-03-07 22:59 +00:00: API router mounted at /api/ai
2025-03-07 22:59 +00:00: Serving static files from: /root/code-server/dist/node/src/browser/pages
2025-03-07 22:59 +00:00: AI War Room extension initialized successfully
2025-03-07 22:59 +00:00: [2025-03-07T22:59:28.614Z] [AI-WARROOM] [INFO] AI War Room extension initialized
2025-03-07 22:59 +00:00: [2025-03-07T22:59:29.208Z] [AI-WARROOM] [INFO] Initializing AI agent service
2025-03-07 22:59 +00:00: [2025-03-07T22:59:29.212Z] [AI-WARROOM] [INFO] Server root path: /root/code-server/dist/node
2025-03-07 22:59 +00:00: Starting AI War Room Extension initialization...
2025-03-07 22:59 +00:00: Agent config directory: ./agent-config
2025-03-07 22:59 +00:00: Agent service initialized successfully
2025-03-07 22:59 +00:00: API router mounted at /api/ai
2025-03-07 22:59 +00:00: Serving static files from: /root/code-server/dist/node/src/browser/pages
2025-03-07 22:59 +00:00: AI War Room extension initialized successfully
2025-03-07 22:59 +00:00: [2025-03-07T22:59:29.219Z] [AI-WARROOM] [INFO] AI War Room extension initialized
2025-03-07 22:59 +00:00: [2025-03-07T22:59:29.749Z] [AI-WARROOM] [INFO] Initializing AI agent service
2025-03-07 22:59 +00:00: [2025-03-07T22:59:29.756Z] [AI-WARROOM] [INFO] Server root path: /root/code-server/dist/node
2025-03-07 22:59 +00:00: Starting AI War Room Extension initialization...
2025-03-07 22:59 +00:00: Agent config directory: ./agent-config
2025-03-07 22:59 +00:00: Agent service initialized successfully
2025-03-07 22:59 +00:00: API router mounted at /api/ai
2025-03-07 22:59 +00:00: Serving static files from: /root/code-server/dist/node/src/browser/pages
2025-03-07 22:59 +00:00: AI War Room extension initialized successfully
2025-03-07 22:59 +00:00: [2025-03-07T22:59:29.761Z] [AI-WARROOM] [INFO] AI War Room extension initialized
2025-03-07 22:59 +00:00: [2025-03-07T22:59:30.344Z] [AI-WARROOM] [INFO] Initializing AI agent service
2025-03-07 22:59 +00:00: [2025-03-07T22:59:30.347Z] [AI-WARROOM] [INFO] Server root path: /root/code-server/dist/node
2025-03-07 22:59 +00:00: Starting AI War Room Extension initialization...
2025-03-07 22:59 +00:00: Agent config directory: ./agent-config
2025-03-07 22:59 +00:00: Agent service initialized successfully
2025-03-07 22:59 +00:00: API router mounted at /api/ai
2025-03-07 22:59 +00:00: Serving static files from: /root/code-server/dist/node/src/browser/pages
2025-03-07 22:59 +00:00: AI War Room extension initialized successfully
2025-03-07 22:59 +00:00: [2025-03-07T22:59:30.351Z] [AI-WARROOM] [INFO] AI War Room extension initialized
2025-03-07 22:59 +00:00: [2025-03-07T22:59:30.797Z] [AI-WARROOM] [INFO] Initializing AI agent service
2025-03-07 22:59 +00:00: [2025-03-07T22:59:30.812Z] [AI-WARROOM] [INFO] Server root path: /root/code-server/dist/node
2025-03-07 22:59 +00:00: Starting AI War Room Extension initialization...
2025-03-07 22:59 +00:00: Agent config directory: ./agent-config
2025-03-07 22:59 +00:00: Agent service initialized successfully
2025-03-07 22:59 +00:00: API router mounted at /api/ai
2025-03-07 22:59 +00:00: Serving static files from: /root/code-server/dist/node/src/browser/pages
2025-03-07 22:59 +00:00: AI War Room extension initialized successfully
2025-03-07 22:59 +00:00: [2025-03-07T22:59:30.829Z] [AI-WARROOM] [INFO] AI War Room extension initialized
2025-03-07 22:59 +00:00: [2025-03-07T22:59:31.338Z] [AI-WARROOM] [INFO] Initializing AI agent service
2025-03-07 22:59 +00:00: [2025-03-07T22:59:31.341Z] [AI-WARROOM] [INFO] Server root path: /root/code-server/dist/node
2025-03-07 22:59 +00:00: Starting AI War Room Extension initialization...
2025-03-07 22:59 +00:00: Agent config directory: ./agent-config
2025-03-07 22:59 +00:00: Agent service initialized successfully
2025-03-07 22:59 +00:00: API router mounted at /api/ai
2025-03-07 22:59 +00:00: Serving static files from: /root/code-server/dist/node/src/browser/pages
2025-03-07 22:59 +00:00: AI War Room extension initialized successfully
2025-03-07 22:59 +00:00: [2025-03-07T22:59:31.348Z] [AI-WARROOM] [INFO] AI War Room extension initialized
2025-03-07 22:59 +00:00: [2025-03-07T22:59:31.936Z] [AI-WARROOM] [INFO] Initializing AI agent service
2025-03-07 22:59 +00:00: [2025-03-07T22:59:31.939Z] [AI-WARROOM] [INFO] Server root path: /root/code-server/dist/node
2025-03-07 22:59 +00:00: Starting AI War Room Extension initialization...
2025-03-07 22:59 +00:00: Agent config directory: ./agent-config
2025-03-07 22:59 +00:00: Agent service initialized successfully
2025-03-07 22:59 +00:00: API router mounted at /api/ai
2025-03-07 22:59 +00:00: Serving static files from: /root/code-server/dist/node/src/browser/pages
2025-03-07 22:59 +00:00: AI War Room extension initialized successfully
2025-03-07 22:59 +00:00: [2025-03-07T22:59:31.952Z] [AI-WARROOM] [INFO] AI War Room extension initialized
2025-03-07 22:59 +00:00: [2025-03-07T22:59:32.528Z] [AI-WARROOM] [INFO] Initializing AI agent service
2025-03-07 22:59 +00:00: [2025-03-07T22:59:32.531Z] [AI-WARROOM] [INFO] Server root path: /root/code-server/dist/node
2025-03-07 22:59 +00:00: Starting AI War Room Extension initialization...
2025-03-07 22:59 +00:00: Agent config directory: ./agent-config
2025-03-07 22:59 +00:00: Agent service initialized successfully
2025-03-07 22:59 +00:00: API router mounted at /api/ai
2025-03-07 22:59 +00:00: Serving static files from: /root/code-server/dist/node/src/browser/pages
2025-03-07 22:59 +00:00: AI War Room extension initialized successfully
2025-03-07 22:59 +00:00: [2025-03-07T22:59:32.535Z] [AI-WARROOM] [INFO] AI War Room extension initialized
2025-03-07 22:59 +00:00: [2025-03-07T22:59:33.112Z] [AI-WARROOM] [INFO] Initializing AI agent service
2025-03-07 22:59 +00:00: [2025-03-07T22:59:33.114Z] [AI-WARROOM] [INFO] Server root path: /root/code-server/dist/node
2025-03-07 22:59 +00:00: Starting AI War Room Extension initialization...
2025-03-07 22:59 +00:00: Agent config directory: ./agent-config
2025-03-07 22:59 +00:00: Agent service initialized successfully
2025-03-07 22:59 +00:00: API router mounted at /api/ai
2025-03-07 22:59 +00:00: Serving static files from: /root/code-server/dist/node/src/browser/pages
2025-03-07 22:59 +00:00: AI War Room extension initialized successfully
2025-03-07 22:59 +00:00: [2025-03-07T22:59:33.118Z] [AI-WARROOM] [INFO] AI War Room extension initialized
2025-03-07 22:59 +00:00: [2025-03-07T22:59:33.740Z] [AI-WARROOM] [INFO] Initializing AI agent service
2025-03-07 22:59 +00:00: [2025-03-07T22:59:33.743Z] [AI-WARROOM] [INFO] Server root path: /root/code-server/dist/node
2025-03-07 22:59 +00:00: Starting AI War Room Extension initialization...
2025-03-07 22:59 +00:00: Agent config directory: ./agent-config
2025-03-07 22:59 +00:00: Agent service initialized successfully
2025-03-07 22:59 +00:00: API router mounted at /api/ai
2025-03-07 22:59 +00:00: Serving static files from: /root/code-server/dist/node/src/browser/pages
2025-03-07 22:59 +00:00: AI War Room extension initialized successfully
2025-03-07 22:59 +00:00: [2025-03-07T22:59:33.747Z] [AI-WARROOM] [INFO] AI War Room extension initialized
2025-03-07 22:59 +00:00: [2025-03-07T22:59:34.293Z] [AI-WARROOM] [INFO] Initializing AI agent service
2025-03-07 22:59 +00:00: [2025-03-07T22:59:34.296Z] [AI-WARROOM] [INFO] Server root path: /root/code-server/dist/node
2025-03-07 22:59 +00:00: Starting AI War Room Extension initialization...
2025-03-07 22:59 +00:00: Agent config directory: ./agent-config
2025-03-07 22:59 +00:00: Agent service initialized successfully
2025-03-07 22:59 +00:00: API router mounted at /api/ai
2025-03-07 22:59 +00:00: Serving static files from: /root/code-server/dist/node/src/browser/pages
2025-03-07 22:59 +00:00: AI War Room extension initialized successfully
2025-03-07 22:59 +00:00: [2025-03-07T22:59:34.302Z] [AI-WARROOM] [INFO] AI War Room extension initialized
2025-03-07 22:59 +00:00: [2025-03-07T22:59:34.868Z] [AI-WARROOM] [INFO] Initializing AI agent service
2025-03-07 22:59 +00:00: [2025-03-07T22:59:34.876Z] [AI-WARROOM] [INFO] Server root path: /root/code-server/dist/node
2025-03-07 22:59 +00:00: Starting AI War Room Extension initialization...
2025-03-07 22:59 +00:00: Agent config directory: ./agent-config
2025-03-07 22:59 +00:00: Agent service initialized successfully
2025-03-07 22:59 +00:00: API router mounted at /api/ai
2025-03-07 22:59 +00:00: Serving static files from: /root/code-server/dist/node/src/browser/pages
2025-03-07 22:59 +00:00: AI War Room extension initialized successfully
2025-03-07 22:59 +00:00: [2025-03-07T22:59:34.897Z] [AI-WARROOM] [INFO] AI War Room extension initialized
2025-03-07 22:59 +00:00: [2025-03-07T22:59:35.471Z] [AI-WARROOM] [INFO] Initializing AI agent service
2025-03-07 22:59 +00:00: [2025-03-07T22:59:35.474Z] [AI-WARROOM] [INFO] Server root path: /root/code-server/dist/node
2025-03-07 22:59 +00:00: Starting AI War Room Extension initialization...
2025-03-07 22:59 +00:00: Agent config directory: ./agent-config
2025-03-07 22:59 +00:00: Agent service initialized successfully
2025-03-07 22:59 +00:00: API router mounted at /api/ai
2025-03-07 22:59 +00:00: Serving static files from: /root/code-server/dist/node/src/browser/pages
2025-03-07 22:59 +00:00: AI War Room extension initialized successfully
2025-03-07 22:59 +00:00: [2025-03-07T22:59:35.480Z] [AI-WARROOM] [INFO] AI War Room extension initialized
2025-03-07 22:59 +00:00: [2025-03-07T22:59:36.070Z] [AI-WARROOM] [INFO] Initializing AI agent service
2025-03-07 22:59 +00:00: [2025-03-07T22:59:36.072Z] [AI-WARROOM] [INFO] Server root path: /root/code-server/dist/node
2025-03-07 22:59 +00:00: Starting AI War Room Extension initialization...
2025-03-07 22:59 +00:00: Agent config directory: ./agent-config
2025-03-07 22:59 +00:00: Agent service initialized successfully
2025-03-07 22:59 +00:00: API router mounted at /api/ai
2025-03-07 22:59 +00:00: Serving static files from: /root/code-server/dist/node/src/browser/pages
2025-03-07 22:59 +00:00: AI War Room extension initialized successfully
2025-03-07 22:59 +00:00: [2025-03-07T22:59:36.078Z] [AI-WARROOM] [INFO] AI War Room extension initialized
2025-03-07 22:59 +00:00: [2025-03-07T22:59:36.607Z] [AI-WARROOM] [INFO] Initializing AI agent service
2025-03-07 22:59 +00:00: [2025-03-07T22:59:36.611Z] [AI-WARROOM] [INFO] Server root path: /root/code-server/dist/node
2025-03-07 22:59 +00:00: Starting AI War Room Extension initialization...
2025-03-07 22:59 +00:00: Agent config directory: ./agent-config
2025-03-07 22:59 +00:00: Agent service initialized successfully
2025-03-07 22:59 +00:00: API router mounted at /api/ai
2025-03-07 22:59 +00:00: Serving static files from: /root/code-server/dist/node/src/browser/pages
2025-03-07 22:59 +00:00: AI War Room extension initialized successfully
2025-03-07 22:59 +00:00: [2025-03-07T22:59:36.615Z] [AI-WARROOM] [INFO] AI War Room extension initialized
2025-03-07 22:59 +00:00: [2025-03-07T22:59:37.186Z] [AI-WARROOM] [INFO] Initializing AI agent service
2025-03-07 22:59 +00:00: [2025-03-07T22:59:37.187Z] [AI-WARROOM] [INFO] Server root path: /root/code-server/dist/node
2025-03-07 22:59 +00:00: Starting AI War Room Extension initialization...
2025-03-07 22:59 +00:00: Agent config directory: ./agent-config
2025-03-07 22:59 +00:00: Agent service initialized successfully
2025-03-07 22:59 +00:00: API router mounted at /api/ai
2025-03-07 22:59 +00:00: Serving static files from: /root/code-server/dist/node/src/browser/pages
2025-03-07 22:59 +00:00: AI War Room extension initialized successfully
2025-03-07 22:59 +00:00: [2025-03-07T22:59:37.192Z] [AI-WARROOM] [INFO] AI War Room extension initialized
2025-03-07 22:59 +00:00: [2025-03-07T22:59:37.868Z] [AI-WARROOM] [INFO] Initializing AI agent service
2025-03-07 22:59 +00:00: [2025-03-07T22:59:37.873Z] [AI-WARROOM] [INFO] Server root path: /root/code-server/dist/node
2025-03-07 22:59 +00:00: Starting AI War Room Extension initialization...
2025-03-07 22:59 +00:00: Agent config directory: ./agent-config
2025-03-07 22:59 +00:00: Agent service initialized successfully
2025-03-07 22:59 +00:00: API router mounted at /api/ai
2025-03-07 22:59 +00:00: Serving static files from: /root/code-server/dist/node/src/browser/pages
2025-03-07 22:59 +00:00: AI War Room extension initialized successfully
2025-03-07 22:59 +00:00: [2025-03-07T22:59:37.879Z] [AI-WARROOM] [INFO] AI War Room extension initialized
2025-03-07 22:59 +00:00: [2025-03-07T22:59:38.455Z] [AI-WARROOM] [INFO] Initializing AI agent service
2025-03-07 22:59 +00:00: [2025-03-07T22:59:38.457Z] [AI-WARROOM] [INFO] Server root path: /root/code-server/dist/node
2025-03-07 22:59 +00:00: Starting AI War Room Extension initialization...
2025-03-07 22:59 +00:00: Agent config directory: ./agent-config
2025-03-07 22:59 +00:00: Agent service initialized successfully
2025-03-07 22:59 +00:00: API router mounted at /api/ai
2025-03-07 22:59 +00:00: Serving static files from: /root/code-server/dist/node/src/browser/pages
2025-03-07 22:59 +00:00: AI War Room extension initialized successfully
2025-03-07 22:59 +00:00: [2025-03-07T22:59:38.461Z] [AI-WARROOM] [INFO] AI War Room extension initialized
2025-03-07 22:59 +00:00: [2025-03-07T22:59:39.017Z] [AI-WARROOM] [INFO] Initializing AI agent service
2025-03-07 22:59 +00:00: [2025-03-07T22:59:39.021Z] [AI-WARROOM] [INFO] Server root path: /root/code-server/dist/node
2025-03-07 22:59 +00:00: Starting AI War Room Extension initialization...
2025-03-07 22:59 +00:00: Agent config directory: ./agent-config
2025-03-07 22:59 +00:00: Agent service initialized successfully
2025-03-07 22:59 +00:00: API router mounted at /api/ai
2025-03-07 22:59 +00:00: Serving static files from: /root/code-server/dist/node/src/browser/pages
2025-03-07 22:59 +00:00: AI War Room extension initialized successfully
2025-03-07 22:59 +00:00: [2025-03-07T22:59:39.028Z] [AI-WARROOM] [INFO] AI War Room extension initialized
2025-03-07 22:59 +00:00: [2025-03-07T22:59:39.589Z] [AI-WARROOM] [INFO] Initializing AI agent service
2025-03-07 22:59 +00:00: [2025-03-07T22:59:39.591Z] [AI-WARROOM] [INFO] Server root path: /root/code-server/dist/node
2025-03-07 22:59 +00:00: Starting AI War Room Extension initialization...
2025-03-07 22:59 +00:00: Agent config directory: ./agent-config
2025-03-07 22:59 +00:00: Agent service initialized successfully
2025-03-07 22:59 +00:00: API router mounted at /api/ai
2025-03-07 22:59 +00:00: Serving static files from: /root/code-server/dist/node/src/browser/pages
2025-03-07 22:59 +00:00: AI War Room extension initialized successfully
2025-03-07 22:59 +00:00: [2025-03-07T22:59:39.595Z] [AI-WARROOM] [INFO] AI War Room extension initialized
2025-03-07 22:59 +00:00: [2025-03-07T22:59:40.205Z] [AI-WARROOM] [INFO] Initializing AI agent service
2025-03-07 22:59 +00:00: [2025-03-07T22:59:40.208Z] [AI-WARROOM] [INFO] Server root path: /root/code-server/dist/node
2025-03-07 22:59 +00:00: Starting AI War Room Extension initialization...
2025-03-07 22:59 +00:00: Agent config directory: ./agent-config
2025-03-07 22:59 +00:00: Agent service initialized successfully
2025-03-07 22:59 +00:00: API router mounted at /api/ai
2025-03-07 22:59 +00:00: Serving static files from: /root/code-server/dist/node/src/browser/pages
2025-03-07 22:59 +00:00: AI War Room extension initialized successfully
2025-03-07 22:59 +00:00: [2025-03-07T22:59:40.214Z] [AI-WARROOM] [INFO] AI War Room extension initialized
2025-03-07 22:59 +00:00: [2025-03-07T22:59:40.756Z] [AI-WARROOM] [INFO] Initializing AI agent service
2025-03-07 22:59 +00:00: [2025-03-07T22:59:40.759Z] [AI-WARROOM] [INFO] Server root path: /root/code-server/dist/node
2025-03-07 22:59 +00:00: Starting AI War Room Extension initialization...
2025-03-07 22:59 +00:00: Agent config directory: ./agent-config
2025-03-07 22:59 +00:00: Agent service initialized successfully
2025-03-07 22:59 +00:00: API router mounted at /api/ai
2025-03-07 22:59 +00:00: Serving static files from: /root/code-server/dist/node/src/browser/pages
2025-03-07 22:59 +00:00: AI War Room extension initialized successfully
2025-03-07 22:59 +00:00: [2025-03-07T22:59:40.767Z] [AI-WARROOM] [INFO] AI War Room extension initialized
2025-03-07 22:59 +00:00: [2025-03-07T22:59:41.331Z] [AI-WARROOM] [INFO] Initializing AI agent service
2025-03-07 22:59 +00:00: [2025-03-07T22:59:41.333Z] [AI-WARROOM] [INFO] Server root path: /root/code-server/dist/node
2025-03-07 22:59 +00:00: Starting AI War Room Extension initialization...
2025-03-07 22:59 +00:00: Agent config directory: ./agent-config
2025-03-07 22:59 +00:00: Agent service initialized successfully
2025-03-07 22:59 +00:00: API router mounted at /api/ai
2025-03-07 22:59 +00:00: Serving static files from: /root/code-server/dist/node/src/browser/pages
2025-03-07 22:59 +00:00: AI War Room extension initialized successfully
2025-03-07 22:59 +00:00: [2025-03-07T22:59:41.340Z] [AI-WARROOM] [INFO] AI War Room extension initialized
2025-03-07 22:59 +00:00: [2025-03-07T22:59:41.871Z] [AI-WARROOM] [INFO] Initializing AI agent service
2025-03-07 22:59 +00:00: [2025-03-07T22:59:41.877Z] [AI-WARROOM] [INFO] Server root path: /root/code-server/dist/node
2025-03-07 22:59 +00:00: Starting AI War Room Extension initialization...
2025-03-07 22:59 +00:00: Agent config directory: ./agent-config
2025-03-07 22:59 +00:00: Agent service initialized successfully
2025-03-07 22:59 +00:00: API router mounted at /api/ai
2025-03-07 22:59 +00:00: Serving static files from: /root/code-server/dist/node/src/browser/pages
2025-03-07 22:59 +00:00: AI War Room extension initialized successfully
2025-03-07 22:59 +00:00: [2025-03-07T22:59:41.891Z] [AI-WARROOM] [INFO] AI War Room extension initialized
2025-03-07 22:59 +00:00: [2025-03-07T22:59:42.395Z] [AI-WARROOM] [INFO] Initializing AI agent service
2025-03-07 22:59 +00:00: [2025-03-07T22:59:42.397Z] [AI-WARROOM] [INFO] Server root path: /root/code-server/dist/node
2025-03-07 22:59 +00:00: Starting AI War Room Extension initialization...
2025-03-07 22:59 +00:00: Agent config directory: ./agent-config
2025-03-07 22:59 +00:00: Agent service initialized successfully
2025-03-07 22:59 +00:00: API router mounted at /api/ai
2025-03-07 22:59 +00:00: Serving static files from: /root/code-server/dist/node/src/browser/pages
2025-03-07 22:59 +00:00: AI War Room extension initialized successfully
2025-03-07 22:59 +00:00: [2025-03-07T22:59:42.403Z] [AI-WARROOM] [INFO] AI War Room extension initialized
2025-03-07 22:59 +00:00: [2025-03-07T22:59:42.922Z] [AI-WARROOM] [INFO] Initializing AI agent service
2025-03-07 22:59 +00:00: [2025-03-07T22:59:42.928Z] [AI-WARROOM] [INFO] Server root path: /root/code-server/dist/node
2025-03-07 22:59 +00:00: Starting AI War Room Extension initialization...
2025-03-07 22:59 +00:00: Agent config directory: ./agent-config
2025-03-07 22:59 +00:00: Agent service initialized successfully
2025-03-07 22:59 +00:00: API router mounted at /api/ai
2025-03-07 22:59 +00:00: Serving static files from: /root/code-server/dist/node/src/browser/pages
2025-03-07 22:59 +00:00: AI War Room extension initialized successfully
2025-03-07 22:59 +00:00: [2025-03-07T22:59:42.941Z] [AI-WARROOM] [INFO] AI War Room extension initialized
2025-03-07 22:59 +00:00: [2025-03-07T22:59:43.458Z] [AI-WARROOM] [INFO] Initializing AI agent service
2025-03-07 22:59 +00:00: [2025-03-07T22:59:43.460Z] [AI-WARROOM] [INFO] Server root path: /root/code-server/dist/node
2025-03-07 22:59 +00:00: Starting AI War Room Extension initialization...
2025-03-07 22:59 +00:00: Agent config directory: ./agent-config
2025-03-07 22:59 +00:00: Agent service initialized successfully
2025-03-07 22:59 +00:00: API router mounted at /api/ai
2025-03-07 22:59 +00:00: Serving static files from: /root/code-server/dist/node/src/browser/pages
2025-03-07 22:59 +00:00: AI War Room extension initialized successfully
2025-03-07 22:59 +00:00: [2025-03-07T22:59:43.467Z] [AI-WARROOM] [INFO] AI War Room extension initialized
2025-03-07 22:59 +00:00: [2025-03-07T22:59:44.022Z] [AI-WARROOM] [INFO] Initializing AI agent service
2025-03-07 22:59 +00:00: [2025-03-07T22:59:44.029Z] [AI-WARROOM] [INFO] Server root path: /root/code-server/dist/node
2025-03-07 22:59 +00:00: Starting AI War Room Extension initialization...
2025-03-07 22:59 +00:00: Agent config directory: ./agent-config
2025-03-07 22:59 +00:00: Agent service initialized successfully
2025-03-07 22:59 +00:00: API router mounted at /api/ai
2025-03-07 22:59 +00:00: Serving static files from: /root/code-server/dist/node/src/browser/pages
2025-03-07 22:59 +00:00: AI War Room extension initialized successfully
2025-03-07 22:59 +00:00: [2025-03-07T22:59:44.037Z] [AI-WARROOM] [INFO] AI War Room extension initialized
2025-03-07 22:59 +00:00: [2025-03-07T22:59:44.601Z] [AI-WARROOM] [INFO] Initializing AI agent service
2025-03-07 22:59 +00:00: [2025-03-07T22:59:44.604Z] [AI-WARROOM] [INFO] Server root path: /root/code-server/dist/node
2025-03-07 22:59 +00:00: Starting AI War Room Extension initialization...
2025-03-07 22:59 +00:00: Agent config directory: ./agent-config
2025-03-07 22:59 +00:00: Agent service initialized successfully
2025-03-07 22:59 +00:00: API router mounted at /api/ai
2025-03-07 22:59 +00:00: Serving static files from: /root/code-server/dist/node/src/browser/pages
2025-03-07 22:59 +00:00: AI War Room extension initialized successfully
2025-03-07 22:59 +00:00: [2025-03-07T22:59:44.609Z] [AI-WARROOM] [INFO] AI War Room extension initialized
2025-03-07 22:59 +00:00: [2025-03-07T22:59:45.161Z] [AI-WARROOM] [INFO] Initializing AI agent service
2025-03-07 22:59 +00:00: [2025-03-07T22:59:45.165Z] [AI-WARROOM] [INFO] Server root path: /root/code-server/dist/node
2025-03-07 22:59 +00:00: Starting AI War Room Extension initialization...
2025-03-07 22:59 +00:00: Agent config directory: ./agent-config
2025-03-07 22:59 +00:00: Agent service initialized successfully
2025-03-07 22:59 +00:00: API router mounted at /api/ai
2025-03-07 22:59 +00:00: Serving static files from: /root/code-server/dist/node/src/browser/pages
2025-03-07 22:59 +00:00: AI War Room extension initialized successfully
2025-03-07 22:59 +00:00: [2025-03-07T22:59:45.177Z] [AI-WARROOM] [INFO] AI War Room extension initialized
2025-03-07 22:59 +00:00: [2025-03-07T22:59:45.691Z] [AI-WARROOM] [INFO] Initializing AI agent service
2025-03-07 22:59 +00:00: [2025-03-07T22:59:45.693Z] [AI-WARROOM] [INFO] Server root path: /root/code-server/dist/node
2025-03-07 22:59 +00:00: Starting AI War Room Extension initialization...
2025-03-07 22:59 +00:00: Agent config directory: ./agent-config
2025-03-07 22:59 +00:00: Agent service initialized successfully
2025-03-07 22:59 +00:00: API router mounted at /api/ai
2025-03-07 22:59 +00:00: Serving static files from: /root/code-server/dist/node/src/browser/pages
2025-03-07 22:59 +00:00: AI War Room extension initialized successfully
2025-03-07 22:59 +00:00: [2025-03-07T22:59:45.697Z] [AI-WARROOM] [INFO] AI War Room extension initialized
2025-03-07 22:59 +00:00: [2025-03-07T22:59:46.263Z] [AI-WARROOM] [INFO] Initializing AI agent service
2025-03-07 22:59 +00:00: [2025-03-07T22:59:46.265Z] [AI-WARROOM] [INFO] Server root path: /root/code-server/dist/node
2025-03-07 22:59 +00:00: Starting AI War Room Extension initialization...
2025-03-07 22:59 +00:00: Agent config directory: ./agent-config
2025-03-07 22:59 +00:00: Agent service initialized successfully
2025-03-07 22:59 +00:00: API router mounted at /api/ai
2025-03-07 22:59 +00:00: Serving static files from: /root/code-server/dist/node/src/browser/pages
2025-03-07 22:59 +00:00: AI War Room extension initialized successfully
2025-03-07 22:59 +00:00: [2025-03-07T22:59:46.270Z] [AI-WARROOM] [INFO] AI War Room extension initialized
2025-03-07 22:59 +00:00: [2025-03-07T22:59:46.796Z] [AI-WARROOM] [INFO] Initializing AI agent service
2025-03-07 22:59 +00:00: [2025-03-07T22:59:46.799Z] [AI-WARROOM] [INFO] Server root path: /root/code-server/dist/node
2025-03-07 22:59 +00:00: Starting AI War Room Extension initialization...
2025-03-07 22:59 +00:00: Agent config directory: ./agent-config
2025-03-07 22:59 +00:00: Agent service initialized successfully
2025-03-07 22:59 +00:00: API router mounted at /api/ai
2025-03-07 22:59 +00:00: Serving static files from: /root/code-server/dist/node/src/browser/pages
2025-03-07 22:59 +00:00: AI War Room extension initialized successfully
2025-03-07 22:59 +00:00: [2025-03-07T22:59:46.805Z] [AI-WARROOM] [INFO] AI War Room extension initialized
2025-03-07 22:59 +00:00: [2025-03-07T22:59:47.375Z] [AI-WARROOM] [INFO] Initializing AI agent service
2025-03-07 22:59 +00:00: [2025-03-07T22:59:47.377Z] [AI-WARROOM] [INFO] Server root path: /root/code-server/dist/node
2025-03-07 22:59 +00:00: Starting AI War Room Extension initialization...
2025-03-07 22:59 +00:00: Agent config directory: ./agent-config
2025-03-07 22:59 +00:00: Agent service initialized successfully
2025-03-07 22:59 +00:00: API router mounted at /api/ai
2025-03-07 22:59 +00:00: Serving static files from: /root/code-server/dist/node/src/browser/pages
2025-03-07 22:59 +00:00: AI War Room extension initialized successfully
2025-03-07 22:59 +00:00: [2025-03-07T22:59:47.383Z] [AI-WARROOM] [INFO] AI War Room extension initialized
2025-03-07 22:59 +00:00: [2025-03-07T22:59:47.916Z] [AI-WARROOM] [INFO] Initializing AI agent service
2025-03-07 22:59 +00:00: [2025-03-07T22:59:47.919Z] [AI-WARROOM] [INFO] Server root path: /root/code-server/dist/node
2025-03-07 22:59 +00:00: Starting AI War Room Extension initialization...
2025-03-07 22:59 +00:00: Agent config directory: ./agent-config
2025-03-07 22:59 +00:00: Agent service initialized successfully
2025-03-07 22:59 +00:00: API router mounted at /api/ai
2025-03-07 22:59 +00:00: Serving static files from: /root/code-server/dist/node/src/browser/pages
2025-03-07 22:59 +00:00: AI War Room extension initialized successfully
2025-03-07 22:59 +00:00: [2025-03-07T22:59:47.923Z] [AI-WARROOM] [INFO] AI War Room extension initialized
2025-03-07 22:59 +00:00: [2025-03-07T22:59:48.479Z] [AI-WARROOM] [INFO] Initializing AI agent service
2025-03-07 22:59 +00:00: [2025-03-07T22:59:48.481Z] [AI-WARROOM] [INFO] Server root path: /root/code-server/dist/node
2025-03-07 22:59 +00:00: Starting AI War Room Extension initialization...
2025-03-07 22:59 +00:00: Agent config directory: ./agent-config
2025-03-07 22:59 +00:00: Agent service initialized successfully
2025-03-07 22:59 +00:00: API router mounted at /api/ai
2025-03-07 22:59 +00:00: Serving static files from: /root/code-server/dist/node/src/browser/pages
2025-03-07 22:59 +00:00: AI War Room extension initialized successfully
2025-03-07 22:59 +00:00: [2025-03-07T22:59:48.488Z] [AI-WARROOM] [INFO] AI War Room extension initialized
2025-03-07 22:59 +00:00: [2025-03-07T22:59:49.014Z] [AI-WARROOM] [INFO] Initializing AI agent service
2025-03-07 22:59 +00:00: [2025-03-07T22:59:49.017Z] [AI-WARROOM] [INFO] Server root path: /root/code-server/dist/node
2025-03-07 22:59 +00:00: Starting AI War Room Extension initialization...
2025-03-07 22:59 +00:00: Agent config directory: ./agent-config
2025-03-07 22:59 +00:00: Agent service initialized successfully
2025-03-07 22:59 +00:00: API router mounted at /api/ai
2025-03-07 22:59 +00:00: Serving static files from: /root/code-server/dist/node/src/browser/pages
2025-03-07 22:59 +00:00: AI War Room extension initialized successfully
2025-03-07 22:59 +00:00: [2025-03-07T22:59:49.023Z] [AI-WARROOM] [INFO] AI War Room extension initialized
2025-03-07 22:59 +00:00: [2025-03-07T22:59:49.534Z] [AI-WARROOM] [INFO] Initializing AI agent service
2025-03-07 22:59 +00:00: [2025-03-07T22:59:49.536Z] [AI-WARROOM] [INFO] Server root path: /root/code-server/dist/node
2025-03-07 22:59 +00:00: Starting AI War Room Extension initialization...
2025-03-07 22:59 +00:00: Agent config directory: ./agent-config
2025-03-07 22:59 +00:00: Agent service initialized successfully
2025-03-07 22:59 +00:00: API router mounted at /api/ai
2025-03-07 22:59 +00:00: Serving static files from: /root/code-server/dist/node/src/browser/pages
2025-03-07 22:59 +00:00: AI War Room extension initialized successfully
2025-03-07 22:59 +00:00: [2025-03-07T22:59:49.539Z] [AI-WARROOM] [INFO] AI War Room extension initialized
2025-03-07 22:59 +00:00: [2025-03-07T22:59:50.100Z] [AI-WARROOM] [INFO] Initializing AI agent service
2025-03-07 22:59 +00:00: [2025-03-07T22:59:50.103Z] [AI-WARROOM] [INFO] Server root path: /root/code-server/dist/node
2025-03-07 22:59 +00:00: Starting AI War Room Extension initialization...
2025-03-07 22:59 +00:00: Agent config directory: ./agent-config
2025-03-07 22:59 +00:00: Agent service initialized successfully
2025-03-07 22:59 +00:00: API router mounted at /api/ai
2025-03-07 22:59 +00:00: Serving static files from: /root/code-server/dist/node/src/browser/pages
2025-03-07 22:59 +00:00: AI War Room extension initialized successfully
2025-03-07 22:59 +00:00: [2025-03-07T22:59:50.108Z] [AI-WARROOM] [INFO] AI War Room extension initialized
2025-03-07 22:59 +00:00: [2025-03-07T22:59:50.615Z] [AI-WARROOM] [INFO] Initializing AI agent service
2025-03-07 22:59 +00:00: [2025-03-07T22:59:50.619Z] [AI-WARROOM] [INFO] Server root path: /root/code-server/dist/node
2025-03-07 22:59 +00:00: Starting AI War Room Extension initialization...
2025-03-07 22:59 +00:00: Agent config directory: ./agent-config
2025-03-07 22:59 +00:00: Agent service initialized successfully
2025-03-07 22:59 +00:00: API router mounted at /api/ai
2025-03-07 22:59 +00:00: Serving static files from: /root/code-server/dist/node/src/browser/pages
2025-03-07 22:59 +00:00: AI War Room extension initialized successfully
2025-03-07 22:59 +00:00: [2025-03-07T22:59:50.625Z] [AI-WARROOM] [INFO] AI War Room extension initialized
2025-03-07 22:59 +00:00: [2025-03-07T22:59:51.180Z] [AI-WARROOM] [INFO] Initializing AI agent service
2025-03-07 22:59 +00:00: [2025-03-07T22:59:51.183Z] [AI-WARROOM] [INFO] Server root path: /root/code-server/dist/node
2025-03-07 22:59 +00:00: Starting AI War Room Extension initialization...
2025-03-07 22:59 +00:00: Agent config directory: ./agent-config
2025-03-07 22:59 +00:00: Agent service initialized successfully
2025-03-07 22:59 +00:00: API router mounted at /api/ai
2025-03-07 22:59 +00:00: Serving static files from: /root/code-server/dist/node/src/browser/pages
2025-03-07 22:59 +00:00: AI War Room extension initialized successfully
2025-03-07 22:59 +00:00: [2025-03-07T22:59:51.196Z] [AI-WARROOM] [INFO] AI War Room extension initialized
2025-03-07 22:59 +00:00: [2025-03-07T22:59:51.696Z] [AI-WARROOM] [INFO] Initializing AI agent service
2025-03-07 22:59 +00:00: [2025-03-07T22:59:51.699Z] [AI-WARROOM] [INFO] Server root path: /root/code-server/dist/node
2025-03-07 22:59 +00:00: Starting AI War Room Extension initialization...
2025-03-07 22:59 +00:00: Agent config directory: ./agent-config
2025-03-07 22:59 +00:00: Agent service initialized successfully
2025-03-07 22:59 +00:00: API router mounted at /api/ai
2025-03-07 22:59 +00:00: Serving static files from: /root/code-server/dist/node/src/browser/pages
2025-03-07 22:59 +00:00: AI War Room extension initialized successfully
2025-03-07 22:59 +00:00: [2025-03-07T22:59:51.703Z] [AI-WARROOM] [INFO] AI War Room extension initialized
2025-03-07 22:59 +00:00: [2025-03-07T22:59:52.249Z] [AI-WARROOM] [INFO] Initializing AI agent service
2025-03-07 22:59 +00:00: [2025-03-07T22:59:52.251Z] [AI-WARROOM] [INFO] Server root path: /root/code-server/dist/node
2025-03-07 22:59 +00:00: Starting AI War Room Extension initialization...
2025-03-07 22:59 +00:00: Agent config directory: ./agent-config
2025-03-07 22:59 +00:00: Agent service initialized successfully
2025-03-07 22:59 +00:00: API router mounted at /api/ai
2025-03-07 22:59 +00:00: Serving static files from: /root/code-server/dist/node/src/browser/pages
2025-03-07 22:59 +00:00: AI War Room extension initialized successfully
2025-03-07 22:59 +00:00: [2025-03-07T22:59:52.259Z] [AI-WARROOM] [INFO] AI War Room extension initialized
2025-03-07 22:59 +00:00: [2025-03-07T22:59:52.812Z] [AI-WARROOM] [INFO] Initializing AI agent service
2025-03-07 22:59 +00:00: [2025-03-07T22:59:52.815Z] [AI-WARROOM] [INFO] Server root path: /root/code-server/dist/node
2025-03-07 22:59 +00:00: Starting AI War Room Extension initialization...
2025-03-07 22:59 +00:00: Agent config directory: ./agent-config
2025-03-07 22:59 +00:00: Agent service initialized successfully
2025-03-07 22:59 +00:00: API router mounted at /api/ai
2025-03-07 22:59 +00:00: Serving static files from: /root/code-server/dist/node/src/browser/pages
2025-03-07 22:59 +00:00: AI War Room extension initialized successfully
2025-03-07 22:59 +00:00: [2025-03-07T22:59:52.821Z] [AI-WARROOM] [INFO] AI War Room extension initialized
2025-03-07 22:59 +00:00: [2025-03-07T22:59:53.386Z] [AI-WARROOM] [INFO] Initializing AI agent service
2025-03-07 22:59 +00:00: [2025-03-07T22:59:53.394Z] [AI-WARROOM] [INFO] Server root path: /root/code-server/dist/node
2025-03-07 22:59 +00:00: Starting AI War Room Extension initialization...
2025-03-07 22:59 +00:00: Agent config directory: ./agent-config
2025-03-07 22:59 +00:00: Agent service initialized successfully
2025-03-07 22:59 +00:00: API router mounted at /api/ai
2025-03-07 22:59 +00:00: Serving static files from: /root/code-server/dist/node/src/browser/pages
2025-03-07 22:59 +00:00: AI War Room extension initialized successfully
2025-03-07 22:59 +00:00: [2025-03-07T22:59:53.400Z] [AI-WARROOM] [INFO] AI War Room extension initialized
2025-03-07 22:59 +00:00: [2025-03-07T22:59:53.964Z] [AI-WARROOM] [INFO] Initializing AI agent service
2025-03-07 22:59 +00:00: [2025-03-07T22:59:53.966Z] [AI-WARROOM] [INFO] Server root path: /root/code-server/dist/node
2025-03-07 22:59 +00:00: Starting AI War Room Extension initialization...
2025-03-07 22:59 +00:00: Agent config directory: ./agent-config
2025-03-07 22:59 +00:00: Agent service initialized successfully
2025-03-07 22:59 +00:00: API router mounted at /api/ai
2025-03-07 22:59 +00:00: Serving static files from: /root/code-server/dist/node/src/browser/pages
2025-03-07 22:59 +00:00: AI War Room extension initialized successfully
2025-03-07 22:59 +00:00: [2025-03-07T22:59:53.970Z] [AI-WARROOM] [INFO] AI War Room extension initialized
2025-03-07 22:59 +00:00: [2025-03-07T22:59:54.493Z] [AI-WARROOM] [INFO] Initializing AI agent service
2025-03-07 22:59 +00:00: [2025-03-07T22:59:54.495Z] [AI-WARROOM] [INFO] Server root path: /root/code-server/dist/node
2025-03-07 22:59 +00:00: Starting AI War Room Extension initialization...
2025-03-07 22:59 +00:00: Agent config directory: ./agent-config
2025-03-07 22:59 +00:00: Agent service initialized successfully
2025-03-07 22:59 +00:00: API router mounted at /api/ai
2025-03-07 22:59 +00:00: Serving static files from: /root/code-server/dist/node/src/browser/pages
2025-03-07 22:59 +00:00: AI War Room extension initialized successfully
2025-03-07 22:59 +00:00: [2025-03-07T22:59:54.499Z] [AI-WARROOM] [INFO] AI War Room extension initialized
2025-03-07 22:59 +00:00: [2025-03-07T22:59:55.032Z] [AI-WARROOM] [INFO] Initializing AI agent service
2025-03-07 22:59 +00:00: [2025-03-07T22:59:55.034Z] [AI-WARROOM] [INFO] Server root path: /root/code-server/dist/node
2025-03-07 22:59 +00:00: Starting AI War Room Extension initialization...
2025-03-07 22:59 +00:00: Agent config directory: ./agent-config
2025-03-07 22:59 +00:00: Agent service initialized successfully
2025-03-07 22:59 +00:00: API router mounted at /api/ai
2025-03-07 22:59 +00:00: Serving static files from: /root/code-server/dist/node/src/browser/pages
2025-03-07 22:59 +00:00: AI War Room extension initialized successfully
2025-03-07 22:59 +00:00: [2025-03-07T22:59:55.046Z] [AI-WARROOM] [INFO] AI War Room extension initialized
2025-03-07 22:59 +00:00: [2025-03-07T22:59:55.552Z] [AI-WARROOM] [INFO] Initializing AI agent service
2025-03-07 22:59 +00:00: [2025-03-07T22:59:55.554Z] [AI-WARROOM] [INFO] Server root path: /root/code-server/dist/node
2025-03-07 22:59 +00:00: Starting AI War Room Extension initialization...
2025-03-07 22:59 +00:00: Agent config directory: ./agent-config
2025-03-07 22:59 +00:00: Agent service initialized successfully
2025-03-07 22:59 +00:00: API router mounted at /api/ai
2025-03-07 22:59 +00:00: Serving static files from: /root/code-server/dist/node/src/browser/pages
2025-03-07 22:59 +00:00: AI War Room extension initialized successfully
2025-03-07 22:59 +00:00: [2025-03-07T22:59:55.559Z] [AI-WARROOM] [INFO] AI War Room extension initialized
2025-03-07 22:59 +00:00: [2025-03-07T22:59:56.134Z] [AI-WARROOM] [INFO] Initializing AI agent service
2025-03-07 22:59 +00:00: [2025-03-07T22:59:56.139Z] [AI-WARROOM] [INFO] Server root path: /root/code-server/dist/node
2025-03-07 22:59 +00:00: Starting AI War Room Extension initialization...
2025-03-07 22:59 +00:00: Agent config directory: ./agent-config
2025-03-07 22:59 +00:00: Agent service initialized successfully
2025-03-07 22:59 +00:00: API router mounted at /api/ai
2025-03-07 22:59 +00:00: Serving static files from: /root/code-server/dist/node/src/browser/pages
2025-03-07 22:59 +00:00: AI War Room extension initialized successfully
2025-03-07 22:59 +00:00: [2025-03-07T22:59:56.159Z] [AI-WARROOM] [INFO] AI War Room extension initialized
2025-03-07 22:59 +00:00: [2025-03-07T22:59:56.661Z] [AI-WARROOM] [INFO] Initializing AI agent service
2025-03-07 22:59 +00:00: [2025-03-07T22:59:56.664Z] [AI-WARROOM] [INFO] Server root path: /root/code-server/dist/node
2025-03-07 22:59 +00:00: Starting AI War Room Extension initialization...
2025-03-07 22:59 +00:00: Agent config directory: ./agent-config
2025-03-07 22:59 +00:00: Agent service initialized successfully
2025-03-07 22:59 +00:00: API router mounted at /api/ai
2025-03-07 22:59 +00:00: Serving static files from: /root/code-server/dist/node/src/browser/pages
2025-03-07 22:59 +00:00: AI War Room extension initialized successfully
2025-03-07 22:59 +00:00: [2025-03-07T22:59:56.669Z] [AI-WARROOM] [INFO] AI War Room extension initialized
2025-03-07 22:59 +00:00: [2025-03-07T22:59:57.188Z] [AI-WARROOM] [INFO] Initializing AI agent service
2025-03-07 22:59 +00:00: [2025-03-07T22:59:57.190Z] [AI-WARROOM] [INFO] Server root path: /root/code-server/dist/node
2025-03-07 22:59 +00:00: Starting AI War Room Extension initialization...
2025-03-07 22:59 +00:00: Agent config directory: ./agent-config
2025-03-07 22:59 +00:00: Agent service initialized successfully
2025-03-07 22:59 +00:00: API router mounted at /api/ai
2025-03-07 22:59 +00:00: Serving static files from: /root/code-server/dist/node/src/browser/pages
2025-03-07 22:59 +00:00: AI War Room extension initialized successfully
2025-03-07 22:59 +00:00: [2025-03-07T22:59:57.195Z] [AI-WARROOM] [INFO] AI War Room extension initialized
2025-03-07 22:59 +00:00: [2025-03-07T22:59:57.712Z] [AI-WARROOM] [INFO] Initializing AI agent service
2025-03-07 22:59 +00:00: [2025-03-07T22:59:57.716Z] [AI-WARROOM] [INFO] Server root path: /root/code-server/dist/node
2025-03-07 22:59 +00:00: Starting AI War Room Extension initialization...
2025-03-07 22:59 +00:00: Agent config directory: ./agent-config
2025-03-07 22:59 +00:00: Agent service initialized successfully
2025-03-07 22:59 +00:00: API router mounted at /api/ai
2025-03-07 22:59 +00:00: Serving static files from: /root/code-server/dist/node/src/browser/pages
2025-03-07 22:59 +00:00: AI War Room extension initialized successfully
2025-03-07 22:59 +00:00: [2025-03-07T22:59:57.723Z] [AI-WARROOM] [INFO] AI War Room extension initialized
2025-03-07 22:59 +00:00: [2025-03-07T22:59:58.272Z] [AI-WARROOM] [INFO] Initializing AI agent service
2025-03-07 22:59 +00:00: [2025-03-07T22:59:58.274Z] [AI-WARROOM] [INFO] Server root path: /root/code-server/dist/node
2025-03-07 22:59 +00:00: Starting AI War Room Extension initialization...
2025-03-07 22:59 +00:00: Agent config directory: ./agent-config
2025-03-07 22:59 +00:00: Agent service initialized successfully
2025-03-07 22:59 +00:00: API router mounted at /api/ai
2025-03-07 22:59 +00:00: Serving static files from: /root/code-server/dist/node/src/browser/pages
2025-03-07 22:59 +00:00: AI War Room extension initialized successfully
2025-03-07 22:59 +00:00: [2025-03-07T22:59:58.279Z] [AI-WARROOM] [INFO] AI War Room extension initialized
2025-03-07 22:59 +00:00: [2025-03-07T22:59:58.802Z] [AI-WARROOM] [INFO] Initializing AI agent service
2025-03-07 22:59 +00:00: [2025-03-07T22:59:58.804Z] [AI-WARROOM] [INFO] Server root path: /root/code-server/dist/node
2025-03-07 22:59 +00:00: Starting AI War Room Extension initialization...
2025-03-07 22:59 +00:00: Agent config directory: ./agent-config
2025-03-07 22:59 +00:00: Agent service initialized successfully
2025-03-07 22:59 +00:00: API router mounted at /api/ai
2025-03-07 22:59 +00:00: Serving static files from: /root/code-server/dist/node/src/browser/pages
2025-03-07 22:59 +00:00: AI War Room extension initialized successfully
2025-03-07 22:59 +00:00: [2025-03-07T22:59:58.816Z] [AI-WARROOM] [INFO] AI War Room extension initialized
2025-03-07 22:59 +00:00: [2025-03-07T22:59:59.305Z] [AI-WARROOM] [INFO] Initializing AI agent service
2025-03-07 22:59 +00:00: [2025-03-07T22:59:59.307Z] [AI-WARROOM] [INFO] Server root path: /root/code-server/dist/node
2025-03-07 22:59 +00:00: Starting AI War Room Extension initialization...
2025-03-07 22:59 +00:00: Agent config directory: ./agent-config
2025-03-07 22:59 +00:00: Agent service initialized successfully
2025-03-07 22:59 +00:00: API router mounted at /api/ai
2025-03-07 22:59 +00:00: Serving static files from: /root/code-server/dist/node/src/browser/pages
2025-03-07 22:59 +00:00: AI War Room extension initialized successfully
2025-03-07 22:59 +00:00: [2025-03-07T22:59:59.312Z] [AI-WARROOM] [INFO] AI War Room extension initialized
2025-03-07 22:59 +00:00: [2025-03-07T22:59:59.848Z] [AI-WARROOM] [INFO] Initializing AI agent service
2025-03-07 22:59 +00:00: [2025-03-07T22:59:59.851Z] [AI-WARROOM] [INFO] Server root path: /root/code-server/dist/node
2025-03-07 22:59 +00:00: Starting AI War Room Extension initialization...
2025-03-07 22:59 +00:00: Agent config directory: ./agent-config
2025-03-07 22:59 +00:00: Agent service initialized successfully
2025-03-07 22:59 +00:00: API router mounted at /api/ai
2025-03-07 22:59 +00:00: Serving static files from: /root/code-server/dist/node/src/browser/pages
2025-03-07 22:59 +00:00: AI War Room extension initialized successfully
2025-03-07 22:59 +00:00: [2025-03-07T22:59:59.855Z] [AI-WARROOM] [INFO] AI War Room extension initialized
2025-03-07 23:00 +00:00: [2025-03-07T23:00:00.391Z] [AI-WARROOM] [INFO] Initializing AI agent service
2025-03-07 23:00 +00:00: [2025-03-07T23:00:00.393Z] [AI-WARROOM] [INFO] Server root path: /root/code-server/dist/node
2025-03-07 23:00 +00:00: Starting AI War Room Extension initialization...
2025-03-07 23:00 +00:00: Agent config directory: ./agent-config
2025-03-07 23:00 +00:00: Agent service initialized successfully
2025-03-07 23:00 +00:00: API router mounted at /api/ai
2025-03-07 23:00 +00:00: Serving static files from: /root/code-server/dist/node/src/browser/pages
2025-03-07 23:00 +00:00: AI War Room extension initialized successfully
2025-03-07 23:00 +00:00: [2025-03-07T23:00:00.401Z] [AI-WARROOM] [INFO] AI War Room extension initialized
2025-03-07 23:00 +00:00: [2025-03-07T23:00:00.939Z] [AI-WARROOM] [INFO] Initializing AI agent service
2025-03-07 23:00 +00:00: [2025-03-07T23:00:00.942Z] [AI-WARROOM] [INFO] Server root path: /root/code-server/dist/node
2025-03-07 23:00 +00:00: Starting AI War Room Extension initialization...
2025-03-07 23:00 +00:00: Agent config directory: ./agent-config
2025-03-07 23:00 +00:00: Agent service initialized successfully
2025-03-07 23:00 +00:00: API router mounted at /api/ai
2025-03-07 23:00 +00:00: Serving static files from: /root/code-server/dist/node/src/browser/pages
2025-03-07 23:00 +00:00: AI War Room extension initialized successfully
2025-03-07 23:00 +00:00: [2025-03-07T23:00:00.949Z] [AI-WARROOM] [INFO] AI War Room extension initialized
2025-03-07 23:00 +00:00: [2025-03-07T23:00:01.482Z] [AI-WARROOM] [INFO] Initializing AI agent service
2025-03-07 23:00 +00:00: [2025-03-07T23:00:01.484Z] [AI-WARROOM] [INFO] Server root path: /root/code-server/dist/node
2025-03-07 23:00 +00:00: Starting AI War Room Extension initialization...
2025-03-07 23:00 +00:00: Agent config directory: ./agent-config
2025-03-07 23:00 +00:00: Agent service initialized successfully
2025-03-07 23:00 +00:00: API router mounted at /api/ai
2025-03-07 23:00 +00:00: Serving static files from: /root/code-server/dist/node/src/browser/pages
2025-03-07 23:00 +00:00: AI War Room extension initialized successfully
2025-03-07 23:00 +00:00: [2025-03-07T23:00:01.492Z] [AI-WARROOM] [INFO] AI War Room extension initialized
2025-03-07 23:00 +00:00: [2025-03-07T23:00:02.031Z] [AI-WARROOM] [INFO] Initializing AI agent service
2025-03-07 23:00 +00:00: [2025-03-07T23:00:02.033Z] [AI-WARROOM] [INFO] Server root path: /root/code-server/dist/node
2025-03-07 23:00 +00:00: Starting AI War Room Extension initialization...
2025-03-07 23:00 +00:00: Agent config directory: ./agent-config
2025-03-07 23:00 +00:00: Agent service initialized successfully
2025-03-07 23:00 +00:00: API router mounted at /api/ai
2025-03-07 23:00 +00:00: Serving static files from: /root/code-server/dist/node/src/browser/pages
2025-03-07 23:00 +00:00: AI War Room extension initialized successfully
2025-03-07 23:00 +00:00: [2025-03-07T23:00:02.040Z] [AI-WARROOM] [INFO] AI War Room extension initialized
2025-03-07 23:00 +00:00: [2025-03-07T23:00:02.573Z] [AI-WARROOM] [INFO] Initializing AI agent service
2025-03-07 23:00 +00:00: [2025-03-07T23:00:02.575Z] [AI-WARROOM] [INFO] Server root path: /root/code-server/dist/node
2025-03-07 23:00 +00:00: Starting AI War Room Extension initialization...
2025-03-07 23:00 +00:00: Agent config directory: ./agent-config
2025-03-07 23:00 +00:00: Agent service initialized successfully
2025-03-07 23:00 +00:00: API router mounted at /api/ai
2025-03-07 23:00 +00:00: Serving static files from: /root/code-server/dist/node/src/browser/pages
2025-03-07 23:00 +00:00: AI War Room extension initialized successfully
2025-03-07 23:00 +00:00: [2025-03-07T23:00:02.581Z] [AI-WARROOM] [INFO] AI War Room extension initialized
2025-03-07 23:00 +00:00: [2025-03-07T23:00:03.163Z] [AI-WARROOM] [INFO] Initializing AI agent service
2025-03-07 23:00 +00:00: [2025-03-07T23:00:03.171Z] [AI-WARROOM] [INFO] Server root path: /root/code-server/dist/node
2025-03-07 23:00 +00:00: Starting AI War Room Extension initialization...
2025-03-07 23:00 +00:00: Agent config directory: ./agent-config
2025-03-07 23:00 +00:00: Agent service initialized successfully
2025-03-07 23:00 +00:00: API router mounted at /api/ai
2025-03-07 23:00 +00:00: Serving static files from: /root/code-server/dist/node/src/browser/pages
2025-03-07 23:00 +00:00: AI War Room extension initialized successfully
2025-03-07 23:00 +00:00: [2025-03-07T23:00:03.183Z] [AI-WARROOM] [INFO] AI War Room extension initialized
2025-03-07 23:00 +00:00: [2025-03-07T23:00:03.694Z] [AI-WARROOM] [INFO] Initializing AI agent service
2025-03-07 23:00 +00:00: [2025-03-07T23:00:03.696Z] [AI-WARROOM] [INFO] Server root path: /root/code-server/dist/node
2025-03-07 23:00 +00:00: Starting AI War Room Extension initialization...
2025-03-07 23:00 +00:00: Agent config directory: ./agent-config
2025-03-07 23:00 +00:00: Agent service initialized successfully
2025-03-07 23:00 +00:00: API router mounted at /api/ai
2025-03-07 23:00 +00:00: Serving static files from: /root/code-server/dist/node/src/browser/pages
2025-03-07 23:00 +00:00: AI War Room extension initialized successfully
2025-03-07 23:00 +00:00: [2025-03-07T23:00:03.702Z] [AI-WARROOM] [INFO] AI War Room extension initialized
2025-03-07 23:00 +00:00: [2025-03-07T23:00:04.272Z] [AI-WARROOM] [INFO] Initializing AI agent service
2025-03-07 23:00 +00:00: [2025-03-07T23:00:04.276Z] [AI-WARROOM] [INFO] Server root path: /root/code-server/dist/node
2025-03-07 23:00 +00:00: Starting AI War Room Extension initialization...
2025-03-07 23:00 +00:00: Agent config directory: ./agent-config
2025-03-07 23:00 +00:00: Agent service initialized successfully
2025-03-07 23:00 +00:00: API router mounted at /api/ai
2025-03-07 23:00 +00:00: Serving static files from: /root/code-server/dist/node/src/browser/pages
2025-03-07 23:00 +00:00: AI War Room extension initialized successfully
2025-03-07 23:00 +00:00: [2025-03-07T23:00:04.287Z] [AI-WARROOM] [INFO] AI War Room extension initialized
2025-03-07 23:00 +00:00: [2025-03-07T23:00:04.803Z] [AI-WARROOM] [INFO] Initializing AI agent service
2025-03-07 23:00 +00:00: [2025-03-07T23:00:04.805Z] [AI-WARROOM] [INFO] Server root path: /root/code-server/dist/node
2025-03-07 23:00 +00:00: Starting AI War Room Extension initialization...
2025-03-07 23:00 +00:00: Agent config directory: ./agent-config
2025-03-07 23:00 +00:00: Agent service initialized successfully
2025-03-07 23:00 +00:00: API router mounted at /api/ai
2025-03-07 23:00 +00:00: Serving static files from: /root/code-server/dist/node/src/browser/pages
2025-03-07 23:00 +00:00: AI War Room extension initialized successfully
2025-03-07 23:00 +00:00: [2025-03-07T23:00:04.811Z] [AI-WARROOM] [INFO] AI War Room extension initialized
2025-03-07 23:00 +00:00: [2025-03-07T23:00:05.338Z] [AI-WARROOM] [INFO] Initializing AI agent service
2025-03-07 23:00 +00:00: [2025-03-07T23:00:05.345Z] [AI-WARROOM] [INFO] Server root path: /root/code-server/dist/node
2025-03-07 23:00 +00:00: Starting AI War Room Extension initialization...
2025-03-07 23:00 +00:00: Agent config directory: ./agent-config
2025-03-07 23:00 +00:00: Agent service initialized successfully
2025-03-07 23:00 +00:00: API router mounted at /api/ai
2025-03-07 23:00 +00:00: Serving static files from: /root/code-server/dist/node/src/browser/pages
2025-03-07 23:00 +00:00: AI War Room extension initialized successfully
2025-03-07 23:00 +00:00: [2025-03-07T23:00:05.354Z] [AI-WARROOM] [INFO] AI War Room extension initialized
2025-03-07 23:00 +00:00: [2025-03-07T23:00:05.886Z] [AI-WARROOM] [INFO] Initializing AI agent service
2025-03-07 23:00 +00:00: [2025-03-07T23:00:05.889Z] [AI-WARROOM] [INFO] Server root path: /root/code-server/dist/node
2025-03-07 23:00 +00:00: Starting AI War Room Extension initialization...
2025-03-07 23:00 +00:00: Agent config directory: ./agent-config
2025-03-07 23:00 +00:00: Agent service initialized successfully
2025-03-07 23:00 +00:00: API router mounted at /api/ai
2025-03-07 23:00 +00:00: Serving static files from: /root/code-server/dist/node/src/browser/pages
2025-03-07 23:00 +00:00: AI War Room extension initialized successfully
2025-03-07 23:00 +00:00: [2025-03-07T23:00:05.895Z] [AI-WARROOM] [INFO] AI War Room extension initialized
2025-03-07 23:00 +00:00: [2025-03-07T23:00:06.444Z] [AI-WARROOM] [INFO] Initializing AI agent service
2025-03-07 23:00 +00:00: [2025-03-07T23:00:06.446Z] [AI-WARROOM] [INFO] Server root path: /root/code-server/dist/node
2025-03-07 23:00 +00:00: Starting AI War Room Extension initialization...
2025-03-07 23:00 +00:00: Agent config directory: ./agent-config
2025-03-07 23:00 +00:00: Agent service initialized successfully
2025-03-07 23:00 +00:00: API router mounted at /api/ai
2025-03-07 23:00 +00:00: Serving static files from: /root/code-server/dist/node/src/browser/pages
2025-03-07 23:00 +00:00: AI War Room extension initialized successfully
2025-03-07 23:00 +00:00: [2025-03-07T23:00:06.450Z] [AI-WARROOM] [INFO] AI War Room extension initialized
2025-03-07 23:00 +00:00: [2025-03-07T23:00:07.019Z] [AI-WARROOM] [INFO] Initializing AI agent service
2025-03-07 23:00 +00:00: [2025-03-07T23:00:07.030Z] [AI-WARROOM] [INFO] Server root path: /root/code-server/dist/node
2025-03-07 23:00 +00:00: Starting AI War Room Extension initialization...
2025-03-07 23:00 +00:00: Agent config directory: ./agent-config
2025-03-07 23:00 +00:00: Agent service initialized successfully
2025-03-07 23:00 +00:00: API router mounted at /api/ai
2025-03-07 23:00 +00:00: Serving static files from: /root/code-server/dist/node/src/browser/pages
2025-03-07 23:00 +00:00: AI War Room extension initialized successfully
2025-03-07 23:00 +00:00: [2025-03-07T23:00:07.035Z] [AI-WARROOM] [INFO] AI War Room extension initialized
2025-03-07 23:00 +00:00: [2025-03-07T23:00:07.588Z] [AI-WARROOM] [INFO] Initializing AI agent service
2025-03-07 23:00 +00:00: [2025-03-07T23:00:07.590Z] [AI-WARROOM] [INFO] Server root path: /root/code-server/dist/node
2025-03-07 23:00 +00:00: Starting AI War Room Extension initialization...
2025-03-07 23:00 +00:00: Agent config directory: ./agent-config
2025-03-07 23:00 +00:00: Agent service initialized successfully
2025-03-07 23:00 +00:00: API router mounted at /api/ai
2025-03-07 23:00 +00:00: Serving static files from: /root/code-server/dist/node/src/browser/pages
2025-03-07 23:00 +00:00: AI War Room extension initialized successfully
2025-03-07 23:00 +00:00: [2025-03-07T23:00:07.594Z] [AI-WARROOM] [INFO] AI War Room extension initialized
2025-03-07 23:00 +00:00: [2025-03-07T23:00:08.127Z] [AI-WARROOM] [INFO] Initializing AI agent service
2025-03-07 23:00 +00:00: [2025-03-07T23:00:08.131Z] [AI-WARROOM] [INFO] Server root path: /root/code-server/dist/node
2025-03-07 23:00 +00:00: Starting AI War Room Extension initialization...
2025-03-07 23:00 +00:00: Agent config directory: ./agent-config
2025-03-07 23:00 +00:00: Agent service initialized successfully
2025-03-07 23:00 +00:00: API router mounted at /api/ai
2025-03-07 23:00 +00:00: Serving static files from: /root/code-server/dist/node/src/browser/pages
2025-03-07 23:00 +00:00: AI War Room extension initialized successfully
2025-03-07 23:00 +00:00: [2025-03-07T23:00:08.139Z] [AI-WARROOM] [INFO] AI War Room extension initialized
2025-03-07 23:00 +00:00: [2025-03-07T23:00:08.660Z] [AI-WARROOM] [INFO] Initializing AI agent service
2025-03-07 23:00 +00:00: [2025-03-07T23:00:08.666Z] [AI-WARROOM] [INFO] Server root path: /root/code-server/dist/node
2025-03-07 23:00 +00:00: Starting AI War Room Extension initialization...
2025-03-07 23:00 +00:00: Agent config directory: ./agent-config
2025-03-07 23:00 +00:00: Agent service initialized successfully
2025-03-07 23:00 +00:00: API router mounted at /api/ai
2025-03-07 23:00 +00:00: Serving static files from: /root/code-server/dist/node/src/browser/pages
2025-03-07 23:00 +00:00: AI War Room extension initialized successfully
2025-03-07 23:00 +00:00: [2025-03-07T23:00:08.682Z] [AI-WARROOM] [INFO] AI War Room extension initialized
2025-03-07 23:00 +00:00: [2025-03-07T23:00:09.234Z] [AI-WARROOM] [INFO] Initializing AI agent service
2025-03-07 23:00 +00:00: [2025-03-07T23:00:09.236Z] [AI-WARROOM] [INFO] Server root path: /root/code-server/dist/node
2025-03-07 23:00 +00:00: Starting AI War Room Extension initialization...
2025-03-07 23:00 +00:00: Agent config directory: ./agent-config
2025-03-07 23:00 +00:00: Agent service initialized successfully
2025-03-07 23:00 +00:00: API router mounted at /api/ai
2025-03-07 23:00 +00:00: Serving static files from: /root/code-server/dist/node/src/browser/pages
2025-03-07 23:00 +00:00: AI War Room extension initialized successfully
2025-03-07 23:00 +00:00: [2025-03-07T23:00:09.241Z] [AI-WARROOM] [INFO] AI War Room extension initialized
2025-03-07 23:00 +00:00: [2025-03-07T23:00:09.777Z] [AI-WARROOM] [INFO] Initializing AI agent service
2025-03-07 23:00 +00:00: [2025-03-07T23:00:09.779Z] [AI-WARROOM] [INFO] Server root path: /root/code-server/dist/node
2025-03-07 23:00 +00:00: Starting AI War Room Extension initialization...
2025-03-07 23:00 +00:00: Agent config directory: ./agent-config
2025-03-07 23:00 +00:00: Agent service initialized successfully
2025-03-07 23:00 +00:00: API router mounted at /api/ai
2025-03-07 23:00 +00:00: Serving static files from: /root/code-server/dist/node/src/browser/pages
2025-03-07 23:00 +00:00: AI War Room extension initialized successfully
2025-03-07 23:00 +00:00: [2025-03-07T23:00:09.784Z] [AI-WARROOM] [INFO] AI War Room extension initialized
2025-03-07 23:00 +00:00: [2025-03-07T23:00:10.334Z] [AI-WARROOM] [INFO] Initializing AI agent service
2025-03-07 23:00 +00:00: [2025-03-07T23:00:10.337Z] [AI-WARROOM] [INFO] Server root path: /root/code-server/dist/node
2025-03-07 23:00 +00:00: Starting AI War Room Extension initialization...
2025-03-07 23:00 +00:00: Agent config directory: ./agent-config
2025-03-07 23:00 +00:00: Agent service initialized successfully
2025-03-07 23:00 +00:00: API router mounted at /api/ai
2025-03-07 23:00 +00:00: Serving static files from: /root/code-server/dist/node/src/browser/pages
2025-03-07 23:00 +00:00: AI War Room extension initialized successfully
2025-03-07 23:00 +00:00: [2025-03-07T23:00:10.341Z] [AI-WARROOM] [INFO] AI War Room extension initialized
2025-03-07 23:00 +00:00: [2025-03-07T23:00:10.853Z] [AI-WARROOM] [INFO] Initializing AI agent service
2025-03-07 23:00 +00:00: [2025-03-07T23:00:10.856Z] [AI-WARROOM] [INFO] Server root path: /root/code-server/dist/node
2025-03-07 23:00 +00:00: Starting AI War Room Extension initialization...
2025-03-07 23:00 +00:00: Agent config directory: ./agent-config
2025-03-07 23:00 +00:00: Agent service initialized successfully
2025-03-07 23:00 +00:00: API router mounted at /api/ai
2025-03-07 23:00 +00:00: Serving static files from: /root/code-server/dist/node/src/browser/pages
2025-03-07 23:00 +00:00: AI War Room extension initialized successfully
2025-03-07 23:00 +00:00: [2025-03-07T23:00:10.860Z] [AI-WARROOM] [INFO] AI War Room extension initialized
2025-03-07 23:00 +00:00: [2025-03-07T23:00:11.383Z] [AI-WARROOM] [INFO] Initializing AI agent service
2025-03-07 23:00 +00:00: [2025-03-07T23:00:11.384Z] [AI-WARROOM] [INFO] Server root path: /root/code-server/dist/node
2025-03-07 23:00 +00:00: Starting AI War Room Extension initialization...
2025-03-07 23:00 +00:00: Agent config directory: ./agent-config
2025-03-07 23:00 +00:00: Agent service initialized successfully
2025-03-07 23:00 +00:00: API router mounted at /api/ai
2025-03-07 23:00 +00:00: Serving static files from: /root/code-server/dist/node/src/browser/pages
2025-03-07 23:00 +00:00: AI War Room extension initialized successfully
2025-03-07 23:00 +00:00: [2025-03-07T23:00:11.390Z] [AI-WARROOM] [INFO] AI War Room extension initialized
2025-03-07 23:00 +00:00: [2025-03-07T23:00:11.900Z] [AI-WARROOM] [INFO] Initializing AI agent service
2025-03-07 23:00 +00:00: [2025-03-07T23:00:11.902Z] [AI-WARROOM] [INFO] Server root path: /root/code-server/dist/node
2025-03-07 23:00 +00:00: Starting AI War Room Extension initialization...
2025-03-07 23:00 +00:00: Agent config directory: ./agent-config
2025-03-07 23:00 +00:00: Agent service initialized successfully
2025-03-07 23:00 +00:00: API router mounted at /api/ai
2025-03-07 23:00 +00:00: Serving static files from: /root/code-server/dist/node/src/browser/pages
2025-03-07 23:00 +00:00: AI War Room extension initialized successfully
2025-03-07 23:00 +00:00: [2025-03-07T23:00:11.907Z] [AI-WARROOM] [INFO] AI War Room extension initialized
2025-03-07 23:00 +00:00: [2025-03-07T23:00:12.441Z] [AI-WARROOM] [INFO] Initializing AI agent service
2025-03-07 23:00 +00:00: [2025-03-07T23:00:12.443Z] [AI-WARROOM] [INFO] Server root path: /root/code-server/dist/node
2025-03-07 23:00 +00:00: Starting AI War Room Extension initialization...
2025-03-07 23:00 +00:00: Agent config directory: ./agent-config
2025-03-07 23:00 +00:00: Agent service initialized successfully
2025-03-07 23:00 +00:00: API router mounted at /api/ai
2025-03-07 23:00 +00:00: Serving static files from: /root/code-server/dist/node/src/browser/pages
2025-03-07 23:00 +00:00: AI War Room extension initialized successfully
2025-03-07 23:00 +00:00: [2025-03-07T23:00:12.447Z] [AI-WARROOM] [INFO] AI War Room extension initialized
2025-03-07 23:00 +00:00: [2025-03-07T23:00:12.989Z] [AI-WARROOM] [INFO] Initializing AI agent service
2025-03-07 23:00 +00:00: [2025-03-07T23:00:12.996Z] [AI-WARROOM] [INFO] Server root path: /root/code-server/dist/node
2025-03-07 23:00 +00:00: Starting AI War Room Extension initialization...
2025-03-07 23:00 +00:00: Agent config directory: ./agent-config
2025-03-07 23:00 +00:00: Agent service initialized successfully
2025-03-07 23:00 +00:00: API router mounted at /api/ai
2025-03-07 23:00 +00:00: Serving static files from: /root/code-server/dist/node/src/browser/pages
2025-03-07 23:00 +00:00: AI War Room extension initialized successfully
2025-03-07 23:00 +00:00: [2025-03-07T23:00:13.009Z] [AI-WARROOM] [INFO] AI War Room extension initialized
2025-03-07 23:00 +00:00: [2025-03-07T23:00:13.567Z] [AI-WARROOM] [INFO] Initializing AI agent service
2025-03-07 23:00 +00:00: [2025-03-07T23:00:13.571Z] [AI-WARROOM] [INFO] Server root path: /root/code-server/dist/node
2025-03-07 23:00 +00:00: Starting AI War Room Extension initialization...
2025-03-07 23:00 +00:00: Agent config directory: ./agent-config
2025-03-07 23:00 +00:00: Agent service initialized successfully
2025-03-07 23:00 +00:00: API router mounted at /api/ai
2025-03-07 23:00 +00:00: Serving static files from: /root/code-server/dist/node/src/browser/pages
2025-03-07 23:00 +00:00: AI War Room extension initialized successfully
2025-03-07 23:00 +00:00: [2025-03-07T23:00:13.580Z] [AI-WARROOM] [INFO] AI War Room extension initialized
2025-03-07 23:00 +00:00: [2025-03-07T23:00:14.194Z] [AI-WARROOM] [INFO] Initializing AI agent service
2025-03-07 23:00 +00:00: [2025-03-07T23:00:14.197Z] [AI-WARROOM] [INFO] Server root path: /root/code-server/dist/node
2025-03-07 23:00 +00:00: Starting AI War Room Extension initialization...
2025-03-07 23:00 +00:00: Agent config directory: ./agent-config
2025-03-07 23:00 +00:00: Agent service initialized successfully
2025-03-07 23:00 +00:00: API router mounted at /api/ai
2025-03-07 23:00 +00:00: Serving static files from: /root/code-server/dist/node/src/browser/pages
2025-03-07 23:00 +00:00: AI War Room extension initialized successfully
2025-03-07 23:00 +00:00: [2025-03-07T23:00:14.202Z] [AI-WARROOM] [INFO] AI War Room extension initialized
2025-03-07 23:00 +00:00: [2025-03-07T23:00:14.881Z] [AI-WARROOM] [INFO] Initializing AI agent service
2025-03-07 23:00 +00:00: [2025-03-07T23:00:14.885Z] [AI-WARROOM] [INFO] Server root path: /root/code-server/dist/node
2025-03-07 23:00 +00:00: Starting AI War Room Extension initialization...
2025-03-07 23:00 +00:00: Agent config directory: ./agent-config
2025-03-07 23:00 +00:00: Agent service initialized successfully
2025-03-07 23:00 +00:00: API router mounted at /api/ai
2025-03-07 23:00 +00:00: Serving static files from: /root/code-server/dist/node/src/browser/pages
2025-03-07 23:00 +00:00: AI War Room extension initialized successfully
2025-03-07 23:00 +00:00: [2025-03-07T23:00:14.892Z] [AI-WARROOM] [INFO] AI War Room extension initialized
2025-03-07 23:00 +00:00: [2025-03-07T23:00:15.912Z] [AI-WARROOM] [INFO] Initializing AI agent service
2025-03-07 23:00 +00:00: [2025-03-07T23:00:15.926Z] [AI-WARROOM] [INFO] Server root path: /root/code-server/dist/node
2025-03-07 23:00 +00:00: Starting AI War Room Extension initialization...
2025-03-07 23:00 +00:00: Agent config directory: ./agent-config
2025-03-07 23:00 +00:00: Agent service initialized successfully
2025-03-07 23:00 +00:00: API router mounted at /api/ai
2025-03-07 23:00 +00:00: Serving static files from: /root/code-server/dist/node/src/browser/pages
2025-03-07 23:00 +00:00: AI War Room extension initialized successfully
2025-03-07 23:00 +00:00: [2025-03-07T23:00:15.941Z] [AI-WARROOM] [INFO] AI War Room extension initialized
2025-03-07 23:00 +00:00: [2025-03-07T23:00:16.998Z] [AI-WARROOM] [INFO] Initializing AI agent service
2025-03-07 23:00 +00:00: [2025-03-07T23:00:17.002Z] [AI-WARROOM] [INFO] Server root path: /root/code-server/dist/node
2025-03-07 23:00 +00:00: Starting AI War Room Extension initialization...
2025-03-07 23:00 +00:00: Agent config directory: ./agent-config
2025-03-07 23:00 +00:00: Agent service initialized successfully
2025-03-07 23:00 +00:00: API router mounted at /api/ai
2025-03-07 23:00 +00:00: Serving static files from: /root/code-server/dist/node/src/browser/pages
2025-03-07 23:00 +00:00: AI War Room extension initialized successfully
2025-03-07 23:00 +00:00: [2025-03-07T23:00:17.018Z] [AI-WARROOM] [INFO] AI War Room extension initialized
2025-03-07 23:00 +00:00: [2025-03-07T23:00:18.698Z] [AI-WARROOM] [INFO] Initializing AI agent service
2025-03-07 23:00 +00:00: [2025-03-07T23:00:18.702Z] [AI-WARROOM] [INFO] Server root path: /root/code-server/dist/node
2025-03-07 23:00 +00:00: Starting AI War Room Extension initialization...
2025-03-07 23:00 +00:00: Agent config directory: ./agent-config
2025-03-07 23:00 +00:00: Agent service initialized successfully
2025-03-07 23:00 +00:00: API router mounted at /api/ai
2025-03-07 23:00 +00:00: Serving static files from: /root/code-server/dist/node/src/browser/pages
2025-03-07 23:00 +00:00: AI War Room extension initialized successfully
2025-03-07 23:00 +00:00: [2025-03-07T23:00:18.718Z] [AI-WARROOM] [INFO] AI War Room extension initialized
2025-03-07 23:00 +00:00: [2025-03-07T23:00:19.983Z] [AI-WARROOM] [INFO] Initializing AI agent service
2025-03-07 23:00 +00:00: [2025-03-07T23:00:19.995Z] [AI-WARROOM] [INFO] Server root path: /root/code-server/dist/node
2025-03-07 23:00 +00:00: Starting AI War Room Extension initialization...
2025-03-07 23:00 +00:00: Agent config directory: ./agent-config
2025-03-07 23:00 +00:00: Agent service initialized successfully
2025-03-07 23:00 +00:00: API router mounted at /api/ai
2025-03-07 23:00 +00:00: Serving static files from: /root/code-server/dist/node/src/browser/pages
2025-03-07 23:00 +00:00: AI War Room extension initialized successfully
2025-03-07 23:00 +00:00: [2025-03-07T23:00:20.015Z] [AI-WARROOM] [INFO] AI War Room extension initialized
2025-03-07 23:00 +00:00: [2025-03-07T23:00:21.106Z] [AI-WARROOM] [INFO] Initializing AI agent service
2025-03-07 23:00 +00:00: [2025-03-07T23:00:21.109Z] [AI-WARROOM] [INFO] Server root path: /root/code-server/dist/node
2025-03-07 23:00 +00:00: Starting AI War Room Extension initialization...
2025-03-07 23:00 +00:00: Agent config directory: ./agent-config
2025-03-07 23:00 +00:00: Agent service initialized successfully
2025-03-07 23:00 +00:00: API router mounted at /api/ai
2025-03-07 23:00 +00:00: Serving static files from: /root/code-server/dist/node/src/browser/pages
2025-03-07 23:00 +00:00: AI War Room extension initialized successfully
2025-03-07 23:00 +00:00: [2025-03-07T23:00:21.127Z] [AI-WARROOM] [INFO] AI War Room extension initialized
2025-03-07 23:00 +00:00: [2025-03-07T23:00:21.925Z] [AI-WARROOM] [INFO] Initializing AI agent service
2025-03-07 23:00 +00:00: [2025-03-07T23:00:21.928Z] [AI-WARROOM] [INFO] Server root path: /root/code-server/dist/node
2025-03-07 23:00 +00:00: Starting AI War Room Extension initialization...
2025-03-07 23:00 +00:00: Agent config directory: ./agent-config
2025-03-07 23:00 +00:00: Agent service initialized successfully
2025-03-07 23:00 +00:00: API router mounted at /api/ai
2025-03-07 23:00 +00:00: Serving static files from: /root/code-server/dist/node/src/browser/pages
2025-03-07 23:00 +00:00: AI War Room extension initialized successfully
2025-03-07 23:00 +00:00: [2025-03-07T23:00:21.936Z] [AI-WARROOM] [INFO] AI War Room extension initialized
2025-03-07 23:00 +00:00: [2025-03-07T23:00:22.795Z] [AI-WARROOM] [INFO] Initializing AI agent service
2025-03-07 23:00 +00:00: [2025-03-07T23:00:22.798Z] [AI-WARROOM] [INFO] Server root path: /root/code-server/dist/node
2025-03-07 23:00 +00:00: Starting AI War Room Extension initialization...
2025-03-07 23:00 +00:00: Agent config directory: ./agent-config
2025-03-07 23:00 +00:00: Agent service initialized successfully
2025-03-07 23:00 +00:00: API router mounted at /api/ai
2025-03-07 23:00 +00:00: Serving static files from: /root/code-server/dist/node/src/browser/pages
2025-03-07 23:00 +00:00: AI War Room extension initialized successfully
2025-03-07 23:00 +00:00: [2025-03-07T23:00:22.804Z] [AI-WARROOM] [INFO] AI War Room extension initialized
2025-03-07 23:00 +00:00: [2025-03-07T23:00:23.483Z] [AI-WARROOM] [INFO] Initializing AI agent service
2025-03-07 23:00 +00:00: [2025-03-07T23:00:23.487Z] [AI-WARROOM] [INFO] Server root path: /root/code-server/dist/node
2025-03-07 23:00 +00:00: Starting AI War Room Extension initialization...
2025-03-07 23:00 +00:00: Agent config directory: ./agent-config
2025-03-07 23:00 +00:00: Agent service initialized successfully
2025-03-07 23:00 +00:00: API router mounted at /api/ai
2025-03-07 23:00 +00:00: Serving static files from: /root/code-server/dist/node/src/browser/pages
2025-03-07 23:00 +00:00: AI War Room extension initialized successfully
2025-03-07 23:00 +00:00: [2025-03-07T23:00:23.495Z] [AI-WARROOM] [INFO] AI War Room extension initialized
2025-03-07 23:00 +00:00: [2025-03-07T23:00:24.134Z] [AI-WARROOM] [INFO] Initializing AI agent service
2025-03-07 23:00 +00:00: [2025-03-07T23:00:24.137Z] [AI-WARROOM] [INFO] Server root path: /root/code-server/dist/node
2025-03-07 23:00 +00:00: Starting AI War Room Extension initialization...
2025-03-07 23:00 +00:00: Agent config directory: ./agent-config
2025-03-07 23:00 +00:00: Agent service initialized successfully
2025-03-07 23:00 +00:00: API router mounted at /api/ai
2025-03-07 23:00 +00:00: Serving static files from: /root/code-server/dist/node/src/browser/pages
2025-03-07 23:00 +00:00: AI War Room extension initialized successfully
2025-03-07 23:00 +00:00: [2025-03-07T23:00:24.141Z] [AI-WARROOM] [INFO] AI War Room extension initialized
2025-03-07 23:00 +00:00: [2025-03-07T23:00:24.768Z] [AI-WARROOM] [INFO] Initializing AI agent service
2025-03-07 23:00 +00:00: [2025-03-07T23:00:24.770Z] [AI-WARROOM] [INFO] Server root path: /root/code-server/dist/node
2025-03-07 23:00 +00:00: Starting AI War Room Extension initialization...
2025-03-07 23:00 +00:00: Agent config directory: ./agent-config
2025-03-07 23:00 +00:00: Agent service initialized successfully
2025-03-07 23:00 +00:00: API router mounted at /api/ai
2025-03-07 23:00 +00:00: Serving static files from: /root/code-server/dist/node/src/browser/pages
2025-03-07 23:00 +00:00: AI War Room extension initialized successfully
2025-03-07 23:00 +00:00: [2025-03-07T23:00:24.778Z] [AI-WARROOM] [INFO] AI War Room extension initialized
2025-03-07 23:00 +00:00: [2025-03-07T23:00:25.436Z] [AI-WARROOM] [INFO] Initializing AI agent service
2025-03-07 23:00 +00:00: [2025-03-07T23:00:25.440Z] [AI-WARROOM] [INFO] Server root path: /root/code-server/dist/node
2025-03-07 23:00 +00:00: Starting AI War Room Extension initialization...
2025-03-07 23:00 +00:00: Agent config directory: ./agent-config
2025-03-07 23:00 +00:00: Agent service initialized successfully
2025-03-07 23:00 +00:00: API router mounted at /api/ai
2025-03-07 23:00 +00:00: Serving static files from: /root/code-server/dist/node/src/browser/pages
2025-03-07 23:00 +00:00: AI War Room extension initialized successfully
2025-03-07 23:00 +00:00: [2025-03-07T23:00:25.445Z] [AI-WARROOM] [INFO] AI War Room extension initialized
2025-03-07 23:00 +00:00: [2025-03-07T23:00:26.107Z] [AI-WARROOM] [INFO] Initializing AI agent service
2025-03-07 23:00 +00:00: [2025-03-07T23:00:26.111Z] [AI-WARROOM] [INFO] Server root path: /root/code-server/dist/node
2025-03-07 23:00 +00:00: Starting AI War Room Extension initialization...
2025-03-07 23:00 +00:00: Agent config directory: ./agent-config
2025-03-07 23:00 +00:00: Agent service initialized successfully
2025-03-07 23:00 +00:00: API router mounted at /api/ai
2025-03-07 23:00 +00:00: Serving static files from: /root/code-server/dist/node/src/browser/pages
2025-03-07 23:00 +00:00: AI War Room extension initialized successfully
2025-03-07 23:00 +00:00: [2025-03-07T23:00:26.122Z] [AI-WARROOM] [INFO] AI War Room extension initialized
2025-03-07 23:00 +00:00: [2025-03-07T23:00:26.755Z] [AI-WARROOM] [INFO] Initializing AI agent service
2025-03-07 23:00 +00:00: [2025-03-07T23:00:26.763Z] [AI-WARROOM] [INFO] Server root path: /root/code-server/dist/node
2025-03-07 23:00 +00:00: Starting AI War Room Extension initialization...
2025-03-07 23:00 +00:00: Agent config directory: ./agent-config
2025-03-07 23:00 +00:00: Agent service initialized successfully
2025-03-07 23:00 +00:00: API router mounted at /api/ai
2025-03-07 23:00 +00:00: Serving static files from: /root/code-server/dist/node/src/browser/pages
2025-03-07 23:00 +00:00: AI War Room extension initialized successfully
2025-03-07 23:00 +00:00: [2025-03-07T23:00:26.790Z] [AI-WARROOM] [INFO] AI War Room extension initialized
2025-03-07 23:00 +00:00: [2025-03-07T23:00:27.360Z] [AI-WARROOM] [INFO] Initializing AI agent service
2025-03-07 23:00 +00:00: [2025-03-07T23:00:27.362Z] [AI-WARROOM] [INFO] Server root path: /root/code-server/dist/node
2025-03-07 23:00 +00:00: Starting AI War Room Extension initialization...
2025-03-07 23:00 +00:00: Agent config directory: ./agent-config
2025-03-07 23:00 +00:00: Agent service initialized successfully
2025-03-07 23:00 +00:00: API router mounted at /api/ai
2025-03-07 23:00 +00:00: Serving static files from: /root/code-server/dist/node/src/browser/pages
2025-03-07 23:00 +00:00: AI War Room extension initialized successfully
2025-03-07 23:00 +00:00: [2025-03-07T23:00:27.366Z] [AI-WARROOM] [INFO] AI War Room extension initialized
2025-03-07 23:00 +00:00: [2025-03-07T23:00:27.973Z] [AI-WARROOM] [INFO] Initializing AI agent service
2025-03-07 23:00 +00:00: [2025-03-07T23:00:27.977Z] [AI-WARROOM] [INFO] Server root path: /root/code-server/dist/node
2025-03-07 23:00 +00:00: Starting AI War Room Extension initialization...
2025-03-07 23:00 +00:00: Agent config directory: ./agent-config
2025-03-07 23:00 +00:00: Agent service initialized successfully
2025-03-07 23:00 +00:00: API router mounted at /api/ai
2025-03-07 23:00 +00:00: Serving static files from: /root/code-server/dist/node/src/browser/pages
2025-03-07 23:00 +00:00: AI War Room extension initialized successfully
2025-03-07 23:00 +00:00: [2025-03-07T23:00:27.982Z] [AI-WARROOM] [INFO] AI War Room extension initialized
2025-03-07 23:00 +00:00: [2025-03-07T23:00:28.553Z] [AI-WARROOM] [INFO] Initializing AI agent service
2025-03-07 23:00 +00:00: [2025-03-07T23:00:28.556Z] [AI-WARROOM] [INFO] Server root path: /root/code-server/dist/node
2025-03-07 23:00 +00:00: Starting AI War Room Extension initialization...
2025-03-07 23:00 +00:00: Agent config directory: ./agent-config
2025-03-07 23:00 +00:00: Agent service initialized successfully
2025-03-07 23:00 +00:00: API router mounted at /api/ai
2025-03-07 23:00 +00:00: Serving static files from: /root/code-server/dist/node/src/browser/pages
2025-03-07 23:00 +00:00: AI War Room extension initialized successfully
2025-03-07 23:00 +00:00: [2025-03-07T23:00:28.561Z] [AI-WARROOM] [INFO] AI War Room extension initialized
2025-03-07 23:00 +00:00: [2025-03-07T23:00:29.136Z] [AI-WARROOM] [INFO] Initializing AI agent service
2025-03-07 23:00 +00:00: [2025-03-07T23:00:29.139Z] [AI-WARROOM] [INFO] Server root path: /root/code-server/dist/node
2025-03-07 23:00 +00:00: Starting AI War Room Extension initialization...
2025-03-07 23:00 +00:00: Agent config directory: ./agent-config
2025-03-07 23:00 +00:00: Agent service initialized successfully
2025-03-07 23:00 +00:00: API router mounted at /api/ai
2025-03-07 23:00 +00:00: Serving static files from: /root/code-server/dist/node/src/browser/pages
2025-03-07 23:00 +00:00: AI War Room extension initialized successfully
2025-03-07 23:00 +00:00: [2025-03-07T23:00:29.144Z] [AI-WARROOM] [INFO] AI War Room extension initialized
2025-03-07 23:00 +00:00: [2025-03-07T23:00:29.729Z] [AI-WARROOM] [INFO] Initializing AI agent service
2025-03-07 23:00 +00:00: [2025-03-07T23:00:29.731Z] [AI-WARROOM] [INFO] Server root path: /root/code-server/dist/node
2025-03-07 23:00 +00:00: Starting AI War Room Extension initialization...
2025-03-07 23:00 +00:00: Agent config directory: ./agent-config
2025-03-07 23:00 +00:00: Agent service initialized successfully
2025-03-07 23:00 +00:00: API router mounted at /api/ai
2025-03-07 23:00 +00:00: Serving static files from: /root/code-server/dist/node/src/browser/pages
2025-03-07 23:00 +00:00: AI War Room extension initialized successfully
2025-03-07 23:00 +00:00: [2025-03-07T23:00:29.736Z] [AI-WARROOM] [INFO] AI War Room extension initialized
2025-03-07 23:00 +00:00: [2025-03-07T23:00:30.331Z] [AI-WARROOM] [INFO] Initializing AI agent service
2025-03-07 23:00 +00:00: [2025-03-07T23:00:30.337Z] [AI-WARROOM] [INFO] Server root path: /root/code-server/dist/node
2025-03-07 23:00 +00:00: Starting AI War Room Extension initialization...
2025-03-07 23:00 +00:00: Agent config directory: ./agent-config
2025-03-07 23:00 +00:00: Agent service initialized successfully
2025-03-07 23:00 +00:00: API router mounted at /api/ai
2025-03-07 23:00 +00:00: Serving static files from: /root/code-server/dist/node/src/browser/pages
2025-03-07 23:00 +00:00: AI War Room extension initialized successfully
2025-03-07 23:00 +00:00: [2025-03-07T23:00:30.356Z] [AI-WARROOM] [INFO] AI War Room extension initialized
2025-03-07 23:00 +00:00: [2025-03-07T23:00:30.909Z] [AI-WARROOM] [INFO] Initializing AI agent service
2025-03-07 23:00 +00:00: [2025-03-07T23:00:30.912Z] [AI-WARROOM] [INFO] Server root path: /root/code-server/dist/node
2025-03-07 23:00 +00:00: Starting AI War Room Extension initialization...
2025-03-07 23:00 +00:00: Agent config directory: ./agent-config
2025-03-07 23:00 +00:00: Agent service initialized successfully
2025-03-07 23:00 +00:00: API router mounted at /api/ai
2025-03-07 23:00 +00:00: Serving static files from: /root/code-server/dist/node/src/browser/pages
2025-03-07 23:00 +00:00: AI War Room extension initialized successfully
2025-03-07 23:00 +00:00: [2025-03-07T23:00:30.919Z] [AI-WARROOM] [INFO] AI War Room extension initialized
2025-03-07 23:00 +00:00: [2025-03-07T23:00:31.461Z] [AI-WARROOM] [INFO] Initializing AI agent service
2025-03-07 23:00 +00:00: [2025-03-07T23:00:31.466Z] [AI-WARROOM] [INFO] Server root path: /root/code-server/dist/node
2025-03-07 23:00 +00:00: Starting AI War Room Extension initialization...
2025-03-07 23:00 +00:00: Agent config directory: ./agent-config
2025-03-07 23:00 +00:00: Agent service initialized successfully
2025-03-07 23:00 +00:00: API router mounted at /api/ai
2025-03-07 23:00 +00:00: Serving static files from: /root/code-server/dist/node/src/browser/pages
2025-03-07 23:00 +00:00: AI War Room extension initialized successfully
2025-03-07 23:00 +00:00: [2025-03-07T23:00:31.478Z] [AI-WARROOM] [INFO] AI War Room extension initialized
2025-03-07 23:00 +00:00: [2025-03-07T23:00:32.029Z] [AI-WARROOM] [INFO] Initializing AI agent service
2025-03-07 23:00 +00:00: [2025-03-07T23:00:32.032Z] [AI-WARROOM] [INFO] Server root path: /root/code-server/dist/node
2025-03-07 23:00 +00:00: Starting AI War Room Extension initialization...
2025-03-07 23:00 +00:00: Agent config directory: ./agent-config
2025-03-07 23:00 +00:00: Agent service initialized successfully
2025-03-07 23:00 +00:00: API router mounted at /api/ai
2025-03-07 23:00 +00:00: Serving static files from: /root/code-server/dist/node/src/browser/pages
2025-03-07 23:00 +00:00: AI War Room extension initialized successfully
2025-03-07 23:00 +00:00: [2025-03-07T23:00:32.038Z] [AI-WARROOM] [INFO] AI War Room extension initialized
2025-03-07 23:00 +00:00: [2025-03-07T23:00:32.629Z] [AI-WARROOM] [INFO] Initializing AI agent service
2025-03-07 23:00 +00:00: [2025-03-07T23:00:32.632Z] [AI-WARROOM] [INFO] Server root path: /root/code-server/dist/node
2025-03-07 23:00 +00:00: Starting AI War Room Extension initialization...
2025-03-07 23:00 +00:00: Agent config directory: ./agent-config
2025-03-07 23:00 +00:00: Agent service initialized successfully
2025-03-07 23:00 +00:00: API router mounted at /api/ai
2025-03-07 23:00 +00:00: Serving static files from: /root/code-server/dist/node/src/browser/pages
2025-03-07 23:00 +00:00: AI War Room extension initialized successfully
2025-03-07 23:00 +00:00: [2025-03-07T23:00:32.642Z] [AI-WARROOM] [INFO] AI War Room extension initialized
2025-03-07 23:00 +00:00: [2025-03-07T23:00:33.222Z] [AI-WARROOM] [INFO] Initializing AI agent service
2025-03-07 23:00 +00:00: [2025-03-07T23:00:33.224Z] [AI-WARROOM] [INFO] Server root path: /root/code-server/dist/node
2025-03-07 23:00 +00:00: Starting AI War Room Extension initialization...
2025-03-07 23:00 +00:00: Agent config directory: ./agent-config
2025-03-07 23:00 +00:00: Agent service initialized successfully
2025-03-07 23:00 +00:00: API router mounted at /api/ai
2025-03-07 23:00 +00:00: Serving static files from: /root/code-server/dist/node/src/browser/pages
2025-03-07 23:00 +00:00: AI War Room extension initialized successfully
2025-03-07 23:00 +00:00: [2025-03-07T23:00:33.228Z] [AI-WARROOM] [INFO] AI War Room extension initialized
2025-03-07 23:00 +00:00: [2025-03-07T23:00:33.821Z] [AI-WARROOM] [INFO] Initializing AI agent service
2025-03-07 23:00 +00:00: [2025-03-07T23:00:33.823Z] [AI-WARROOM] [INFO] Server root path: /root/code-server/dist/node
2025-03-07 23:00 +00:00: Starting AI War Room Extension initialization...
2025-03-07 23:00 +00:00: Agent config directory: ./agent-config
2025-03-07 23:00 +00:00: Agent service initialized successfully
2025-03-07 23:00 +00:00: API router mounted at /api/ai
2025-03-07 23:00 +00:00: Serving static files from: /root/code-server/dist/node/src/browser/pages
2025-03-07 23:00 +00:00: AI War Room extension initialized successfully
2025-03-07 23:00 +00:00: [2025-03-07T23:00:33.837Z] [AI-WARROOM] [INFO] AI War Room extension initialized
2025-03-07 23:00 +00:00: [2025-03-07T23:00:34.416Z] [AI-WARROOM] [INFO] Initializing AI agent service
2025-03-07 23:00 +00:00: [2025-03-07T23:00:34.420Z] [AI-WARROOM] [INFO] Server root path: /root/code-server/dist/node
2025-03-07 23:00 +00:00: Starting AI War Room Extension initialization...
2025-03-07 23:00 +00:00: Agent config directory: ./agent-config
2025-03-07 23:00 +00:00: Agent service initialized successfully
2025-03-07 23:00 +00:00: API router mounted at /api/ai
2025-03-07 23:00 +00:00: Serving static files from: /root/code-server/dist/node/src/browser/pages
2025-03-07 23:00 +00:00: AI War Room extension initialized successfully
2025-03-07 23:00 +00:00: [2025-03-07T23:00:34.426Z] [AI-WARROOM] [INFO] AI War Room extension initialized
2025-03-07 23:00 +00:00: [2025-03-07T23:00:35.054Z] [AI-WARROOM] [INFO] Initializing AI agent service
2025-03-07 23:00 +00:00: [2025-03-07T23:00:35.056Z] [AI-WARROOM] [INFO] Server root path: /root/code-server/dist/node
2025-03-07 23:00 +00:00: Starting AI War Room Extension initialization...
2025-03-07 23:00 +00:00: Agent config directory: ./agent-config
2025-03-07 23:00 +00:00: Agent service initialized successfully
2025-03-07 23:00 +00:00: API router mounted at /api/ai
2025-03-07 23:00 +00:00: Serving static files from: /root/code-server/dist/node/src/browser/pages
2025-03-07 23:00 +00:00: AI War Room extension initialized successfully
2025-03-07 23:00 +00:00: [2025-03-07T23:00:35.061Z] [AI-WARROOM] [INFO] AI War Room extension initialized
2025-03-07 23:00 +00:00: [2025-03-07T23:00:35.706Z] [AI-WARROOM] [INFO] Initializing AI agent service
2025-03-07 23:00 +00:00: [2025-03-07T23:00:35.709Z] [AI-WARROOM] [INFO] Server root path: /root/code-server/dist/node
2025-03-07 23:00 +00:00: Starting AI War Room Extension initialization...
2025-03-07 23:00 +00:00: Agent config directory: ./agent-config
2025-03-07 23:00 +00:00: Agent service initialized successfully
2025-03-07 23:00 +00:00: API router mounted at /api/ai
2025-03-07 23:00 +00:00: Serving static files from: /root/code-server/dist/node/src/browser/pages
2025-03-07 23:00 +00:00: AI War Room extension initialized successfully
2025-03-07 23:00 +00:00: [2025-03-07T23:00:35.713Z] [AI-WARROOM] [INFO] AI War Room extension initialized
2025-03-07 23:00 +00:00: [2025-03-07T23:00:36.320Z] [AI-WARROOM] [INFO] Initializing AI agent service
2025-03-07 23:00 +00:00: [2025-03-07T23:00:36.324Z] [AI-WARROOM] [INFO] Server root path: /root/code-server/dist/node
2025-03-07 23:00 +00:00: Starting AI War Room Extension initialization...
2025-03-07 23:00 +00:00: Agent config directory: ./agent-config
2025-03-07 23:00 +00:00: Agent service initialized successfully
2025-03-07 23:00 +00:00: API router mounted at /api/ai
2025-03-07 23:00 +00:00: Serving static files from: /root/code-server/dist/node/src/browser/pages
2025-03-07 23:00 +00:00: AI War Room extension initialized successfully
2025-03-07 23:00 +00:00: [2025-03-07T23:00:36.339Z] [AI-WARROOM] [INFO] AI War Room extension initialized
2025-03-07 23:00 +00:00: [2025-03-07T23:00:37.030Z] [AI-WARROOM] [INFO] Initializing AI agent service
2025-03-07 23:00 +00:00: [2025-03-07T23:00:37.033Z] [AI-WARROOM] [INFO] Server root path: /root/code-server/dist/node
2025-03-07 23:00 +00:00: Starting AI War Room Extension initialization...
2025-03-07 23:00 +00:00: Agent config directory: ./agent-config
2025-03-07 23:00 +00:00: Agent service initialized successfully
2025-03-07 23:00 +00:00: API router mounted at /api/ai
2025-03-07 23:00 +00:00: Serving static files from: /root/code-server/dist/node/src/browser/pages
2025-03-07 23:00 +00:00: AI War Room extension initialized successfully
2025-03-07 23:00 +00:00: [2025-03-07T23:00:37.040Z] [AI-WARROOM] [INFO] AI War Room extension initialized
2025-03-07 23:00 +00:00: [2025-03-07T23:00:37.771Z] [AI-WARROOM] [INFO] Initializing AI agent service
2025-03-07 23:00 +00:00: [2025-03-07T23:00:37.778Z] [AI-WARROOM] [INFO] Server root path: /root/code-server/dist/node
2025-03-07 23:00 +00:00: Starting AI War Room Extension initialization...
2025-03-07 23:00 +00:00: Agent config directory: ./agent-config
2025-03-07 23:00 +00:00: Agent service initialized successfully
2025-03-07 23:00 +00:00: API router mounted at /api/ai
2025-03-07 23:00 +00:00: Serving static files from: /root/code-server/dist/node/src/browser/pages
2025-03-07 23:00 +00:00: AI War Room extension initialized successfully
2025-03-07 23:00 +00:00: [2025-03-07T23:00:37.787Z] [AI-WARROOM] [INFO] AI War Room extension initialized
2025-03-07 23:00 +00:00: [2025-03-07T23:00:38.353Z] [AI-WARROOM] [INFO] Initializing AI agent service
2025-03-07 23:00 +00:00: [2025-03-07T23:00:38.354Z] [AI-WARROOM] [INFO] Server root path: /root/code-server/dist/node
2025-03-07 23:00 +00:00: Starting AI War Room Extension initialization...
2025-03-07 23:00 +00:00: Agent config directory: ./agent-config
2025-03-07 23:00 +00:00: Agent service initialized successfully
2025-03-07 23:00 +00:00: API router mounted at /api/ai
2025-03-07 23:00 +00:00: Serving static files from: /root/code-server/dist/node/src/browser/pages
2025-03-07 23:00 +00:00: AI War Room extension initialized successfully
2025-03-07 23:00 +00:00: [2025-03-07T23:00:38.375Z] [AI-WARROOM] [INFO] AI War Room extension initialized
2025-03-07 23:00 +00:00: [2025-03-07T23:00:38.952Z] [AI-WARROOM] [INFO] Initializing AI agent service
2025-03-07 23:00 +00:00: [2025-03-07T23:00:38.955Z] [AI-WARROOM] [INFO] Server root path: /root/code-server/dist/node
2025-03-07 23:00 +00:00: Starting AI War Room Extension initialization...
2025-03-07 23:00 +00:00: Agent config directory: ./agent-config
2025-03-07 23:00 +00:00: Agent service initialized successfully
2025-03-07 23:00 +00:00: API router mounted at /api/ai
2025-03-07 23:00 +00:00: Serving static files from: /root/code-server/dist/node/src/browser/pages
2025-03-07 23:00 +00:00: AI War Room extension initialized successfully
2025-03-07 23:00 +00:00: [2025-03-07T23:00:38.965Z] [AI-WARROOM] [INFO] AI War Room extension initialized
2025-03-07 23:00 +00:00: [2025-03-07T23:00:39.519Z] [AI-WARROOM] [INFO] Initializing AI agent service
2025-03-07 23:00 +00:00: [2025-03-07T23:00:39.521Z] [AI-WARROOM] [INFO] Server root path: /root/code-server/dist/node
2025-03-07 23:00 +00:00: Starting AI War Room Extension initialization...
2025-03-07 23:00 +00:00: Agent config directory: ./agent-config
2025-03-07 23:00 +00:00: Agent service initialized successfully
2025-03-07 23:00 +00:00: API router mounted at /api/ai
2025-03-07 23:00 +00:00: Serving static files from: /root/code-server/dist/node/src/browser/pages
2025-03-07 23:00 +00:00: AI War Room extension initialized successfully
2025-03-07 23:00 +00:00: [2025-03-07T23:00:39.528Z] [AI-WARROOM] [INFO] AI War Room extension initialized
2025-03-07 23:00 +00:00: [2025-03-07T23:00:40.092Z] [AI-WARROOM] [INFO] Initializing AI agent service
2025-03-07 23:00 +00:00: [2025-03-07T23:00:40.096Z] [AI-WARROOM] [INFO] Server root path: /root/code-server/dist/node
2025-03-07 23:00 +00:00: Starting AI War Room Extension initialization...
2025-03-07 23:00 +00:00: Agent config directory: ./agent-config
2025-03-07 23:00 +00:00: Agent service initialized successfully
2025-03-07 23:00 +00:00: API router mounted at /api/ai
2025-03-07 23:00 +00:00: Serving static files from: /root/code-server/dist/node/src/browser/pages
2025-03-07 23:00 +00:00: AI War Room extension initialized successfully
2025-03-07 23:00 +00:00: [2025-03-07T23:00:40.100Z] [AI-WARROOM] [INFO] AI War Room extension initialized
2025-03-07 23:00 +00:00: [2025-03-07T23:00:40.662Z] [AI-WARROOM] [INFO] Initializing AI agent service
2025-03-07 23:00 +00:00: [2025-03-07T23:00:40.664Z] [AI-WARROOM] [INFO] Server root path: /root/code-server/dist/node
2025-03-07 23:00 +00:00: Starting AI War Room Extension initialization...
2025-03-07 23:00 +00:00: Agent config directory: ./agent-config
2025-03-07 23:00 +00:00: Agent service initialized successfully
2025-03-07 23:00 +00:00: API router mounted at /api/ai
2025-03-07 23:00 +00:00: Serving static files from: /root/code-server/dist/node/src/browser/pages
2025-03-07 23:00 +00:00: AI War Room extension initialized successfully
2025-03-07 23:00 +00:00: [2025-03-07T23:00:40.668Z] [AI-WARROOM] [INFO] AI War Room extension initialized
2025-03-07 23:00 +00:00: [2025-03-07T23:00:41.251Z] [AI-WARROOM] [INFO] Initializing AI agent service
2025-03-07 23:00 +00:00: [2025-03-07T23:00:41.253Z] [AI-WARROOM] [INFO] Server root path: /root/code-server/dist/node
2025-03-07 23:00 +00:00: Starting AI War Room Extension initialization...
2025-03-07 23:00 +00:00: Agent config directory: ./agent-config
2025-03-07 23:00 +00:00: Agent service initialized successfully
2025-03-07 23:00 +00:00: API router mounted at /api/ai
2025-03-07 23:00 +00:00: Serving static files from: /root/code-server/dist/node/src/browser/pages
2025-03-07 23:00 +00:00: AI War Room extension initialized successfully
2025-03-07 23:00 +00:00: [2025-03-07T23:00:41.257Z] [AI-WARROOM] [INFO] AI War Room extension initialized
2025-03-07 23:00 +00:00: [2025-03-07T23:00:41.790Z] [AI-WARROOM] [INFO] Initializing AI agent service
2025-03-07 23:00 +00:00: [2025-03-07T23:00:41.792Z] [AI-WARROOM] [INFO] Server root path: /root/code-server/dist/node
2025-03-07 23:00 +00:00: Starting AI War Room Extension initialization...
2025-03-07 23:00 +00:00: Agent config directory: ./agent-config
2025-03-07 23:00 +00:00: Agent service initialized successfully
2025-03-07 23:00 +00:00: API router mounted at /api/ai
2025-03-07 23:00 +00:00: Serving static files from: /root/code-server/dist/node/src/browser/pages
2025-03-07 23:00 +00:00: AI War Room extension initialized successfully
2025-03-07 23:00 +00:00: [2025-03-07T23:00:41.798Z] [AI-WARROOM] [INFO] AI War Room extension initialized
2025-03-07 23:00 +00:00: [2025-03-07T23:00:42.409Z] [AI-WARROOM] [INFO] Initializing AI agent service
2025-03-07 23:00 +00:00: [2025-03-07T23:00:42.412Z] [AI-WARROOM] [INFO] Server root path: /root/code-server/dist/node
2025-03-07 23:00 +00:00: Starting AI War Room Extension initialization...
2025-03-07 23:00 +00:00: Agent config directory: ./agent-config
2025-03-07 23:00 +00:00: Agent service initialized successfully
2025-03-07 23:00 +00:00: API router mounted at /api/ai
2025-03-07 23:00 +00:00: Serving static files from: /root/code-server/dist/node/src/browser/pages
2025-03-07 23:00 +00:00: AI War Room extension initialized successfully
2025-03-07 23:00 +00:00: [2025-03-07T23:00:42.422Z] [AI-WARROOM] [INFO] AI War Room extension initialized
2025-03-07 23:00 +00:00: [2025-03-07T23:00:42.974Z] [AI-WARROOM] [INFO] Initializing AI agent service
2025-03-07 23:00 +00:00: [2025-03-07T23:00:42.977Z] [AI-WARROOM] [INFO] Server root path: /root/code-server/dist/node
2025-03-07 23:00 +00:00: Starting AI War Room Extension initialization...
2025-03-07 23:00 +00:00: Agent config directory: ./agent-config
2025-03-07 23:00 +00:00: Agent service initialized successfully
2025-03-07 23:00 +00:00: API router mounted at /api/ai
2025-03-07 23:00 +00:00: Serving static files from: /root/code-server/dist/node/src/browser/pages
2025-03-07 23:00 +00:00: AI War Room extension initialized successfully
2025-03-07 23:00 +00:00: [2025-03-07T23:00:42.986Z] [AI-WARROOM] [INFO] AI War Room extension initialized
2025-03-07 23:00 +00:00: [2025-03-07T23:00:43.595Z] [AI-WARROOM] [INFO] Initializing AI agent service
2025-03-07 23:00 +00:00: [2025-03-07T23:00:43.598Z] [AI-WARROOM] [INFO] Server root path: /root/code-server/dist/node
2025-03-07 23:00 +00:00: Starting AI War Room Extension initialization...
2025-03-07 23:00 +00:00: Agent config directory: ./agent-config
2025-03-07 23:00 +00:00: Agent service initialized successfully
2025-03-07 23:00 +00:00: API router mounted at /api/ai
2025-03-07 23:00 +00:00: Serving static files from: /root/code-server/dist/node/src/browser/pages
2025-03-07 23:00 +00:00: AI War Room extension initialized successfully
2025-03-07 23:00 +00:00: [2025-03-07T23:00:43.604Z] [AI-WARROOM] [INFO] AI War Room extension initialized
2025-03-07 23:00 +00:00: [2025-03-07T23:00:44.209Z] [AI-WARROOM] [INFO] Initializing AI agent service
2025-03-07 23:00 +00:00: [2025-03-07T23:00:44.220Z] [AI-WARROOM] [INFO] Server root path: /root/code-server/dist/node
2025-03-07 23:00 +00:00: Starting AI War Room Extension initialization...
2025-03-07 23:00 +00:00: Agent config directory: ./agent-config
2025-03-07 23:00 +00:00: Agent service initialized successfully
2025-03-07 23:00 +00:00: API router mounted at /api/ai
2025-03-07 23:00 +00:00: Serving static files from: /root/code-server/dist/node/src/browser/pages
2025-03-07 23:00 +00:00: AI War Room extension initialized successfully
2025-03-07 23:00 +00:00: [2025-03-07T23:00:44.232Z] [AI-WARROOM] [INFO] AI War Room extension initialized
2025-03-07 23:00 +00:00: [2025-03-07T23:00:44.832Z] [AI-WARROOM] [INFO] Initializing AI agent service
2025-03-07 23:00 +00:00: [2025-03-07T23:00:44.836Z] [AI-WARROOM] [INFO] Server root path: /root/code-server/dist/node
2025-03-07 23:00 +00:00: Starting AI War Room Extension initialization...
2025-03-07 23:00 +00:00: Agent config directory: ./agent-config
2025-03-07 23:00 +00:00: Agent service initialized successfully
2025-03-07 23:00 +00:00: API router mounted at /api/ai
2025-03-07 23:00 +00:00: Serving static files from: /root/code-server/dist/node/src/browser/pages
2025-03-07 23:00 +00:00: AI War Room extension initialized successfully
2025-03-07 23:00 +00:00: [2025-03-07T23:00:44.843Z] [AI-WARROOM] [INFO] AI War Room extension initialized
2025-03-07 23:00 +00:00: [2025-03-07T23:00:45.429Z] [AI-WARROOM] [INFO] Initializing AI agent service
2025-03-07 23:00 +00:00: [2025-03-07T23:00:45.432Z] [AI-WARROOM] [INFO] Server root path: /root/code-server/dist/node
2025-03-07 23:00 +00:00: Starting AI War Room Extension initialization...
2025-03-07 23:00 +00:00: Agent config directory: ./agent-config
2025-03-07 23:00 +00:00: Agent service initialized successfully
2025-03-07 23:00 +00:00: API router mounted at /api/ai
2025-03-07 23:00 +00:00: Serving static files from: /root/code-server/dist/node/src/browser/pages
2025-03-07 23:00 +00:00: AI War Room extension initialized successfully
2025-03-07 23:00 +00:00: [2025-03-07T23:00:45.440Z] [AI-WARROOM] [INFO] AI War Room extension initialized
2025-03-07 23:00 +00:00: [2025-03-07T23:00:46.021Z] [AI-WARROOM] [INFO] Initializing AI agent service
2025-03-07 23:00 +00:00: [2025-03-07T23:00:46.023Z] [AI-WARROOM] [INFO] Server root path: /root/code-server/dist/node
2025-03-07 23:00 +00:00: Starting AI War Room Extension initialization...
2025-03-07 23:00 +00:00: Agent config directory: ./agent-config
2025-03-07 23:00 +00:00: Agent service initialized successfully
2025-03-07 23:00 +00:00: API router mounted at /api/ai
2025-03-07 23:00 +00:00: Serving static files from: /root/code-server/dist/node/src/browser/pages
2025-03-07 23:00 +00:00: AI War Room extension initialized successfully
2025-03-07 23:00 +00:00: [2025-03-07T23:00:46.037Z] [AI-WARROOM] [INFO] AI War Room extension initialized
2025-03-07 23:00 +00:00: [2025-03-07T23:00:46.589Z] [AI-WARROOM] [INFO] Initializing AI agent service
2025-03-07 23:00 +00:00: [2025-03-07T23:00:46.591Z] [AI-WARROOM] [INFO] Server root path: /root/code-server/dist/node
2025-03-07 23:00 +00:00: Starting AI War Room Extension initialization...
2025-03-07 23:00 +00:00: Agent config directory: ./agent-config
2025-03-07 23:00 +00:00: Agent service initialized successfully
2025-03-07 23:00 +00:00: API router mounted at /api/ai
2025-03-07 23:00 +00:00: Serving static files from: /root/code-server/dist/node/src/browser/pages
2025-03-07 23:00 +00:00: AI War Room extension initialized successfully
2025-03-07 23:00 +00:00: [2025-03-07T23:00:46.596Z] [AI-WARROOM] [INFO] AI War Room extension initialized
2025-03-07 23:00 +00:00: [2025-03-07T23:00:47.461Z] [AI-WARROOM] [INFO] Initializing AI agent service
2025-03-07 23:00 +00:00: [2025-03-07T23:00:47.467Z] [AI-WARROOM] [INFO] Server root path: /root/code-server/dist/node
2025-03-07 23:00 +00:00: Starting AI War Room Extension initialization...
2025-03-07 23:00 +00:00: Agent config directory: ./agent-config
2025-03-07 23:00 +00:00: Agent service initialized successfully
2025-03-07 23:00 +00:00: API router mounted at /api/ai
2025-03-07 23:00 +00:00: Serving static files from: /root/code-server/dist/node/src/browser/pages
2025-03-07 23:00 +00:00: AI War Room extension initialized successfully
2025-03-07 23:00 +00:00: [2025-03-07T23:00:47.474Z] [AI-WARROOM] [INFO] AI War Room extension initialized
2025-03-07 23:00 +00:00: [2025-03-07T23:00:48.213Z] [AI-WARROOM] [INFO] Initializing AI agent service
2025-03-07 23:00 +00:00: [2025-03-07T23:00:48.217Z] [AI-WARROOM] [INFO] Server root path: /root/code-server/dist/node
2025-03-07 23:00 +00:00: Starting AI War Room Extension initialization...
2025-03-07 23:00 +00:00: Agent config directory: ./agent-config
2025-03-07 23:00 +00:00: Agent service initialized successfully
2025-03-07 23:00 +00:00: API router mounted at /api/ai
2025-03-07 23:00 +00:00: Serving static files from: /root/code-server/dist/node/src/browser/pages
2025-03-07 23:00 +00:00: AI War Room extension initialized successfully
2025-03-07 23:00 +00:00: [2025-03-07T23:00:48.223Z] [AI-WARROOM] [INFO] AI War Room extension initialized
2025-03-07 23:00 +00:00: [2025-03-07T23:00:48.836Z] [AI-WARROOM] [INFO] Initializing AI agent service
2025-03-07 23:00 +00:00: [2025-03-07T23:00:48.839Z] [AI-WARROOM] [INFO] Server root path: /root/code-server/dist/node
2025-03-07 23:00 +00:00: Starting AI War Room Extension initialization...
2025-03-07 23:00 +00:00: Agent config directory: ./agent-config
2025-03-07 23:00 +00:00: Agent service initialized successfully
2025-03-07 23:00 +00:00: API router mounted at /api/ai
2025-03-07 23:00 +00:00: Serving static files from: /root/code-server/dist/node/src/browser/pages
2025-03-07 23:00 +00:00: AI War Room extension initialized successfully
2025-03-07 23:00 +00:00: [2025-03-07T23:00:48.844Z] [AI-WARROOM] [INFO] AI War Room extension initialized
2025-03-07 23:00 +00:00: [2025-03-07T23:00:49.502Z] [AI-WARROOM] [INFO] Initializing AI agent service
2025-03-07 23:00 +00:00: [2025-03-07T23:00:49.504Z] [AI-WARROOM] [INFO] Server root path: /root/code-server/dist/node
2025-03-07 23:00 +00:00: Starting AI War Room Extension initialization...
2025-03-07 23:00 +00:00: Agent config directory: ./agent-config
2025-03-07 23:00 +00:00: Agent service initialized successfully
2025-03-07 23:00 +00:00: API router mounted at /api/ai
2025-03-07 23:00 +00:00: Serving static files from: /root/code-server/dist/node/src/browser/pages
2025-03-07 23:00 +00:00: AI War Room extension initialized successfully
2025-03-07 23:00 +00:00: [2025-03-07T23:00:49.521Z] [AI-WARROOM] [INFO] AI War Room extension initialized
2025-03-07 23:00 +00:00: [2025-03-07T23:00:50.139Z] [AI-WARROOM] [INFO] Initializing AI agent service
2025-03-07 23:00 +00:00: [2025-03-07T23:00:50.143Z] [AI-WARROOM] [INFO] Server root path: /root/code-server/dist/node
2025-03-07 23:00 +00:00: Starting AI War Room Extension initialization...
2025-03-07 23:00 +00:00: Agent config directory: ./agent-config
2025-03-07 23:00 +00:00: Agent service initialized successfully
2025-03-07 23:00 +00:00: API router mounted at /api/ai
2025-03-07 23:00 +00:00: Serving static files from: /root/code-server/dist/node/src/browser/pages
2025-03-07 23:00 +00:00: AI War Room extension initialized successfully
2025-03-07 23:00 +00:00: [2025-03-07T23:00:50.152Z] [AI-WARROOM] [INFO] AI War Room extension initialized
2025-03-07 23:00 +00:00: [2025-03-07T23:00:50.722Z] [AI-WARROOM] [INFO] Initializing AI agent service
2025-03-07 23:00 +00:00: [2025-03-07T23:00:50.730Z] [AI-WARROOM] [INFO] Server root path: /root/code-server/dist/node
2025-03-07 23:00 +00:00: Starting AI War Room Extension initialization...
2025-03-07 23:00 +00:00: Agent config directory: ./agent-config
2025-03-07 23:00 +00:00: Agent service initialized successfully
2025-03-07 23:00 +00:00: API router mounted at /api/ai
2025-03-07 23:00 +00:00: Serving static files from: /root/code-server/dist/node/src/browser/pages
2025-03-07 23:00 +00:00: AI War Room extension initialized successfully
2025-03-07 23:00 +00:00: [2025-03-07T23:00:50.740Z] [AI-WARROOM] [INFO] AI War Room extension initialized
2025-03-07 23:00 +00:00: [2025-03-07T23:00:51.313Z] [AI-WARROOM] [INFO] Initializing AI agent service
2025-03-07 23:00 +00:00: [2025-03-07T23:00:51.315Z] [AI-WARROOM] [INFO] Server root path: /root/code-server/dist/node
2025-03-07 23:00 +00:00: Starting AI War Room Extension initialization...
2025-03-07 23:00 +00:00: Agent config directory: ./agent-config
2025-03-07 23:00 +00:00: Agent service initialized successfully
2025-03-07 23:00 +00:00: API router mounted at /api/ai
2025-03-07 23:00 +00:00: Serving static files from: /root/code-server/dist/node/src/browser/pages
2025-03-07 23:00 +00:00: AI War Room extension initialized successfully
2025-03-07 23:00 +00:00: [2025-03-07T23:00:51.319Z] [AI-WARROOM] [INFO] AI War Room extension initialized
2025-03-07 23:00 +00:00: [2025-03-07T23:00:51.881Z] [AI-WARROOM] [INFO] Initializing AI agent service
2025-03-07 23:00 +00:00: [2025-03-07T23:00:51.883Z] [AI-WARROOM] [INFO] Server root path: /root/code-server/dist/node
2025-03-07 23:00 +00:00: Starting AI War Room Extension initialization...
2025-03-07 23:00 +00:00: Agent config directory: ./agent-config
2025-03-07 23:00 +00:00: Agent service initialized successfully
2025-03-07 23:00 +00:00: API router mounted at /api/ai
2025-03-07 23:00 +00:00: Serving static files from: /root/code-server/dist/node/src/browser/pages
2025-03-07 23:00 +00:00: AI War Room extension initialized successfully
2025-03-07 23:00 +00:00: [2025-03-07T23:00:51.889Z] [AI-WARROOM] [INFO] AI War Room extension initialized
2025-03-07 23:00 +00:00: [2025-03-07T23:00:52.445Z] [AI-WARROOM] [INFO] Initializing AI agent service
2025-03-07 23:00 +00:00: [2025-03-07T23:00:52.447Z] [AI-WARROOM] [INFO] Server root path: /root/code-server/dist/node
2025-03-07 23:00 +00:00: Starting AI War Room Extension initialization...
2025-03-07 23:00 +00:00: Agent config directory: ./agent-config
2025-03-07 23:00 +00:00: Agent service initialized successfully
2025-03-07 23:00 +00:00: API router mounted at /api/ai
2025-03-07 23:00 +00:00: Serving static files from: /root/code-server/dist/node/src/browser/pages
2025-03-07 23:00 +00:00: AI War Room extension initialized successfully
2025-03-07 23:00 +00:00: [2025-03-07T23:00:52.451Z] [AI-WARROOM] [INFO] AI War Room extension initialized
2025-03-07 23:00 +00:00: [2025-03-07T23:00:53.046Z] [AI-WARROOM] [INFO] Initializing AI agent service
2025-03-07 23:00 +00:00: [2025-03-07T23:00:53.049Z] [AI-WARROOM] [INFO] Server root path: /root/code-server/dist/node
2025-03-07 23:00 +00:00: Starting AI War Room Extension initialization...
2025-03-07 23:00 +00:00: Agent config directory: ./agent-config
2025-03-07 23:00 +00:00: Agent service initialized successfully
2025-03-07 23:00 +00:00: API router mounted at /api/ai
2025-03-07 23:00 +00:00: Serving static files from: /root/code-server/dist/node/src/browser/pages
2025-03-07 23:00 +00:00: AI War Room extension initialized successfully
2025-03-07 23:00 +00:00: [2025-03-07T23:00:53.056Z] [AI-WARROOM] [INFO] AI War Room extension initialized
2025-03-07 23:00 +00:00: [2025-03-07T23:00:53.682Z] [AI-WARROOM] [INFO] Initializing AI agent service
2025-03-07 23:00 +00:00: [2025-03-07T23:00:53.684Z] [AI-WARROOM] [INFO] Server root path: /root/code-server/dist/node
2025-03-07 23:00 +00:00: Starting AI War Room Extension initialization...
2025-03-07 23:00 +00:00: Agent config directory: ./agent-config
2025-03-07 23:00 +00:00: Agent service initialized successfully
2025-03-07 23:00 +00:00: API router mounted at /api/ai
2025-03-07 23:00 +00:00: Serving static files from: /root/code-server/dist/node/src/browser/pages
2025-03-07 23:00 +00:00: AI War Room extension initialized successfully
2025-03-07 23:00 +00:00: [2025-03-07T23:00:53.692Z] [AI-WARROOM] [INFO] AI War Room extension initialized
2025-03-07 23:00 +00:00: [2025-03-07T23:00:54.275Z] [AI-WARROOM] [INFO] Initializing AI agent service
2025-03-07 23:00 +00:00: [2025-03-07T23:00:54.279Z] [AI-WARROOM] [INFO] Server root path: /root/code-server/dist/node
2025-03-07 23:00 +00:00: Starting AI War Room Extension initialization...
2025-03-07 23:00 +00:00: Agent config directory: ./agent-config
2025-03-07 23:00 +00:00: Agent service initialized successfully
2025-03-07 23:00 +00:00: API router mounted at /api/ai
2025-03-07 23:00 +00:00: Serving static files from: /root/code-server/dist/node/src/browser/pages
2025-03-07 23:00 +00:00: AI War Room extension initialized successfully
2025-03-07 23:00 +00:00: [2025-03-07T23:00:54.293Z] [AI-WARROOM] [INFO] AI War Room extension initialized
2025-03-07 23:00 +00:00: [2025-03-07T23:00:54.868Z] [AI-WARROOM] [INFO] Initializing AI agent service
2025-03-07 23:00 +00:00: [2025-03-07T23:00:54.872Z] [AI-WARROOM] [INFO] Server root path: /root/code-server/dist/node
2025-03-07 23:00 +00:00: Starting AI War Room Extension initialization...
2025-03-07 23:00 +00:00: Agent config directory: ./agent-config
2025-03-07 23:00 +00:00: Agent service initialized successfully
2025-03-07 23:00 +00:00: API router mounted at /api/ai
2025-03-07 23:00 +00:00: Serving static files from: /root/code-server/dist/node/src/browser/pages
2025-03-07 23:00 +00:00: AI War Room extension initialized successfully
2025-03-07 23:00 +00:00: [2025-03-07T23:00:54.877Z] [AI-WARROOM] [INFO] AI War Room extension initialized
2025-03-07 23:00 +00:00: [2025-03-07T23:00:55.505Z] [AI-WARROOM] [INFO] Initializing AI agent service
2025-03-07 23:00 +00:00: [2025-03-07T23:00:55.508Z] [AI-WARROOM] [INFO] Server root path: /root/code-server/dist/node
2025-03-07 23:00 +00:00: Starting AI War Room Extension initialization...
2025-03-07 23:00 +00:00: Agent config directory: ./agent-config
2025-03-07 23:00 +00:00: Agent service initialized successfully
2025-03-07 23:00 +00:00: API router mounted at /api/ai
2025-03-07 23:00 +00:00: Serving static files from: /root/code-server/dist/node/src/browser/pages
2025-03-07 23:00 +00:00: AI War Room extension initialized successfully
2025-03-07 23:00 +00:00: [2025-03-07T23:00:55.517Z] [AI-WARROOM] [INFO] AI War Room extension initialized
2025-03-07 23:00 +00:00: [2025-03-07T23:00:56.170Z] [AI-WARROOM] [INFO] Initializing AI agent service
2025-03-07 23:00 +00:00: [2025-03-07T23:00:56.173Z] [AI-WARROOM] [INFO] Server root path: /root/code-server/dist/node
2025-03-07 23:00 +00:00: Starting AI War Room Extension initialization...
2025-03-07 23:00 +00:00: Agent config directory: ./agent-config
2025-03-07 23:00 +00:00: Agent service initialized successfully
2025-03-07 23:00 +00:00: API router mounted at /api/ai
2025-03-07 23:00 +00:00: Serving static files from: /root/code-server/dist/node/src/browser/pages
2025-03-07 23:00 +00:00: AI War Room extension initialized successfully
2025-03-07 23:00 +00:00: [2025-03-07T23:00:56.181Z] [AI-WARROOM] [INFO] AI War Room extension initialized
2025-03-07 23:00 +00:00: [2025-03-07T23:00:56.852Z] [AI-WARROOM] [INFO] Initializing AI agent service
2025-03-07 23:00 +00:00: [2025-03-07T23:00:56.855Z] [AI-WARROOM] [INFO] Server root path: /root/code-server/dist/node
2025-03-07 23:00 +00:00: Starting AI War Room Extension initialization...
2025-03-07 23:00 +00:00: Agent config directory: ./agent-config
2025-03-07 23:00 +00:00: Agent service initialized successfully
2025-03-07 23:00 +00:00: API router mounted at /api/ai
2025-03-07 23:00 +00:00: Serving static files from: /root/code-server/dist/node/src/browser/pages
2025-03-07 23:00 +00:00: AI War Room extension initialized successfully
2025-03-07 23:00 +00:00: [2025-03-07T23:00:56.859Z] [AI-WARROOM] [INFO] AI War Room extension initialized
2025-03-07 23:00 +00:00: [2025-03-07T23:00:57.388Z] [AI-WARROOM] [INFO] Initializing AI agent service
2025-03-07 23:00 +00:00: [2025-03-07T23:00:57.392Z] [AI-WARROOM] [INFO] Server root path: /root/code-server/dist/node
2025-03-07 23:00 +00:00: Starting AI War Room Extension initialization...
2025-03-07 23:00 +00:00: Agent config directory: ./agent-config
2025-03-07 23:00 +00:00: Agent service initialized successfully
2025-03-07 23:00 +00:00: API router mounted at /api/ai
2025-03-07 23:00 +00:00: Serving static files from: /root/code-server/dist/node/src/browser/pages
2025-03-07 23:00 +00:00: AI War Room extension initialized successfully
2025-03-07 23:00 +00:00: [2025-03-07T23:00:57.397Z] [AI-WARROOM] [INFO] AI War Room extension initialized
2025-03-07 23:00 +00:00: [2025-03-07T23:00:58.042Z] [AI-WARROOM] [INFO] Initializing AI agent service
2025-03-07 23:00 +00:00: [2025-03-07T23:00:58.045Z] [AI-WARROOM] [INFO] Server root path: /root/code-server/dist/node
2025-03-07 23:00 +00:00: Starting AI War Room Extension initialization...
2025-03-07 23:00 +00:00: Agent config directory: ./agent-config
2025-03-07 23:00 +00:00: Agent service initialized successfully
2025-03-07 23:00 +00:00: API router mounted at /api/ai
2025-03-07 23:00 +00:00: Serving static files from: /root/code-server/dist/node/src/browser/pages
2025-03-07 23:00 +00:00: AI War Room extension initialized successfully
2025-03-07 23:00 +00:00: [2025-03-07T23:00:58.050Z] [AI-WARROOM] [INFO] AI War Room extension initialized
2025-03-07 23:00 +00:00: [2025-03-07T23:00:58.682Z] [AI-WARROOM] [INFO] Initializing AI agent service
2025-03-07 23:00 +00:00: [2025-03-07T23:00:58.687Z] [AI-WARROOM] [INFO] Server root path: /root/code-server/dist/node
2025-03-07 23:00 +00:00: Starting AI War Room Extension initialization...
2025-03-07 23:00 +00:00: Agent config directory: ./agent-config
2025-03-07 23:00 +00:00: Agent service initialized successfully
2025-03-07 23:00 +00:00: API router mounted at /api/ai
2025-03-07 23:00 +00:00: Serving static files from: /root/code-server/dist/node/src/browser/pages
2025-03-07 23:00 +00:00: AI War Room extension initialized successfully
2025-03-07 23:00 +00:00: [2025-03-07T23:00:58.692Z] [AI-WARROOM] [INFO] AI War Room extension initialized
2025-03-07 23:00 +00:00: [2025-03-07T23:00:59.351Z] [AI-WARROOM] [INFO] Initializing AI agent service
2025-03-07 23:00 +00:00: [2025-03-07T23:00:59.373Z] [AI-WARROOM] [INFO] Server root path: /root/code-server/dist/node
2025-03-07 23:00 +00:00: Starting AI War Room Extension initialization...
2025-03-07 23:00 +00:00: Agent config directory: ./agent-config
2025-03-07 23:00 +00:00: Agent service initialized successfully
2025-03-07 23:00 +00:00: API router mounted at /api/ai
2025-03-07 23:00 +00:00: Serving static files from: /root/code-server/dist/node/src/browser/pages
2025-03-07 23:00 +00:00: AI War Room extension initialized successfully
2025-03-07 23:00 +00:00: [2025-03-07T23:00:59.392Z] [AI-WARROOM] [INFO] AI War Room extension initialized
2025-03-07 23:01 +00:00: [2025-03-07T23:01:04.276Z] [AI-WARROOM] [INFO] Initializing AI agent service
2025-03-07 23:01 +00:00: [2025-03-07T23:01:04.278Z] [AI-WARROOM] [INFO] Server root path: /root/code-server/dist/node
2025-03-07 23:01 +00:00: Starting AI War Room Extension initialization...
2025-03-07 23:01 +00:00: Agent config directory: ./agent-config
2025-03-07 23:01 +00:00: Agent service initialized successfully
2025-03-07 23:01 +00:00: API router mounted at /api/ai
2025-03-07 23:01 +00:00: Serving static files from: /root/code-server/dist/node/src/browser/pages
2025-03-07 23:01 +00:00: AI War Room extension initialized successfully
2025-03-07 23:01 +00:00: [2025-03-07T23:01:04.299Z] [AI-WARROOM] [INFO] AI War Room extension initialized
2025-03-07 23:01 +00:00: [2025-03-07T23:01:05.116Z] [AI-WARROOM] [INFO] Initializing AI agent service
2025-03-07 23:01 +00:00: [2025-03-07T23:01:05.118Z] [AI-WARROOM] [INFO] Server root path: /root/code-server/dist/node
2025-03-07 23:01 +00:00: Starting AI War Room Extension initialization...
2025-03-07 23:01 +00:00: Agent config directory: ./agent-config
2025-03-07 23:01 +00:00: Agent service initialized successfully
2025-03-07 23:01 +00:00: API router mounted at /api/ai
2025-03-07 23:01 +00:00: Serving static files from: /root/code-server/dist/node/src/browser/pages
2025-03-07 23:01 +00:00: AI War Room extension initialized successfully
2025-03-07 23:01 +00:00: [2025-03-07T23:01:05.122Z] [AI-WARROOM] [INFO] AI War Room extension initialized
2025-03-07 23:01 +00:00: [2025-03-07T23:01:05.723Z] [AI-WARROOM] [INFO] Initializing AI agent service
2025-03-07 23:01 +00:00: [2025-03-07T23:01:05.728Z] [AI-WARROOM] [INFO] Server root path: /root/code-server/dist/node
2025-03-07 23:01 +00:00: Starting AI War Room Extension initialization...
2025-03-07 23:01 +00:00: Agent config directory: ./agent-config
2025-03-07 23:01 +00:00: Agent service initialized successfully
2025-03-07 23:01 +00:00: API router mounted at /api/ai
2025-03-07 23:01 +00:00: Serving static files from: /root/code-server/dist/node/src/browser/pages
2025-03-07 23:01 +00:00: AI War Room extension initialized successfully
2025-03-07 23:01 +00:00: [2025-03-07T23:01:05.741Z] [AI-WARROOM] [INFO] AI War Room extension initialized
2025-03-07 23:01 +00:00: [2025-03-07T23:01:06.400Z] [AI-WARROOM] [INFO] Initializing AI agent service
2025-03-07 23:01 +00:00: [2025-03-07T23:01:06.404Z] [AI-WARROOM] [INFO] Server root path: /root/code-server/dist/node
2025-03-07 23:01 +00:00: Starting AI War Room Extension initialization...
2025-03-07 23:01 +00:00: Agent config directory: ./agent-config
2025-03-07 23:01 +00:00: Agent service initialized successfully
2025-03-07 23:01 +00:00: API router mounted at /api/ai
2025-03-07 23:01 +00:00: Serving static files from: /root/code-server/dist/node/src/browser/pages
2025-03-07 23:01 +00:00: AI War Room extension initialized successfully
2025-03-07 23:01 +00:00: [2025-03-07T23:01:06.414Z] [AI-WARROOM] [INFO] AI War Room extension initialized
2025-03-07 23:01 +00:00: [2025-03-07T23:01:07.091Z] [AI-WARROOM] [INFO] Initializing AI agent service
2025-03-07 23:01 +00:00: [2025-03-07T23:01:07.095Z] [AI-WARROOM] [INFO] Server root path: /root/code-server/dist/node
2025-03-07 23:01 +00:00: Starting AI War Room Extension initialization...
2025-03-07 23:01 +00:00: Agent config directory: ./agent-config
2025-03-07 23:01 +00:00: Agent service initialized successfully
2025-03-07 23:01 +00:00: API router mounted at /api/ai
2025-03-07 23:01 +00:00: Serving static files from: /root/code-server/dist/node/src/browser/pages
2025-03-07 23:01 +00:00: AI War Room extension initialized successfully
2025-03-07 23:01 +00:00: [2025-03-07T23:01:07.101Z] [AI-WARROOM] [INFO] AI War Room extension initialized
2025-03-07 23:01 +00:00: [2025-03-07T23:01:07.735Z] [AI-WARROOM] [INFO] Initializing AI agent service
2025-03-07 23:01 +00:00: [2025-03-07T23:01:07.737Z] [AI-WARROOM] [INFO] Server root path: /root/code-server/dist/node
2025-03-07 23:01 +00:00: Starting AI War Room Extension initialization...
2025-03-07 23:01 +00:00: Agent config directory: ./agent-config
2025-03-07 23:01 +00:00: Agent service initialized successfully
2025-03-07 23:01 +00:00: API router mounted at /api/ai
2025-03-07 23:01 +00:00: Serving static files from: /root/code-server/dist/node/src/browser/pages
2025-03-07 23:01 +00:00: AI War Room extension initialized successfully
2025-03-07 23:01 +00:00: [2025-03-07T23:01:07.745Z] [AI-WARROOM] [INFO] AI War Room extension initialized
2025-03-07 23:01 +00:00: [2025-03-07T23:01:08.348Z] [AI-WARROOM] [INFO] Initializing AI agent service
2025-03-07 23:01 +00:00: [2025-03-07T23:01:08.350Z] [AI-WARROOM] [INFO] Server root path: /root/code-server/dist/node
2025-03-07 23:01 +00:00: Starting AI War Room Extension initialization...
2025-03-07 23:01 +00:00: Agent config directory: ./agent-config
2025-03-07 23:01 +00:00: Agent service initialized successfully
2025-03-07 23:01 +00:00: API router mounted at /api/ai
2025-03-07 23:01 +00:00: Serving static files from: /root/code-server/dist/node/src/browser/pages
2025-03-07 23:01 +00:00: AI War Room extension initialized successfully
2025-03-07 23:01 +00:00: [2025-03-07T23:01:08.355Z] [AI-WARROOM] [INFO] AI War Room extension initialized
2025-03-07 23:01 +00:00: [2025-03-07T23:01:08.956Z] [AI-WARROOM] [INFO] Initializing AI agent service
2025-03-07 23:01 +00:00: [2025-03-07T23:01:08.959Z] [AI-WARROOM] [INFO] Server root path: /root/code-server/dist/node
2025-03-07 23:01 +00:00: Starting AI War Room Extension initialization...
2025-03-07 23:01 +00:00: Agent config directory: ./agent-config
2025-03-07 23:01 +00:00: Agent service initialized successfully
2025-03-07 23:01 +00:00: API router mounted at /api/ai
2025-03-07 23:01 +00:00: Serving static files from: /root/code-server/dist/node/src/browser/pages
2025-03-07 23:01 +00:00: AI War Room extension initialized successfully
2025-03-07 23:01 +00:00: [2025-03-07T23:01:08.965Z] [AI-WARROOM] [INFO] AI War Room extension initialized
2025-03-07 23:01 +00:00: [2025-03-07T23:01:09.530Z] [AI-WARROOM] [INFO] Initializing AI agent service
2025-03-07 23:01 +00:00: [2025-03-07T23:01:09.533Z] [AI-WARROOM] [INFO] Server root path: /root/code-server/dist/node
2025-03-07 23:01 +00:00: Starting AI War Room Extension initialization...
2025-03-07 23:01 +00:00: Agent config directory: ./agent-config
2025-03-07 23:01 +00:00: Agent service initialized successfully
2025-03-07 23:01 +00:00: API router mounted at /api/ai
2025-03-07 23:01 +00:00: Serving static files from: /root/code-server/dist/node/src/browser/pages
2025-03-07 23:01 +00:00: AI War Room extension initialized successfully
2025-03-07 23:01 +00:00: [2025-03-07T23:01:09.545Z] [AI-WARROOM] [INFO] AI War Room extension initialized
2025-03-07 23:01 +00:00: [2025-03-07T23:01:10.148Z] [AI-WARROOM] [INFO] Initializing AI agent service
2025-03-07 23:01 +00:00: [2025-03-07T23:01:10.151Z] [AI-WARROOM] [INFO] Server root path: /root/code-server/dist/node
2025-03-07 23:01 +00:00: Starting AI War Room Extension initialization...
2025-03-07 23:01 +00:00: Agent config directory: ./agent-config
2025-03-07 23:01 +00:00: Agent service initialized successfully
2025-03-07 23:01 +00:00: API router mounted at /api/ai
2025-03-07 23:01 +00:00: Serving static files from: /root/code-server/dist/node/src/browser/pages
2025-03-07 23:01 +00:00: AI War Room extension initialized successfully
2025-03-07 23:01 +00:00: [2025-03-07T23:01:10.155Z] [AI-WARROOM] [INFO] AI War Room extension initialized
2025-03-07 23:01 +00:00: [2025-03-07T23:01:10.733Z] [AI-WARROOM] [INFO] Initializing AI agent service
2025-03-07 23:01 +00:00: [2025-03-07T23:01:10.736Z] [AI-WARROOM] [INFO] Server root path: /root/code-server/dist/node
2025-03-07 23:01 +00:00: Starting AI War Room Extension initialization...
2025-03-07 23:01 +00:00: Agent config directory: ./agent-config
2025-03-07 23:01 +00:00: Agent service initialized successfully
2025-03-07 23:01 +00:00: API router mounted at /api/ai
2025-03-07 23:01 +00:00: Serving static files from: /root/code-server/dist/node/src/browser/pages
2025-03-07 23:01 +00:00: AI War Room extension initialized successfully
2025-03-07 23:01 +00:00: [2025-03-07T23:01:10.743Z] [AI-WARROOM] [INFO] AI War Room extension initialized
2025-03-07 23:01 +00:00: [2025-03-07T23:01:11.289Z] [AI-WARROOM] [INFO] Initializing AI agent service
2025-03-07 23:01 +00:00: [2025-03-07T23:01:11.295Z] [AI-WARROOM] [INFO] Server root path: /root/code-server/dist/node
2025-03-07 23:01 +00:00: Starting AI War Room Extension initialization...
2025-03-07 23:01 +00:00: Agent config directory: ./agent-config
2025-03-07 23:01 +00:00: Agent service initialized successfully
2025-03-07 23:01 +00:00: API router mounted at /api/ai
2025-03-07 23:01 +00:00: Serving static files from: /root/code-server/dist/node/src/browser/pages
2025-03-07 23:01 +00:00: AI War Room extension initialized successfully
2025-03-07 23:01 +00:00: [2025-03-07T23:01:11.302Z] [AI-WARROOM] [INFO] AI War Room extension initialized
2025-03-07 23:01 +00:00: [2025-03-07T23:01:11.920Z] [AI-WARROOM] [INFO] Initializing AI agent service
2025-03-07 23:01 +00:00: [2025-03-07T23:01:11.928Z] [AI-WARROOM] [INFO] Server root path: /root/code-server/dist/node
2025-03-07 23:01 +00:00: Starting AI War Room Extension initialization...
2025-03-07 23:01 +00:00: Agent config directory: ./agent-config
2025-03-07 23:01 +00:00: Agent service initialized successfully
2025-03-07 23:01 +00:00: API router mounted at /api/ai
2025-03-07 23:01 +00:00: Serving static files from: /root/code-server/dist/node/src/browser/pages
2025-03-07 23:01 +00:00: AI War Room extension initialized successfully
2025-03-07 23:01 +00:00: [2025-03-07T23:01:11.944Z] [AI-WARROOM] [INFO] AI War Room extension initialized
2025-03-07 23:01 +00:00: [2025-03-07T23:01:12.519Z] [AI-WARROOM] [INFO] Initializing AI agent service
2025-03-07 23:01 +00:00: [2025-03-07T23:01:12.522Z] [AI-WARROOM] [INFO] Server root path: /root/code-server/dist/node
2025-03-07 23:01 +00:00: Starting AI War Room Extension initialization...
2025-03-07 23:01 +00:00: Agent config directory: ./agent-config
2025-03-07 23:01 +00:00: Agent service initialized successfully
2025-03-07 23:01 +00:00: API router mounted at /api/ai
2025-03-07 23:01 +00:00: Serving static files from: /root/code-server/dist/node/src/browser/pages
2025-03-07 23:01 +00:00: AI War Room extension initialized successfully
2025-03-07 23:01 +00:00: [2025-03-07T23:01:12.527Z] [AI-WARROOM] [INFO] AI War Room extension initialized
2025-03-07 23:01 +00:00: [2025-03-07T23:01:13.139Z] [AI-WARROOM] [INFO] Initializing AI agent service
2025-03-07 23:01 +00:00: [2025-03-07T23:01:13.142Z] [AI-WARROOM] [INFO] Server root path: /root/code-server/dist/node
2025-03-07 23:01 +00:00: Starting AI War Room Extension initialization...
2025-03-07 23:01 +00:00: Agent config directory: ./agent-config
2025-03-07 23:01 +00:00: Agent service initialized successfully
2025-03-07 23:01 +00:00: API router mounted at /api/ai
2025-03-07 23:01 +00:00: Serving static files from: /root/code-server/dist/node/src/browser/pages
2025-03-07 23:01 +00:00: AI War Room extension initialized successfully
2025-03-07 23:01 +00:00: [2025-03-07T23:01:13.147Z] [AI-WARROOM] [INFO] AI War Room extension initialized
2025-03-07 23:01 +00:00: [2025-03-07T23:01:13.670Z] [AI-WARROOM] [INFO] Initializing AI agent service
2025-03-07 23:01 +00:00: [2025-03-07T23:01:13.672Z] [AI-WARROOM] [INFO] Server root path: /root/code-server/dist/node
2025-03-07 23:01 +00:00: Starting AI War Room Extension initialization...
2025-03-07 23:01 +00:00: Agent config directory: ./agent-config
2025-03-07 23:01 +00:00: Agent service initialized successfully
2025-03-07 23:01 +00:00: API router mounted at /api/ai
2025-03-07 23:01 +00:00: Serving static files from: /root/code-server/dist/node/src/browser/pages
2025-03-07 23:01 +00:00: AI War Room extension initialized successfully
2025-03-07 23:01 +00:00: [2025-03-07T23:01:13.678Z] [AI-WARROOM] [INFO] AI War Room extension initialized
2025-03-07 23:01 +00:00: [2025-03-07T23:01:14.278Z] [AI-WARROOM] [INFO] Initializing AI agent service
2025-03-07 23:01 +00:00: [2025-03-07T23:01:14.281Z] [AI-WARROOM] [INFO] Server root path: /root/code-server/dist/node
2025-03-07 23:01 +00:00: Starting AI War Room Extension initialization...
2025-03-07 23:01 +00:00: Agent config directory: ./agent-config
2025-03-07 23:01 +00:00: Agent service initialized successfully
2025-03-07 23:01 +00:00: API router mounted at /api/ai
2025-03-07 23:01 +00:00: Serving static files from: /root/code-server/dist/node/src/browser/pages
2025-03-07 23:01 +00:00: AI War Room extension initialized successfully
2025-03-07 23:01 +00:00: [2025-03-07T23:01:14.288Z] [AI-WARROOM] [INFO] AI War Room extension initialized
2025-03-07 23:01 +00:00: [2025-03-07T23:01:14.885Z] [AI-WARROOM] [INFO] Initializing AI agent service
2025-03-07 23:01 +00:00: [2025-03-07T23:01:14.888Z] [AI-WARROOM] [INFO] Server root path: /root/code-server/dist/node
2025-03-07 23:01 +00:00: Starting AI War Room Extension initialization...
2025-03-07 23:01 +00:00: Agent config directory: ./agent-config
2025-03-07 23:01 +00:00: Agent service initialized successfully
2025-03-07 23:01 +00:00: API router mounted at /api/ai
2025-03-07 23:01 +00:00: Serving static files from: /root/code-server/dist/node/src/browser/pages
2025-03-07 23:01 +00:00: AI War Room extension initialized successfully
2025-03-07 23:01 +00:00: [2025-03-07T23:01:14.894Z] [AI-WARROOM] [INFO] AI War Room extension initialized
2025-03-07 23:01 +00:00: [2025-03-07T23:01:15.749Z] [AI-WARROOM] [INFO] Initializing AI agent service
2025-03-07 23:01 +00:00: [2025-03-07T23:01:15.753Z] [AI-WARROOM] [INFO] Server root path: /root/code-server/dist/node
2025-03-07 23:01 +00:00: Starting AI War Room Extension initialization...
2025-03-07 23:01 +00:00: Agent config directory: ./agent-config
2025-03-07 23:01 +00:00: Agent service initialized successfully
2025-03-07 23:01 +00:00: API router mounted at /api/ai
2025-03-07 23:01 +00:00: Serving static files from: /root/code-server/dist/node/src/browser/pages
2025-03-07 23:01 +00:00: AI War Room extension initialized successfully
2025-03-07 23:01 +00:00: [2025-03-07T23:01:15.765Z] [AI-WARROOM] [INFO] AI War Room extension initialized
2025-03-07 23:01 +00:00: [2025-03-07T23:01:16.757Z] [AI-WARROOM] [INFO] Initializing AI agent service
2025-03-07 23:01 +00:00: [2025-03-07T23:01:16.759Z] [AI-WARROOM] [INFO] Server root path: /root/code-server/dist/node
2025-03-07 23:01 +00:00: Starting AI War Room Extension initialization...
2025-03-07 23:01 +00:00: Agent config directory: ./agent-config
2025-03-07 23:01 +00:00: Agent service initialized successfully
2025-03-07 23:01 +00:00: API router mounted at /api/ai
2025-03-07 23:01 +00:00: Serving static files from: /root/code-server/dist/node/src/browser/pages
2025-03-07 23:01 +00:00: AI War Room extension initialized successfully
2025-03-07 23:01 +00:00: [2025-03-07T23:01:16.765Z] [AI-WARROOM] [INFO] AI War Room extension initialized
2025-03-07 23:01 +00:00: [2025-03-07T23:01:17.463Z] [AI-WARROOM] [INFO] Initializing AI agent service
2025-03-07 23:01 +00:00: [2025-03-07T23:01:17.466Z] [AI-WARROOM] [INFO] Server root path: /root/code-server/dist/node
2025-03-07 23:01 +00:00: Starting AI War Room Extension initialization...
2025-03-07 23:01 +00:00: Agent config directory: ./agent-config
2025-03-07 23:01 +00:00: Agent service initialized successfully
2025-03-07 23:01 +00:00: API router mounted at /api/ai
2025-03-07 23:01 +00:00: Serving static files from: /root/code-server/dist/node/src/browser/pages
2025-03-07 23:01 +00:00: AI War Room extension initialized successfully
2025-03-07 23:01 +00:00: [2025-03-07T23:01:17.471Z] [AI-WARROOM] [INFO] AI War Room extension initialized
2025-03-07 23:01 +00:00: [2025-03-07T23:01:18.076Z] [AI-WARROOM] [INFO] Initializing AI agent service
2025-03-07 23:01 +00:00: [2025-03-07T23:01:18.079Z] [AI-WARROOM] [INFO] Server root path: /root/code-server/dist/node
2025-03-07 23:01 +00:00: Starting AI War Room Extension initialization...
2025-03-07 23:01 +00:00: Agent config directory: ./agent-config
2025-03-07 23:01 +00:00: Agent service initialized successfully
2025-03-07 23:01 +00:00: API router mounted at /api/ai
2025-03-07 23:01 +00:00: Serving static files from: /root/code-server/dist/node/src/browser/pages
2025-03-07 23:01 +00:00: AI War Room extension initialized successfully
2025-03-07 23:01 +00:00: [2025-03-07T23:01:18.096Z] [AI-WARROOM] [INFO] AI War Room extension initialized
2025-03-07 23:01 +00:00: [2025-03-07T23:01:18.746Z] [AI-WARROOM] [INFO] Initializing AI agent service
2025-03-07 23:01 +00:00: [2025-03-07T23:01:18.752Z] [AI-WARROOM] [INFO] Server root path: /root/code-server/dist/node
2025-03-07 23:01 +00:00: Starting AI War Room Extension initialization...
2025-03-07 23:01 +00:00: Agent config directory: ./agent-config
2025-03-07 23:01 +00:00: Agent service initialized successfully
2025-03-07 23:01 +00:00: API router mounted at /api/ai
2025-03-07 23:01 +00:00: Serving static files from: /root/code-server/dist/node/src/browser/pages
2025-03-07 23:01 +00:00: AI War Room extension initialized successfully
2025-03-07 23:01 +00:00: [2025-03-07T23:01:18.767Z] [AI-WARROOM] [INFO] AI War Room extension initialized
2025-03-07 23:01 +00:00: [2025-03-07T23:01:19.384Z] [AI-WARROOM] [INFO] Initializing AI agent service
2025-03-07 23:01 +00:00: [2025-03-07T23:01:19.386Z] [AI-WARROOM] [INFO] Server root path: /root/code-server/dist/node
2025-03-07 23:01 +00:00: Starting AI War Room Extension initialization...
2025-03-07 23:01 +00:00: Agent config directory: ./agent-config
2025-03-07 23:01 +00:00: Agent service initialized successfully
2025-03-07 23:01 +00:00: API router mounted at /api/ai
2025-03-07 23:01 +00:00: Serving static files from: /root/code-server/dist/node/src/browser/pages
2025-03-07 23:01 +00:00: AI War Room extension initialized successfully
2025-03-07 23:01 +00:00: [2025-03-07T23:01:19.391Z] [AI-WARROOM] [INFO] AI War Room extension initialized
2025-03-07 23:01 +00:00: [2025-03-07T23:01:19.977Z] [AI-WARROOM] [INFO] Initializing AI agent service
2025-03-07 23:01 +00:00: [2025-03-07T23:01:19.979Z] [AI-WARROOM] [INFO] Server root path: /root/code-server/dist/node
2025-03-07 23:01 +00:00: Starting AI War Room Extension initialization...
2025-03-07 23:01 +00:00: Agent config directory: ./agent-config
2025-03-07 23:01 +00:00: Agent service initialized successfully
2025-03-07 23:01 +00:00: API router mounted at /api/ai
2025-03-07 23:01 +00:00: Serving static files from: /root/code-server/dist/node/src/browser/pages
2025-03-07 23:01 +00:00: AI War Room extension initialized successfully
2025-03-07 23:01 +00:00: [2025-03-07T23:01:19.984Z] [AI-WARROOM] [INFO] AI War Room extension initialized
2025-03-07 23:01 +00:00: [2025-03-07T23:01:20.548Z] [AI-WARROOM] [INFO] Initializing AI agent service
2025-03-07 23:01 +00:00: [2025-03-07T23:01:20.551Z] [AI-WARROOM] [INFO] Server root path: /root/code-server/dist/node
2025-03-07 23:01 +00:00: Starting AI War Room Extension initialization...
2025-03-07 23:01 +00:00: Agent config directory: ./agent-config
2025-03-07 23:01 +00:00: Agent service initialized successfully
2025-03-07 23:01 +00:00: API router mounted at /api/ai
2025-03-07 23:01 +00:00: Serving static files from: /root/code-server/dist/node/src/browser/pages
2025-03-07 23:01 +00:00: AI War Room extension initialized successfully
2025-03-07 23:01 +00:00: [2025-03-07T23:01:20.556Z] [AI-WARROOM] [INFO] AI War Room extension initialized
2025-03-07 23:01 +00:00: [2025-03-07T23:01:21.157Z] [AI-WARROOM] [INFO] Initializing AI agent service
2025-03-07 23:01 +00:00: [2025-03-07T23:01:21.159Z] [AI-WARROOM] [INFO] Server root path: /root/code-server/dist/node
2025-03-07 23:01 +00:00: Starting AI War Room Extension initialization...
2025-03-07 23:01 +00:00: Agent config directory: ./agent-config
2025-03-07 23:01 +00:00: Agent service initialized successfully
2025-03-07 23:01 +00:00: API router mounted at /api/ai
2025-03-07 23:01 +00:00: Serving static files from: /root/code-server/dist/node/src/browser/pages
2025-03-07 23:01 +00:00: AI War Room extension initialized successfully
2025-03-07 23:01 +00:00: [2025-03-07T23:01:21.165Z] [AI-WARROOM] [INFO] AI War Room extension initialized
2025-03-07 23:01 +00:00: [2025-03-07T23:01:21.723Z] [AI-WARROOM] [INFO] Initializing AI agent service
2025-03-07 23:01 +00:00: [2025-03-07T23:01:21.725Z] [AI-WARROOM] [INFO] Server root path: /root/code-server/dist/node
2025-03-07 23:01 +00:00: Starting AI War Room Extension initialization...
2025-03-07 23:01 +00:00: Agent config directory: ./agent-config
2025-03-07 23:01 +00:00: Agent service initialized successfully
2025-03-07 23:01 +00:00: API router mounted at /api/ai
2025-03-07 23:01 +00:00: Serving static files from: /root/code-server/dist/node/src/browser/pages
2025-03-07 23:01 +00:00: AI War Room extension initialized successfully
2025-03-07 23:01 +00:00: [2025-03-07T23:01:21.739Z] [AI-WARROOM] [INFO] AI War Room extension initialized
2025-03-07 23:01 +00:00: [2025-03-07T23:01:22.320Z] [AI-WARROOM] [INFO] Initializing AI agent service
2025-03-07 23:01 +00:00: [2025-03-07T23:01:22.324Z] [AI-WARROOM] [INFO] Server root path: /root/code-server/dist/node
2025-03-07 23:01 +00:00: Starting AI War Room Extension initialization...
2025-03-07 23:01 +00:00: Agent config directory: ./agent-config
2025-03-07 23:01 +00:00: Agent service initialized successfully
2025-03-07 23:01 +00:00: API router mounted at /api/ai
2025-03-07 23:01 +00:00: Serving static files from: /root/code-server/dist/node/src/browser/pages
2025-03-07 23:01 +00:00: AI War Room extension initialized successfully
2025-03-07 23:01 +00:00: [2025-03-07T23:01:22.332Z] [AI-WARROOM] [INFO] AI War Room extension initialized
2025-03-07 23:01 +00:00: [2025-03-07T23:01:22.926Z] [AI-WARROOM] [INFO] Initializing AI agent service
2025-03-07 23:01 +00:00: [2025-03-07T23:01:22.937Z] [AI-WARROOM] [INFO] Server root path: /root/code-server/dist/node
2025-03-07 23:01 +00:00: Starting AI War Room Extension initialization...
2025-03-07 23:01 +00:00: Agent config directory: ./agent-config
2025-03-07 23:01 +00:00: Agent service initialized successfully
2025-03-07 23:01 +00:00: API router mounted at /api/ai
2025-03-07 23:01 +00:00: Serving static files from: /root/code-server/dist/node/src/browser/pages
2025-03-07 23:01 +00:00: AI War Room extension initialized successfully
2025-03-07 23:01 +00:00: [2025-03-07T23:01:22.954Z] [AI-WARROOM] [INFO] AI War Room extension initialized
2025-03-07 23:01 +00:00: [2025-03-07T23:01:23.509Z] [AI-WARROOM] [INFO] Initializing AI agent service
2025-03-07 23:01 +00:00: [2025-03-07T23:01:23.511Z] [AI-WARROOM] [INFO] Server root path: /root/code-server/dist/node
2025-03-07 23:01 +00:00: Starting AI War Room Extension initialization...
2025-03-07 23:01 +00:00: Agent config directory: ./agent-config
2025-03-07 23:01 +00:00: Agent service initialized successfully
2025-03-07 23:01 +00:00: API router mounted at /api/ai
2025-03-07 23:01 +00:00: Serving static files from: /root/code-server/dist/node/src/browser/pages
2025-03-07 23:01 +00:00: AI War Room extension initialized successfully
2025-03-07 23:01 +00:00: [2025-03-07T23:01:23.515Z] [AI-WARROOM] [INFO] AI War Room extension initialized
2025-03-07 23:01 +00:00: [2025-03-07T23:01:24.135Z] [AI-WARROOM] [INFO] Initializing AI agent service
2025-03-07 23:01 +00:00: [2025-03-07T23:01:24.137Z] [AI-WARROOM] [INFO] Server root path: /root/code-server/dist/node
2025-03-07 23:01 +00:00: Starting AI War Room Extension initialization...
2025-03-07 23:01 +00:00: Agent config directory: ./agent-config
2025-03-07 23:01 +00:00: Agent service initialized successfully
2025-03-07 23:01 +00:00: API router mounted at /api/ai
2025-03-07 23:01 +00:00: Serving static files from: /root/code-server/dist/node/src/browser/pages
2025-03-07 23:01 +00:00: AI War Room extension initialized successfully
2025-03-07 23:01 +00:00: [2025-03-07T23:01:24.155Z] [AI-WARROOM] [INFO] AI War Room extension initialized
2025-03-07 23:01 +00:00: [2025-03-07T23:01:24.692Z] [AI-WARROOM] [INFO] Initializing AI agent service
2025-03-07 23:01 +00:00: [2025-03-07T23:01:24.694Z] [AI-WARROOM] [INFO] Server root path: /root/code-server/dist/node
2025-03-07 23:01 +00:00: Starting AI War Room Extension initialization...
2025-03-07 23:01 +00:00: Agent config directory: ./agent-config
2025-03-07 23:01 +00:00: Agent service initialized successfully
2025-03-07 23:01 +00:00: API router mounted at /api/ai
2025-03-07 23:01 +00:00: Serving static files from: /root/code-server/dist/node/src/browser/pages
2025-03-07 23:01 +00:00: AI War Room extension initialized successfully
2025-03-07 23:01 +00:00: [2025-03-07T23:01:24.699Z] [AI-WARROOM] [INFO] AI War Room extension initialized
2025-03-07 23:01 +00:00: [2025-03-07T23:01:25.366Z] [AI-WARROOM] [INFO] Initializing AI agent service
2025-03-07 23:01 +00:00: [2025-03-07T23:01:25.372Z] [AI-WARROOM] [INFO] Server root path: /root/code-server/dist/node
2025-03-07 23:01 +00:00: Starting AI War Room Extension initialization...
2025-03-07 23:01 +00:00: Agent config directory: ./agent-config
2025-03-07 23:01 +00:00: Agent service initialized successfully
2025-03-07 23:01 +00:00: API router mounted at /api/ai
2025-03-07 23:01 +00:00: Serving static files from: /root/code-server/dist/node/src/browser/pages
2025-03-07 23:01 +00:00: AI War Room extension initialized successfully
2025-03-07 23:01 +00:00: [2025-03-07T23:01:25.388Z] [AI-WARROOM] [INFO] AI War Room extension initialized
2025-03-07 23:01 +00:00: [2025-03-07T23:01:25.994Z] [AI-WARROOM] [INFO] Initializing AI agent service
2025-03-07 23:01 +00:00: [2025-03-07T23:01:25.998Z] [AI-WARROOM] [INFO] Server root path: /root/code-server/dist/node
2025-03-07 23:01 +00:00: Starting AI War Room Extension initialization...
2025-03-07 23:01 +00:00: Agent config directory: ./agent-config
2025-03-07 23:01 +00:00: Agent service initialized successfully
2025-03-07 23:01 +00:00: API router mounted at /api/ai
2025-03-07 23:01 +00:00: Serving static files from: /root/code-server/dist/node/src/browser/pages
2025-03-07 23:01 +00:00: AI War Room extension initialized successfully
2025-03-07 23:01 +00:00: [2025-03-07T23:01:26.003Z] [AI-WARROOM] [INFO] AI War Room extension initialized
2025-03-07 23:01 +00:00: [2025-03-07T23:01:26.581Z] [AI-WARROOM] [INFO] Initializing AI agent service
2025-03-07 23:01 +00:00: [2025-03-07T23:01:26.584Z] [AI-WARROOM] [INFO] Server root path: /root/code-server/dist/node
2025-03-07 23:01 +00:00: Starting AI War Room Extension initialization...
2025-03-07 23:01 +00:00: Agent config directory: ./agent-config
2025-03-07 23:01 +00:00: Agent service initialized successfully
2025-03-07 23:01 +00:00: API router mounted at /api/ai
2025-03-07 23:01 +00:00: Serving static files from: /root/code-server/dist/node/src/browser/pages
2025-03-07 23:01 +00:00: AI War Room extension initialized successfully
2025-03-07 23:01 +00:00: [2025-03-07T23:01:26.592Z] [AI-WARROOM] [INFO] AI War Room extension initialized
2025-03-07 23:01 +00:00: [2025-03-07T23:01:27.230Z] [AI-WARROOM] [INFO] Initializing AI agent service
2025-03-07 23:01 +00:00: [2025-03-07T23:01:27.233Z] [AI-WARROOM] [INFO] Server root path: /root/code-server/dist/node
2025-03-07 23:01 +00:00: Starting AI War Room Extension initialization...
2025-03-07 23:01 +00:00: Agent config directory: ./agent-config
2025-03-07 23:01 +00:00: Agent service initialized successfully
2025-03-07 23:01 +00:00: API router mounted at /api/ai
2025-03-07 23:01 +00:00: Serving static files from: /root/code-server/dist/node/src/browser/pages
2025-03-07 23:01 +00:00: AI War Room extension initialized successfully
2025-03-07 23:01 +00:00: [2025-03-07T23:01:27.243Z] [AI-WARROOM] [INFO] AI War Room extension initialized
2025-03-07 23:01 +00:00: [2025-03-07T23:01:27.796Z] [AI-WARROOM] [INFO] Initializing AI agent service
2025-03-07 23:01 +00:00: [2025-03-07T23:01:27.799Z] [AI-WARROOM] [INFO] Server root path: /root/code-server/dist/node
2025-03-07 23:01 +00:00: Starting AI War Room Extension initialization...
2025-03-07 23:01 +00:00: Agent config directory: ./agent-config
2025-03-07 23:01 +00:00: Agent service initialized successfully
2025-03-07 23:01 +00:00: API router mounted at /api/ai
2025-03-07 23:01 +00:00: Serving static files from: /root/code-server/dist/node/src/browser/pages
2025-03-07 23:01 +00:00: AI War Room extension initialized successfully
2025-03-07 23:01 +00:00: [2025-03-07T23:01:27.810Z] [AI-WARROOM] [INFO] AI War Room extension initialized
2025-03-07 23:01 +00:00: [2025-03-07T23:01:28.412Z] [AI-WARROOM] [INFO] Initializing AI agent service
2025-03-07 23:01 +00:00: [2025-03-07T23:01:28.414Z] [AI-WARROOM] [INFO] Server root path: /root/code-server/dist/node
2025-03-07 23:01 +00:00: Starting AI War Room Extension initialization...
2025-03-07 23:01 +00:00: Agent config directory: ./agent-config
2025-03-07 23:01 +00:00: Agent service initialized successfully
2025-03-07 23:01 +00:00: API router mounted at /api/ai
2025-03-07 23:01 +00:00: Serving static files from: /root/code-server/dist/node/src/browser/pages
2025-03-07 23:01 +00:00: AI War Room extension initialized successfully
2025-03-07 23:01 +00:00: [2025-03-07T23:01:28.419Z] [AI-WARROOM] [INFO] AI War Room extension initialized
2025-03-07 23:01 +00:00: [2025-03-07T23:01:29.002Z] [AI-WARROOM] [INFO] Initializing AI agent service
2025-03-07 23:01 +00:00: [2025-03-07T23:01:29.004Z] [AI-WARROOM] [INFO] Server root path: /root/code-server/dist/node
2025-03-07 23:01 +00:00: Starting AI War Room Extension initialization...
2025-03-07 23:01 +00:00: Agent config directory: ./agent-config
2025-03-07 23:01 +00:00: Agent service initialized successfully
2025-03-07 23:01 +00:00: API router mounted at /api/ai
2025-03-07 23:01 +00:00: Serving static files from: /root/code-server/dist/node/src/browser/pages
2025-03-07 23:01 +00:00: AI War Room extension initialized successfully
2025-03-07 23:01 +00:00: [2025-03-07T23:01:29.012Z] [AI-WARROOM] [INFO] AI War Room extension initialized
2025-03-07 23:01 +00:00: [2025-03-07T23:01:29.712Z] [AI-WARROOM] [INFO] Initializing AI agent service
2025-03-07 23:01 +00:00: [2025-03-07T23:01:29.716Z] [AI-WARROOM] [INFO] Server root path: /root/code-server/dist/node
2025-03-07 23:01 +00:00: Starting AI War Room Extension initialization...
2025-03-07 23:01 +00:00: Agent config directory: ./agent-config
2025-03-07 23:01 +00:00: Agent service initialized successfully
2025-03-07 23:01 +00:00: API router mounted at /api/ai
2025-03-07 23:01 +00:00: Serving static files from: /root/code-server/dist/node/src/browser/pages
2025-03-07 23:01 +00:00: AI War Room extension initialized successfully
2025-03-07 23:01 +00:00: [2025-03-07T23:01:29.722Z] [AI-WARROOM] [INFO] AI War Room extension initialized
2025-03-07 23:01 +00:00: [2025-03-07T23:01:30.392Z] [AI-WARROOM] [INFO] Initializing AI agent service
2025-03-07 23:01 +00:00: [2025-03-07T23:01:30.395Z] [AI-WARROOM] [INFO] Server root path: /root/code-server/dist/node
2025-03-07 23:01 +00:00: Starting AI War Room Extension initialization...
2025-03-07 23:01 +00:00: Agent config directory: ./agent-config
2025-03-07 23:01 +00:00: Agent service initialized successfully
2025-03-07 23:01 +00:00: API router mounted at /api/ai
2025-03-07 23:01 +00:00: Serving static files from: /root/code-server/dist/node/src/browser/pages
2025-03-07 23:01 +00:00: AI War Room extension initialized successfully
2025-03-07 23:01 +00:00: [2025-03-07T23:01:30.417Z] [AI-WARROOM] [INFO] AI War Room extension initialized
2025-03-07 23:01 +00:00: [2025-03-07T23:01:31.044Z] [AI-WARROOM] [INFO] Initializing AI agent service
2025-03-07 23:01 +00:00: [2025-03-07T23:01:31.047Z] [AI-WARROOM] [INFO] Server root path: /root/code-server/dist/node
2025-03-07 23:01 +00:00: Starting AI War Room Extension initialization...
2025-03-07 23:01 +00:00: Agent config directory: ./agent-config
2025-03-07 23:01 +00:00: Agent service initialized successfully
2025-03-07 23:01 +00:00: API router mounted at /api/ai
2025-03-07 23:01 +00:00: Serving static files from: /root/code-server/dist/node/src/browser/pages
2025-03-07 23:01 +00:00: AI War Room extension initialized successfully
2025-03-07 23:01 +00:00: [2025-03-07T23:01:31.051Z] [AI-WARROOM] [INFO] AI War Room extension initialized
2025-03-07 23:01 +00:00: [2025-03-07T23:01:31.626Z] [AI-WARROOM] [INFO] Initializing AI agent service
2025-03-07 23:01 +00:00: [2025-03-07T23:01:31.631Z] [AI-WARROOM] [INFO] Server root path: /root/code-server/dist/node
2025-03-07 23:01 +00:00: Starting AI War Room Extension initialization...
2025-03-07 23:01 +00:00: Agent config directory: ./agent-config
2025-03-07 23:01 +00:00: Agent service initialized successfully
2025-03-07 23:01 +00:00: API router mounted at /api/ai
2025-03-07 23:01 +00:00: Serving static files from: /root/code-server/dist/node/src/browser/pages
2025-03-07 23:01 +00:00: AI War Room extension initialized successfully
2025-03-07 23:01 +00:00: [2025-03-07T23:01:31.636Z] [AI-WARROOM] [INFO] AI War Room extension initialized
2025-03-07 23:01 +00:00: [2025-03-07T23:01:32.246Z] [AI-WARROOM] [INFO] Initializing AI agent service
2025-03-07 23:01 +00:00: [2025-03-07T23:01:32.248Z] [AI-WARROOM] [INFO] Server root path: /root/code-server/dist/node
2025-03-07 23:01 +00:00: Starting AI War Room Extension initialization...
2025-03-07 23:01 +00:00: Agent config directory: ./agent-config
2025-03-07 23:01 +00:00: Agent service initialized successfully
2025-03-07 23:01 +00:00: API router mounted at /api/ai
2025-03-07 23:01 +00:00: Serving static files from: /root/code-server/dist/node/src/browser/pages
2025-03-07 23:01 +00:00: AI War Room extension initialized successfully
2025-03-07 23:01 +00:00: [2025-03-07T23:01:32.254Z] [AI-WARROOM] [INFO] AI War Room extension initialized
2025-03-07 23:01 +00:00: [2025-03-07T23:01:32.837Z] [AI-WARROOM] [INFO] Initializing AI agent service
2025-03-07 23:01 +00:00: [2025-03-07T23:01:32.840Z] [AI-WARROOM] [INFO] Server root path: /root/code-server/dist/node
2025-03-07 23:01 +00:00: Starting AI War Room Extension initialization...
2025-03-07 23:01 +00:00: Agent config directory: ./agent-config
2025-03-07 23:01 +00:00: Agent service initialized successfully
2025-03-07 23:01 +00:00: API router mounted at /api/ai
2025-03-07 23:01 +00:00: Serving static files from: /root/code-server/dist/node/src/browser/pages
2025-03-07 23:01 +00:00: AI War Room extension initialized successfully
2025-03-07 23:01 +00:00: [2025-03-07T23:01:32.845Z] [AI-WARROOM] [INFO] AI War Room extension initialized
2025-03-07 23:01 +00:00: [2025-03-07T23:01:33.435Z] [AI-WARROOM] [INFO] Initializing AI agent service
2025-03-07 23:01 +00:00: [2025-03-07T23:01:33.444Z] [AI-WARROOM] [INFO] Server root path: /root/code-server/dist/node
2025-03-07 23:01 +00:00: Starting AI War Room Extension initialization...
2025-03-07 23:01 +00:00: Agent config directory: ./agent-config
2025-03-07 23:01 +00:00: Agent service initialized successfully
2025-03-07 23:01 +00:00: API router mounted at /api/ai
2025-03-07 23:01 +00:00: Serving static files from: /root/code-server/dist/node/src/browser/pages
2025-03-07 23:01 +00:00: AI War Room extension initialized successfully
2025-03-07 23:01 +00:00: [2025-03-07T23:01:33.457Z] [AI-WARROOM] [INFO] AI War Room extension initialized
2025-03-07 23:01 +00:00: [2025-03-07T23:01:34.005Z] [AI-WARROOM] [INFO] Initializing AI agent service
2025-03-07 23:01 +00:00: [2025-03-07T23:01:34.008Z] [AI-WARROOM] [INFO] Server root path: /root/code-server/dist/node
2025-03-07 23:01 +00:00: Starting AI War Room Extension initialization...
2025-03-07 23:01 +00:00: Agent config directory: ./agent-config
2025-03-07 23:01 +00:00: Agent service initialized successfully
2025-03-07 23:01 +00:00: API router mounted at /api/ai
2025-03-07 23:01 +00:00: Serving static files from: /root/code-server/dist/node/src/browser/pages
2025-03-07 23:01 +00:00: AI War Room extension initialized successfully
2025-03-07 23:01 +00:00: [2025-03-07T23:01:34.019Z] [AI-WARROOM] [INFO] AI War Room extension initialized
2025-03-07 23:01 +00:00: [2025-03-07T23:01:34.583Z] [AI-WARROOM] [INFO] Initializing AI agent service
2025-03-07 23:01 +00:00: [2025-03-07T23:01:34.588Z] [AI-WARROOM] [INFO] Server root path: /root/code-server/dist/node
2025-03-07 23:01 +00:00: Starting AI War Room Extension initialization...
2025-03-07 23:01 +00:00: Agent config directory: ./agent-config
2025-03-07 23:01 +00:00: Agent service initialized successfully
2025-03-07 23:01 +00:00: API router mounted at /api/ai
2025-03-07 23:01 +00:00: Serving static files from: /root/code-server/dist/node/src/browser/pages
2025-03-07 23:01 +00:00: AI War Room extension initialized successfully
2025-03-07 23:01 +00:00: [2025-03-07T23:01:34.603Z] [AI-WARROOM] [INFO] AI War Room extension initialized
2025-03-07 23:01 +00:00: [2025-03-07T23:01:35.230Z] [AI-WARROOM] [INFO] Initializing AI agent service
2025-03-07 23:01 +00:00: [2025-03-07T23:01:35.233Z] [AI-WARROOM] [INFO] Server root path: /root/code-server/dist/node
2025-03-07 23:01 +00:00: Starting AI War Room Extension initialization...
2025-03-07 23:01 +00:00: Agent config directory: ./agent-config
2025-03-07 23:01 +00:00: Agent service initialized successfully
2025-03-07 23:01 +00:00: API router mounted at /api/ai
2025-03-07 23:01 +00:00: Serving static files from: /root/code-server/dist/node/src/browser/pages
2025-03-07 23:01 +00:00: AI War Room extension initialized successfully
2025-03-07 23:01 +00:00: [2025-03-07T23:01:35.245Z] [AI-WARROOM] [INFO] AI War Room extension initialized
2025-03-07 23:01 +00:00: [2025-03-07T23:01:35.799Z] [AI-WARROOM] [INFO] Initializing AI agent service
2025-03-07 23:01 +00:00: [2025-03-07T23:01:35.802Z] [AI-WARROOM] [INFO] Server root path: /root/code-server/dist/node
2025-03-07 23:01 +00:00: Starting AI War Room Extension initialization...
2025-03-07 23:01 +00:00: Agent config directory: ./agent-config
2025-03-07 23:01 +00:00: Agent service initialized successfully
2025-03-07 23:01 +00:00: API router mounted at /api/ai
2025-03-07 23:01 +00:00: Serving static files from: /root/code-server/dist/node/src/browser/pages
2025-03-07 23:01 +00:00: AI War Room extension initialized successfully
2025-03-07 23:01 +00:00: [2025-03-07T23:01:35.810Z] [AI-WARROOM] [INFO] AI War Room extension initialized
2025-03-07 23:01 +00:00: [2025-03-07T23:01:36.442Z] [AI-WARROOM] [INFO] Initializing AI agent service
2025-03-07 23:01 +00:00: [2025-03-07T23:01:36.445Z] [AI-WARROOM] [INFO] Server root path: /root/code-server/dist/node
2025-03-07 23:01 +00:00: Starting AI War Room Extension initialization...
2025-03-07 23:01 +00:00: Agent config directory: ./agent-config
2025-03-07 23:01 +00:00: Agent service initialized successfully
2025-03-07 23:01 +00:00: API router mounted at /api/ai
2025-03-07 23:01 +00:00: Serving static files from: /root/code-server/dist/node/src/browser/pages
2025-03-07 23:01 +00:00: AI War Room extension initialized successfully
2025-03-07 23:01 +00:00: [2025-03-07T23:01:36.449Z] [AI-WARROOM] [INFO] AI War Room extension initialized
2025-03-07 23:01 +00:00: [2025-03-07T23:01:37.011Z] [AI-WARROOM] [INFO] Initializing AI agent service
2025-03-07 23:01 +00:00: [2025-03-07T23:01:37.014Z] [AI-WARROOM] [INFO] Server root path: /root/code-server/dist/node
2025-03-07 23:01 +00:00: Starting AI War Room Extension initialization...
2025-03-07 23:01 +00:00: Agent config directory: ./agent-config
2025-03-07 23:01 +00:00: Agent service initialized successfully
2025-03-07 23:01 +00:00: API router mounted at /api/ai
2025-03-07 23:01 +00:00: Serving static files from: /root/code-server/dist/node/src/browser/pages
2025-03-07 23:01 +00:00: AI War Room extension initialized successfully
2025-03-07 23:01 +00:00: [2025-03-07T23:01:37.018Z] [AI-WARROOM] [INFO] AI War Room extension initialized
2025-03-07 23:01 +00:00: [2025-03-07T23:01:37.827Z] [AI-WARROOM] [INFO] Initializing AI agent service
2025-03-07 23:01 +00:00: [2025-03-07T23:01:37.837Z] [AI-WARROOM] [INFO] Server root path: /root/code-server/dist/node
2025-03-07 23:01 +00:00: Starting AI War Room Extension initialization...
2025-03-07 23:01 +00:00: Agent config directory: ./agent-config
2025-03-07 23:01 +00:00: Agent service initialized successfully
2025-03-07 23:01 +00:00: API router mounted at /api/ai
2025-03-07 23:01 +00:00: Serving static files from: /root/code-server/dist/node/src/browser/pages
2025-03-07 23:01 +00:00: AI War Room extension initialized successfully
2025-03-07 23:01 +00:00: [2025-03-07T23:01:37.842Z] [AI-WARROOM] [INFO] AI War Room extension initialized
2025-03-07 23:01 +00:00: [2025-03-07T23:01:38.537Z] [AI-WARROOM] [INFO] Initializing AI agent service
2025-03-07 23:01 +00:00: [2025-03-07T23:01:38.542Z] [AI-WARROOM] [INFO] Server root path: /root/code-server/dist/node
2025-03-07 23:01 +00:00: Starting AI War Room Extension initialization...
2025-03-07 23:01 +00:00: Agent config directory: ./agent-config
2025-03-07 23:01 +00:00: Agent service initialized successfully
2025-03-07 23:01 +00:00: API router mounted at /api/ai
2025-03-07 23:01 +00:00: Serving static files from: /root/code-server/dist/node/src/browser/pages
2025-03-07 23:01 +00:00: AI War Room extension initialized successfully
2025-03-07 23:01 +00:00: [2025-03-07T23:01:38.547Z] [AI-WARROOM] [INFO] AI War Room extension initialized
2025-03-07 23:01 +00:00: [2025-03-07T23:01:39.119Z] [AI-WARROOM] [INFO] Initializing AI agent service
2025-03-07 23:01 +00:00: [2025-03-07T23:01:39.125Z] [AI-WARROOM] [INFO] Server root path: /root/code-server/dist/node
2025-03-07 23:01 +00:00: Starting AI War Room Extension initialization...
2025-03-07 23:01 +00:00: Agent config directory: ./agent-config
2025-03-07 23:01 +00:00: Agent service initialized successfully
2025-03-07 23:01 +00:00: API router mounted at /api/ai
2025-03-07 23:01 +00:00: Serving static files from: /root/code-server/dist/node/src/browser/pages
2025-03-07 23:01 +00:00: AI War Room extension initialized successfully
2025-03-07 23:01 +00:00: [2025-03-07T23:01:39.142Z] [AI-WARROOM] [INFO] AI War Room extension initialized
2025-03-07 23:01 +00:00: [2025-03-07T23:01:39.678Z] [AI-WARROOM] [INFO] Initializing AI agent service
2025-03-07 23:01 +00:00: [2025-03-07T23:01:39.682Z] [AI-WARROOM] [INFO] Server root path: /root/code-server/dist/node
2025-03-07 23:01 +00:00: Starting AI War Room Extension initialization...
2025-03-07 23:01 +00:00: Agent config directory: ./agent-config
2025-03-07 23:01 +00:00: Agent service initialized successfully
2025-03-07 23:01 +00:00: API router mounted at /api/ai
2025-03-07 23:01 +00:00: Serving static files from: /root/code-server/dist/node/src/browser/pages
2025-03-07 23:01 +00:00: AI War Room extension initialized successfully
2025-03-07 23:01 +00:00: [2025-03-07T23:01:39.696Z] [AI-WARROOM] [INFO] AI War Room extension initialized
2025-03-07 23:01 +00:00: [2025-03-07T23:01:40.327Z] [AI-WARROOM] [INFO] Initializing AI agent service
2025-03-07 23:01 +00:00: [2025-03-07T23:01:40.329Z] [AI-WARROOM] [INFO] Server root path: /root/code-server/dist/node
2025-03-07 23:01 +00:00: Starting AI War Room Extension initialization...
2025-03-07 23:01 +00:00: Agent config directory: ./agent-config
2025-03-07 23:01 +00:00: Agent service initialized successfully
2025-03-07 23:01 +00:00: API router mounted at /api/ai
2025-03-07 23:01 +00:00: Serving static files from: /root/code-server/dist/node/src/browser/pages
2025-03-07 23:01 +00:00: AI War Room extension initialized successfully
2025-03-07 23:01 +00:00: [2025-03-07T23:01:40.335Z] [AI-WARROOM] [INFO] AI War Room extension initialized
2025-03-07 23:01 +00:00: [2025-03-07T23:01:40.879Z] [AI-WARROOM] [INFO] Initializing AI agent service
2025-03-07 23:01 +00:00: [2025-03-07T23:01:40.881Z] [AI-WARROOM] [INFO] Server root path: /root/code-server/dist/node
2025-03-07 23:01 +00:00: Starting AI War Room Extension initialization...
2025-03-07 23:01 +00:00: Agent config directory: ./agent-config
2025-03-07 23:01 +00:00: Agent service initialized successfully
2025-03-07 23:01 +00:00: API router mounted at /api/ai
2025-03-07 23:01 +00:00: Serving static files from: /root/code-server/dist/node/src/browser/pages
2025-03-07 23:01 +00:00: AI War Room extension initialized successfully
2025-03-07 23:01 +00:00: [2025-03-07T23:01:40.886Z] [AI-WARROOM] [INFO] AI War Room extension initialized
2025-03-07 23:01 +00:00: [2025-03-07T23:01:41.462Z] [AI-WARROOM] [INFO] Initializing AI agent service
2025-03-07 23:01 +00:00: [2025-03-07T23:01:41.464Z] [AI-WARROOM] [INFO] Server root path: /root/code-server/dist/node
2025-03-07 23:01 +00:00: Starting AI War Room Extension initialization...
2025-03-07 23:01 +00:00: Agent config directory: ./agent-config
2025-03-07 23:01 +00:00: Agent service initialized successfully
2025-03-07 23:01 +00:00: API router mounted at /api/ai
2025-03-07 23:01 +00:00: Serving static files from: /root/code-server/dist/node/src/browser/pages
2025-03-07 23:01 +00:00: AI War Room extension initialized successfully
2025-03-07 23:01 +00:00: [2025-03-07T23:01:41.469Z] [AI-WARROOM] [INFO] AI War Room extension initialized
2025-03-07 23:01 +00:00: [2025-03-07T23:01:42.025Z] [AI-WARROOM] [INFO] Initializing AI agent service
2025-03-07 23:01 +00:00: [2025-03-07T23:01:42.036Z] [AI-WARROOM] [INFO] Server root path: /root/code-server/dist/node
2025-03-07 23:01 +00:00: Starting AI War Room Extension initialization...
2025-03-07 23:01 +00:00: Agent config directory: ./agent-config
2025-03-07 23:01 +00:00: Agent service initialized successfully
2025-03-07 23:01 +00:00: API router mounted at /api/ai
2025-03-07 23:01 +00:00: Serving static files from: /root/code-server/dist/node/src/browser/pages
2025-03-07 23:01 +00:00: AI War Room extension initialized successfully
2025-03-07 23:01 +00:00: [2025-03-07T23:01:42.055Z] [AI-WARROOM] [INFO] AI War Room extension initialized
2025-03-07 23:01 +00:00: [2025-03-07T23:01:42.586Z] [AI-WARROOM] [INFO] Initializing AI agent service
2025-03-07 23:01 +00:00: [2025-03-07T23:01:42.588Z] [AI-WARROOM] [INFO] Server root path: /root/code-server/dist/node
2025-03-07 23:01 +00:00: Starting AI War Room Extension initialization...
2025-03-07 23:01 +00:00: Agent config directory: ./agent-config
2025-03-07 23:01 +00:00: Agent service initialized successfully
2025-03-07 23:01 +00:00: API router mounted at /api/ai
2025-03-07 23:01 +00:00: Serving static files from: /root/code-server/dist/node/src/browser/pages
2025-03-07 23:01 +00:00: AI War Room extension initialized successfully
2025-03-07 23:01 +00:00: [2025-03-07T23:01:42.592Z] [AI-WARROOM] [INFO] AI War Room extension initialized
2025-03-07 23:01 +00:00: [2025-03-07T23:01:43.189Z] [AI-WARROOM] [INFO] Initializing AI agent service
2025-03-07 23:01 +00:00: [2025-03-07T23:01:43.192Z] [AI-WARROOM] [INFO] Server root path: /root/code-server/dist/node
2025-03-07 23:01 +00:00: Starting AI War Room Extension initialization...
2025-03-07 23:01 +00:00: Agent config directory: ./agent-config
2025-03-07 23:01 +00:00: Agent service initialized successfully
2025-03-07 23:01 +00:00: API router mounted at /api/ai
2025-03-07 23:01 +00:00: Serving static files from: /root/code-server/dist/node/src/browser/pages
2025-03-07 23:01 +00:00: AI War Room extension initialized successfully
2025-03-07 23:01 +00:00: [2025-03-07T23:01:43.203Z] [AI-WARROOM] [INFO] AI War Room extension initialized
2025-03-07 23:01 +00:00: [2025-03-07T23:01:43.781Z] [AI-WARROOM] [INFO] Initializing AI agent service
2025-03-07 23:01 +00:00: [2025-03-07T23:01:43.784Z] [AI-WARROOM] [INFO] Server root path: /root/code-server/dist/node
2025-03-07 23:01 +00:00: Starting AI War Room Extension initialization...
2025-03-07 23:01 +00:00: Agent config directory: ./agent-config
2025-03-07 23:01 +00:00: Agent service initialized successfully
2025-03-07 23:01 +00:00: API router mounted at /api/ai
2025-03-07 23:01 +00:00: Serving static files from: /root/code-server/dist/node/src/browser/pages
2025-03-07 23:01 +00:00: AI War Room extension initialized successfully
2025-03-07 23:01 +00:00: [2025-03-07T23:01:43.790Z] [AI-WARROOM] [INFO] AI War Room extension initialized
2025-03-07 23:01 +00:00: [2025-03-07T23:01:44.366Z] [AI-WARROOM] [INFO] Initializing AI agent service
2025-03-07 23:01 +00:00: [2025-03-07T23:01:44.370Z] [AI-WARROOM] [INFO] Server root path: /root/code-server/dist/node
2025-03-07 23:01 +00:00: Starting AI War Room Extension initialization...
2025-03-07 23:01 +00:00: Agent config directory: ./agent-config
2025-03-07 23:01 +00:00: Agent service initialized successfully
2025-03-07 23:01 +00:00: API router mounted at /api/ai
2025-03-07 23:01 +00:00: Serving static files from: /root/code-server/dist/node/src/browser/pages
2025-03-07 23:01 +00:00: AI War Room extension initialized successfully
2025-03-07 23:01 +00:00: [2025-03-07T23:01:44.377Z] [AI-WARROOM] [INFO] AI War Room extension initialized
2025-03-07 23:01 +00:00: [2025-03-07T23:01:45.022Z] [AI-WARROOM] [INFO] Initializing AI agent service
2025-03-07 23:01 +00:00: [2025-03-07T23:01:45.025Z] [AI-WARROOM] [INFO] Server root path: /root/code-server/dist/node
2025-03-07 23:01 +00:00: Starting AI War Room Extension initialization...
2025-03-07 23:01 +00:00: Agent config directory: ./agent-config
2025-03-07 23:01 +00:00: Agent service initialized successfully
2025-03-07 23:01 +00:00: API router mounted at /api/ai
2025-03-07 23:01 +00:00: Serving static files from: /root/code-server/dist/node/src/browser/pages
2025-03-07 23:01 +00:00: AI War Room extension initialized successfully
2025-03-07 23:01 +00:00: [2025-03-07T23:01:45.030Z] [AI-WARROOM] [INFO] AI War Room extension initialized
2025-03-07 23:01 +00:00: [2025-03-07T23:01:45.599Z] [AI-WARROOM] [INFO] Initializing AI agent service
2025-03-07 23:01 +00:00: [2025-03-07T23:01:45.603Z] [AI-WARROOM] [INFO] Server root path: /root/code-server/dist/node
2025-03-07 23:01 +00:00: Starting AI War Room Extension initialization...
2025-03-07 23:01 +00:00: Agent config directory: ./agent-config
2025-03-07 23:01 +00:00: Agent service initialized successfully
2025-03-07 23:01 +00:00: API router mounted at /api/ai
2025-03-07 23:01 +00:00: Serving static files from: /root/code-server/dist/node/src/browser/pages
2025-03-07 23:01 +00:00: AI War Room extension initialized successfully
2025-03-07 23:01 +00:00: [2025-03-07T23:01:45.608Z] [AI-WARROOM] [INFO] AI War Room extension initialized
2025-03-07 23:01 +00:00: [2025-03-07T23:01:46.244Z] [AI-WARROOM] [INFO] Initializing AI agent service
2025-03-07 23:01 +00:00: [2025-03-07T23:01:46.247Z] [AI-WARROOM] [INFO] Server root path: /root/code-server/dist/node
2025-03-07 23:01 +00:00: Starting AI War Room Extension initialization...
2025-03-07 23:01 +00:00: Agent config directory: ./agent-config
2025-03-07 23:01 +00:00: Agent service initialized successfully
2025-03-07 23:01 +00:00: API router mounted at /api/ai
2025-03-07 23:01 +00:00: Serving static files from: /root/code-server/dist/node/src/browser/pages
2025-03-07 23:01 +00:00: AI War Room extension initialized successfully
2025-03-07 23:01 +00:00: [2025-03-07T23:01:46.257Z] [AI-WARROOM] [INFO] AI War Room extension initialized
2025-03-07 23:01 +00:00: [2025-03-07T23:01:46.806Z] [AI-WARROOM] [INFO] Initializing AI agent service
2025-03-07 23:01 +00:00: [2025-03-07T23:01:46.808Z] [AI-WARROOM] [INFO] Server root path: /root/code-server/dist/node
2025-03-07 23:01 +00:00: Starting AI War Room Extension initialization...
2025-03-07 23:01 +00:00: Agent config directory: ./agent-config
2025-03-07 23:01 +00:00: Agent service initialized successfully
2025-03-07 23:01 +00:00: API router mounted at /api/ai
2025-03-07 23:01 +00:00: Serving static files from: /root/code-server/dist/node/src/browser/pages
2025-03-07 23:01 +00:00: AI War Room extension initialized successfully
2025-03-07 23:01 +00:00: [2025-03-07T23:01:46.827Z] [AI-WARROOM] [INFO] AI War Room extension initialized
2025-03-07 23:01 +00:00: [2025-03-07T23:01:47.352Z] [AI-WARROOM] [INFO] Initializing AI agent service
2025-03-07 23:01 +00:00: [2025-03-07T23:01:47.355Z] [AI-WARROOM] [INFO] Server root path: /root/code-server/dist/node
2025-03-07 23:01 +00:00: Starting AI War Room Extension initialization...
2025-03-07 23:01 +00:00: Agent config directory: ./agent-config
2025-03-07 23:01 +00:00: Agent service initialized successfully
2025-03-07 23:01 +00:00: API router mounted at /api/ai
2025-03-07 23:01 +00:00: Serving static files from: /root/code-server/dist/node/src/browser/pages
2025-03-07 23:01 +00:00: AI War Room extension initialized successfully
2025-03-07 23:01 +00:00: [2025-03-07T23:01:47.361Z] [AI-WARROOM] [INFO] AI War Room extension initialized
2025-03-07 23:01 +00:00: [2025-03-07T23:01:47.929Z] [AI-WARROOM] [INFO] Initializing AI agent service
2025-03-07 23:01 +00:00: [2025-03-07T23:01:47.932Z] [AI-WARROOM] [INFO] Server root path: /root/code-server/dist/node
2025-03-07 23:01 +00:00: Starting AI War Room Extension initialization...
2025-03-07 23:01 +00:00: Agent config directory: ./agent-config
2025-03-07 23:01 +00:00: Agent service initialized successfully
2025-03-07 23:01 +00:00: API router mounted at /api/ai
2025-03-07 23:01 +00:00: Serving static files from: /root/code-server/dist/node/src/browser/pages
2025-03-07 23:01 +00:00: AI War Room extension initialized successfully
2025-03-07 23:01 +00:00: [2025-03-07T23:01:47.937Z] [AI-WARROOM] [INFO] AI War Room extension initialized
2025-03-07 23:01 +00:00: [2025-03-07T23:01:48.494Z] [AI-WARROOM] [INFO] Initializing AI agent service
2025-03-07 23:01 +00:00: [2025-03-07T23:01:48.500Z] [AI-WARROOM] [INFO] Server root path: /root/code-server/dist/node
2025-03-07 23:01 +00:00: Starting AI War Room Extension initialization...
2025-03-07 23:01 +00:00: Agent config directory: ./agent-config
2025-03-07 23:01 +00:00: Agent service initialized successfully
2025-03-07 23:01 +00:00: API router mounted at /api/ai
2025-03-07 23:01 +00:00: Serving static files from: /root/code-server/dist/node/src/browser/pages
2025-03-07 23:01 +00:00: AI War Room extension initialized successfully
2025-03-07 23:01 +00:00: [2025-03-07T23:01:48.506Z] [AI-WARROOM] [INFO] AI War Room extension initialized
2025-03-07 23:01 +00:00: [2025-03-07T23:01:49.112Z] [AI-WARROOM] [INFO] Initializing AI agent service
2025-03-07 23:01 +00:00: [2025-03-07T23:01:49.115Z] [AI-WARROOM] [INFO] Server root path: /root/code-server/dist/node
2025-03-07 23:01 +00:00: Starting AI War Room Extension initialization...
2025-03-07 23:01 +00:00: Agent config directory: ./agent-config
2025-03-07 23:01 +00:00: Agent service initialized successfully
2025-03-07 23:01 +00:00: API router mounted at /api/ai
2025-03-07 23:01 +00:00: Serving static files from: /root/code-server/dist/node/src/browser/pages
2025-03-07 23:01 +00:00: AI War Room extension initialized successfully
2025-03-07 23:01 +00:00: [2025-03-07T23:01:49.120Z] [AI-WARROOM] [INFO] AI War Room extension initialized
2025-03-07 23:01 +00:00: [2025-03-07T23:01:49.650Z] [AI-WARROOM] [INFO] Initializing AI agent service
2025-03-07 23:01 +00:00: [2025-03-07T23:01:49.653Z] [AI-WARROOM] [INFO] Server root path: /root/code-server/dist/node
2025-03-07 23:01 +00:00: Starting AI War Room Extension initialization...
2025-03-07 23:01 +00:00: Agent config directory: ./agent-config
2025-03-07 23:01 +00:00: Agent service initialized successfully
2025-03-07 23:01 +00:00: API router mounted at /api/ai
2025-03-07 23:01 +00:00: Serving static files from: /root/code-server/dist/node/src/browser/pages
2025-03-07 23:01 +00:00: AI War Room extension initialized successfully
2025-03-07 23:01 +00:00: [2025-03-07T23:01:49.659Z] [AI-WARROOM] [INFO] AI War Room extension initialized
2025-03-07 23:01 +00:00: [2025-03-07T23:01:50.250Z] [AI-WARROOM] [INFO] Initializing AI agent service
2025-03-07 23:01 +00:00: [2025-03-07T23:01:50.252Z] [AI-WARROOM] [INFO] Server root path: /root/code-server/dist/node
2025-03-07 23:01 +00:00: Starting AI War Room Extension initialization...
2025-03-07 23:01 +00:00: Agent config directory: ./agent-config
2025-03-07 23:01 +00:00: Agent service initialized successfully
2025-03-07 23:01 +00:00: API router mounted at /api/ai
2025-03-07 23:01 +00:00: Serving static files from: /root/code-server/dist/node/src/browser/pages
2025-03-07 23:01 +00:00: AI War Room extension initialized successfully
2025-03-07 23:01 +00:00: [2025-03-07T23:01:50.258Z] [AI-WARROOM] [INFO] AI War Room extension initialized
2025-03-07 23:01 +00:00: [2025-03-07T23:01:50.812Z] [AI-WARROOM] [INFO] Initializing AI agent service
2025-03-07 23:01 +00:00: [2025-03-07T23:01:50.814Z] [AI-WARROOM] [INFO] Server root path: /root/code-server/dist/node
2025-03-07 23:01 +00:00: Starting AI War Room Extension initialization...
2025-03-07 23:01 +00:00: Agent config directory: ./agent-config
2025-03-07 23:01 +00:00: Agent service initialized successfully
2025-03-07 23:01 +00:00: API router mounted at /api/ai
2025-03-07 23:01 +00:00: Serving static files from: /root/code-server/dist/node/src/browser/pages
2025-03-07 23:01 +00:00: AI War Room extension initialized successfully
2025-03-07 23:01 +00:00: [2025-03-07T23:01:50.819Z] [AI-WARROOM] [INFO] AI War Room extension initialized
2025-03-07 23:01 +00:00: [2025-03-07T23:01:51.419Z] [AI-WARROOM] [INFO] Initializing AI agent service
2025-03-07 23:01 +00:00: [2025-03-07T23:01:51.422Z] [AI-WARROOM] [INFO] Server root path: /root/code-server/dist/node
2025-03-07 23:01 +00:00: Starting AI War Room Extension initialization...
2025-03-07 23:01 +00:00: Agent config directory: ./agent-config
2025-03-07 23:01 +00:00: Agent service initialized successfully
2025-03-07 23:01 +00:00: API router mounted at /api/ai
2025-03-07 23:01 +00:00: Serving static files from: /root/code-server/dist/node/src/browser/pages
2025-03-07 23:01 +00:00: AI War Room extension initialized successfully
2025-03-07 23:01 +00:00: [2025-03-07T23:01:51.431Z] [AI-WARROOM] [INFO] AI War Room extension initialized
2025-03-07 23:01 +00:00: [2025-03-07T23:01:51.969Z] [AI-WARROOM] [INFO] Initializing AI agent service
2025-03-07 23:01 +00:00: [2025-03-07T23:01:51.971Z] [AI-WARROOM] [INFO] Server root path: /root/code-server/dist/node
2025-03-07 23:01 +00:00: Starting AI War Room Extension initialization...
2025-03-07 23:01 +00:00: Agent config directory: ./agent-config
2025-03-07 23:01 +00:00: Agent service initialized successfully
2025-03-07 23:01 +00:00: API router mounted at /api/ai
2025-03-07 23:01 +00:00: Serving static files from: /root/code-server/dist/node/src/browser/pages
2025-03-07 23:01 +00:00: AI War Room extension initialized successfully
2025-03-07 23:01 +00:00: [2025-03-07T23:01:51.975Z] [AI-WARROOM] [INFO] AI War Room extension initialized
2025-03-07 23:01 +00:00: [2025-03-07T23:01:52.560Z] [AI-WARROOM] [INFO] Initializing AI agent service
2025-03-07 23:01 +00:00: [2025-03-07T23:01:52.564Z] [AI-WARROOM] [INFO] Server root path: /root/code-server/dist/node
2025-03-07 23:01 +00:00: Starting AI War Room Extension initialization...
2025-03-07 23:01 +00:00: Agent config directory: ./agent-config
2025-03-07 23:01 +00:00: Agent service initialized successfully
2025-03-07 23:01 +00:00: API router mounted at /api/ai
2025-03-07 23:01 +00:00: Serving static files from: /root/code-server/dist/node/src/browser/pages
2025-03-07 23:01 +00:00: AI War Room extension initialized successfully
2025-03-07 23:01 +00:00: [2025-03-07T23:01:52.568Z] [AI-WARROOM] [INFO] AI War Room extension initialized
2025-03-07 23:01 +00:00: [2025-03-07T23:01:53.194Z] [AI-WARROOM] [INFO] Initializing AI agent service
2025-03-07 23:01 +00:00: [2025-03-07T23:01:53.199Z] [AI-WARROOM] [INFO] Server root path: /root/code-server/dist/node
2025-03-07 23:01 +00:00: Starting AI War Room Extension initialization...
2025-03-07 23:01 +00:00: Agent config directory: ./agent-config
2025-03-07 23:01 +00:00: Agent service initialized successfully
2025-03-07 23:01 +00:00: API router mounted at /api/ai
2025-03-07 23:01 +00:00: Serving static files from: /root/code-server/dist/node/src/browser/pages
2025-03-07 23:01 +00:00: AI War Room extension initialized successfully
2025-03-07 23:01 +00:00: [2025-03-07T23:01:53.208Z] [AI-WARROOM] [INFO] AI War Room extension initialized
2025-03-07 23:01 +00:00: [2025-03-07T23:01:53.768Z] [AI-WARROOM] [INFO] Initializing AI agent service
2025-03-07 23:01 +00:00: [2025-03-07T23:01:53.770Z] [AI-WARROOM] [INFO] Server root path: /root/code-server/dist/node
2025-03-07 23:01 +00:00: Starting AI War Room Extension initialization...
2025-03-07 23:01 +00:00: Agent config directory: ./agent-config
2025-03-07 23:01 +00:00: Agent service initialized successfully
2025-03-07 23:01 +00:00: API router mounted at /api/ai
2025-03-07 23:01 +00:00: Serving static files from: /root/code-server/dist/node/src/browser/pages
2025-03-07 23:01 +00:00: AI War Room extension initialized successfully
2025-03-07 23:01 +00:00: [2025-03-07T23:01:53.787Z] [AI-WARROOM] [INFO] AI War Room extension initialized
2025-03-07 23:01 +00:00: [2025-03-07T23:01:54.356Z] [AI-WARROOM] [INFO] Initializing AI agent service
2025-03-07 23:01 +00:00: [2025-03-07T23:01:54.358Z] [AI-WARROOM] [INFO] Server root path: /root/code-server/dist/node
2025-03-07 23:01 +00:00: Starting AI War Room Extension initialization...
2025-03-07 23:01 +00:00: Agent config directory: ./agent-config
2025-03-07 23:01 +00:00: Agent service initialized successfully
2025-03-07 23:01 +00:00: API router mounted at /api/ai
2025-03-07 23:01 +00:00: Serving static files from: /root/code-server/dist/node/src/browser/pages
2025-03-07 23:01 +00:00: AI War Room extension initialized successfully
2025-03-07 23:01 +00:00: [2025-03-07T23:01:54.362Z] [AI-WARROOM] [INFO] AI War Room extension initialized
2025-03-07 23:01 +00:00: [2025-03-07T23:01:54.894Z] [AI-WARROOM] [INFO] Initializing AI agent service
2025-03-07 23:01 +00:00: [2025-03-07T23:01:54.896Z] [AI-WARROOM] [INFO] Server root path: /root/code-server/dist/node
2025-03-07 23:01 +00:00: Starting AI War Room Extension initialization...
2025-03-07 23:01 +00:00: Agent config directory: ./agent-config
2025-03-07 23:01 +00:00: Agent service initialized successfully
2025-03-07 23:01 +00:00: API router mounted at /api/ai
2025-03-07 23:01 +00:00: Serving static files from: /root/code-server/dist/node/src/browser/pages
2025-03-07 23:01 +00:00: AI War Room extension initialized successfully
2025-03-07 23:01 +00:00: [2025-03-07T23:01:54.901Z] [AI-WARROOM] [INFO] AI War Room extension initialized
2025-03-07 23:01 +00:00: [2025-03-07T23:01:55.497Z] [AI-WARROOM] [INFO] Initializing AI agent service
2025-03-07 23:01 +00:00: [2025-03-07T23:01:55.500Z] [AI-WARROOM] [INFO] Server root path: /root/code-server/dist/node
2025-03-07 23:01 +00:00: Starting AI War Room Extension initialization...
2025-03-07 23:01 +00:00: Agent config directory: ./agent-config
2025-03-07 23:01 +00:00: Agent service initialized successfully
2025-03-07 23:01 +00:00: API router mounted at /api/ai
2025-03-07 23:01 +00:00: Serving static files from: /root/code-server/dist/node/src/browser/pages
2025-03-07 23:01 +00:00: AI War Room extension initialized successfully
2025-03-07 23:01 +00:00: [2025-03-07T23:01:55.510Z] [AI-WARROOM] [INFO] AI War Room extension initialized
2025-03-07 23:01 +00:00: [2025-03-07T23:01:56.156Z] [AI-WARROOM] [INFO] Initializing AI agent service
2025-03-07 23:01 +00:00: [2025-03-07T23:01:56.161Z] [AI-WARROOM] [INFO] Server root path: /root/code-server/dist/node
2025-03-07 23:01 +00:00: Starting AI War Room Extension initialization...
2025-03-07 23:01 +00:00: Agent config directory: ./agent-config
2025-03-07 23:01 +00:00: Agent service initialized successfully
2025-03-07 23:01 +00:00: API router mounted at /api/ai
2025-03-07 23:01 +00:00: Serving static files from: /root/code-server/dist/node/src/browser/pages
2025-03-07 23:01 +00:00: AI War Room extension initialized successfully
2025-03-07 23:01 +00:00: [2025-03-07T23:01:56.166Z] [AI-WARROOM] [INFO] AI War Room extension initialized
2025-03-07 23:01 +00:00: [2025-03-07T23:01:56.740Z] [AI-WARROOM] [INFO] Initializing AI agent service
2025-03-07 23:01 +00:00: [2025-03-07T23:01:56.742Z] [AI-WARROOM] [INFO] Server root path: /root/code-server/dist/node
2025-03-07 23:01 +00:00: Starting AI War Room Extension initialization...
2025-03-07 23:01 +00:00: Agent config directory: ./agent-config
2025-03-07 23:01 +00:00: Agent service initialized successfully
2025-03-07 23:01 +00:00: API router mounted at /api/ai
2025-03-07 23:01 +00:00: Serving static files from: /root/code-server/dist/node/src/browser/pages
2025-03-07 23:01 +00:00: AI War Room extension initialized successfully
2025-03-07 23:01 +00:00: [2025-03-07T23:01:56.751Z] [AI-WARROOM] [INFO] AI War Room extension initialized
2025-03-07 23:01 +00:00: [2025-03-07T23:01:57.358Z] [AI-WARROOM] [INFO] Initializing AI agent service
2025-03-07 23:01 +00:00: [2025-03-07T23:01:57.364Z] [AI-WARROOM] [INFO] Server root path: /root/code-server/dist/node
2025-03-07 23:01 +00:00: Starting AI War Room Extension initialization...
2025-03-07 23:01 +00:00: Agent config directory: ./agent-config
2025-03-07 23:01 +00:00: Agent service initialized successfully
2025-03-07 23:01 +00:00: API router mounted at /api/ai
2025-03-07 23:01 +00:00: Serving static files from: /root/code-server/dist/node/src/browser/pages
2025-03-07 23:01 +00:00: AI War Room extension initialized successfully
2025-03-07 23:01 +00:00: [2025-03-07T23:01:57.381Z] [AI-WARROOM] [INFO] AI War Room extension initialized
2025-03-07 23:01 +00:00: [2025-03-07T23:01:57.988Z] [AI-WARROOM] [INFO] Initializing AI agent service
2025-03-07 23:01 +00:00: [2025-03-07T23:01:57.991Z] [AI-WARROOM] [INFO] Server root path: /root/code-server/dist/node
2025-03-07 23:01 +00:00: Starting AI War Room Extension initialization...
2025-03-07 23:01 +00:00: Agent config directory: ./agent-config
2025-03-07 23:01 +00:00: Agent service initialized successfully
2025-03-07 23:01 +00:00: API router mounted at /api/ai
2025-03-07 23:01 +00:00: Serving static files from: /root/code-server/dist/node/src/browser/pages
2025-03-07 23:01 +00:00: AI War Room extension initialized successfully
2025-03-07 23:01 +00:00: [2025-03-07T23:01:57.996Z] [AI-WARROOM] [INFO] AI War Room extension initialized
2025-03-07 23:01 +00:00: [2025-03-07T23:01:59.086Z] [AI-WARROOM] [INFO] Initializing AI agent service
2025-03-07 23:01 +00:00: [2025-03-07T23:01:59.088Z] [AI-WARROOM] [INFO] Server root path: /root/code-server/dist/node
2025-03-07 23:01 +00:00: Starting AI War Room Extension initialization...
2025-03-07 23:01 +00:00: Agent config directory: ./agent-config
2025-03-07 23:01 +00:00: Agent service initialized successfully
2025-03-07 23:01 +00:00: API router mounted at /api/ai
2025-03-07 23:01 +00:00: Serving static files from: /root/code-server/dist/node/src/browser/pages
2025-03-07 23:01 +00:00: AI War Room extension initialized successfully
2025-03-07 23:01 +00:00: [2025-03-07T23:01:59.109Z] [AI-WARROOM] [INFO] AI War Room extension initialized
2025-03-07 23:01 +00:00: [2025-03-07T23:01:59.655Z] [AI-WARROOM] [INFO] Initializing AI agent service
2025-03-07 23:01 +00:00: [2025-03-07T23:01:59.658Z] [AI-WARROOM] [INFO] Server root path: /root/code-server/dist/node
2025-03-07 23:01 +00:00: Starting AI War Room Extension initialization...
2025-03-07 23:01 +00:00: Agent config directory: ./agent-config
2025-03-07 23:01 +00:00: Agent service initialized successfully
2025-03-07 23:01 +00:00: API router mounted at /api/ai
2025-03-07 23:01 +00:00: Serving static files from: /root/code-server/dist/node/src/browser/pages
2025-03-07 23:01 +00:00: AI War Room extension initialized successfully
2025-03-07 23:01 +00:00: [2025-03-07T23:01:59.664Z] [AI-WARROOM] [INFO] AI War Room extension initialized
2025-03-07 23:02 +00:00: [2025-03-07T23:02:00.487Z] [AI-WARROOM] [INFO] Initializing AI agent service
2025-03-07 23:02 +00:00: [2025-03-07T23:02:00.489Z] [AI-WARROOM] [INFO] Server root path: /root/code-server/dist/node
2025-03-07 23:02 +00:00: Starting AI War Room Extension initialization...
2025-03-07 23:02 +00:00: Agent config directory: ./agent-config
2025-03-07 23:02 +00:00: Agent service initialized successfully
2025-03-07 23:02 +00:00: API router mounted at /api/ai
2025-03-07 23:02 +00:00: Serving static files from: /root/code-server/dist/node/src/browser/pages
2025-03-07 23:02 +00:00: AI War Room extension initialized successfully
2025-03-07 23:02 +00:00: [2025-03-07T23:02:00.494Z] [AI-WARROOM] [INFO] AI War Room extension initialized
2025-03-07 23:02 +00:00: [2025-03-07T23:02:01.983Z] [AI-WARROOM] [INFO] Initializing AI agent service
2025-03-07 23:02 +00:00: [2025-03-07T23:02:01.992Z] [AI-WARROOM] [INFO] Server root path: /root/code-server/dist/node
2025-03-07 23:02 +00:00: Starting AI War Room Extension initialization...
2025-03-07 23:02 +00:00: Agent config directory: ./agent-config
2025-03-07 23:02 +00:00: Agent service initialized successfully
2025-03-07 23:02 +00:00: API router mounted at /api/ai
2025-03-07 23:02 +00:00: Serving static files from: /root/code-server/dist/node/src/browser/pages
2025-03-07 23:02 +00:00: AI War Room extension initialized successfully
2025-03-07 23:02 +00:00: [2025-03-07T23:02:01.997Z] [AI-WARROOM] [INFO] AI War Room extension initialized
2025-03-07 23:02 +00:00: [2025-03-07T23:02:02.723Z] [AI-WARROOM] [INFO] Initializing AI agent service
2025-03-07 23:02 +00:00: [2025-03-07T23:02:02.725Z] [AI-WARROOM] [INFO] Server root path: /root/code-server/dist/node
2025-03-07 23:02 +00:00: Starting AI War Room Extension initialization...
2025-03-07 23:02 +00:00: Agent config directory: ./agent-config
2025-03-07 23:02 +00:00: Agent service initialized successfully
2025-03-07 23:02 +00:00: API router mounted at /api/ai
2025-03-07 23:02 +00:00: Serving static files from: /root/code-server/dist/node/src/browser/pages
2025-03-07 23:02 +00:00: AI War Room extension initialized successfully
2025-03-07 23:02 +00:00: [2025-03-07T23:02:02.734Z] [AI-WARROOM] [INFO] AI War Room extension initialized
2025-03-07 23:02 +00:00: [2025-03-07T23:02:03.447Z] [AI-WARROOM] [INFO] Initializing AI agent service
2025-03-07 23:02 +00:00: [2025-03-07T23:02:03.452Z] [AI-WARROOM] [INFO] Server root path: /root/code-server/dist/node
2025-03-07 23:02 +00:00: Starting AI War Room Extension initialization...
2025-03-07 23:02 +00:00: Agent config directory: ./agent-config
2025-03-07 23:02 +00:00: Agent service initialized successfully
2025-03-07 23:02 +00:00: API router mounted at /api/ai
2025-03-07 23:02 +00:00: Serving static files from: /root/code-server/dist/node/src/browser/pages
2025-03-07 23:02 +00:00: AI War Room extension initialized successfully
2025-03-07 23:02 +00:00: [2025-03-07T23:02:03.458Z] [AI-WARROOM] [INFO] AI War Room extension initialized
2025-03-07 23:02 +00:00: [2025-03-07T23:02:04.194Z] [AI-WARROOM] [INFO] Initializing AI agent service
2025-03-07 23:02 +00:00: [2025-03-07T23:02:04.196Z] [AI-WARROOM] [INFO] Server root path: /root/code-server/dist/node
2025-03-07 23:02 +00:00: Starting AI War Room Extension initialization...
2025-03-07 23:02 +00:00: Agent config directory: ./agent-config
2025-03-07 23:02 +00:00: Agent service initialized successfully
2025-03-07 23:02 +00:00: API router mounted at /api/ai
2025-03-07 23:02 +00:00: Serving static files from: /root/code-server/dist/node/src/browser/pages
2025-03-07 23:02 +00:00: AI War Room extension initialized successfully
2025-03-07 23:02 +00:00: [2025-03-07T23:02:04.200Z] [AI-WARROOM] [INFO] AI War Room extension initialized
2025-03-07 23:02 +00:00: [2025-03-07T23:02:04.821Z] [AI-WARROOM] [INFO] Initializing AI agent service
2025-03-07 23:02 +00:00: [2025-03-07T23:02:04.824Z] [AI-WARROOM] [INFO] Server root path: /root/code-server/dist/node
2025-03-07 23:02 +00:00: Starting AI War Room Extension initialization...
2025-03-07 23:02 +00:00: Agent config directory: ./agent-config
2025-03-07 23:02 +00:00: Agent service initialized successfully
2025-03-07 23:02 +00:00: API router mounted at /api/ai
2025-03-07 23:02 +00:00: Serving static files from: /root/code-server/dist/node/src/browser/pages
2025-03-07 23:02 +00:00: AI War Room extension initialized successfully
2025-03-07 23:02 +00:00: [2025-03-07T23:02:04.838Z] [AI-WARROOM] [INFO] AI War Room extension initialized
2025-03-07 23:02 +00:00: [2025-03-07T23:02:05.547Z] [AI-WARROOM] [INFO] Initializing AI agent service
2025-03-07 23:02 +00:00: [2025-03-07T23:02:05.556Z] [AI-WARROOM] [INFO] Server root path: /root/code-server/dist/node
2025-03-07 23:02 +00:00: Starting AI War Room Extension initialization...
2025-03-07 23:02 +00:00: Agent config directory: ./agent-config
2025-03-07 23:02 +00:00: Agent service initialized successfully
2025-03-07 23:02 +00:00: API router mounted at /api/ai
2025-03-07 23:02 +00:00: Serving static files from: /root/code-server/dist/node/src/browser/pages
2025-03-07 23:02 +00:00: AI War Room extension initialized successfully
2025-03-07 23:02 +00:00: [2025-03-07T23:02:05.578Z] [AI-WARROOM] [INFO] AI War Room extension initialized
2025-03-07 23:02 +00:00: [2025-03-07T23:02:06.168Z] [AI-WARROOM] [INFO] Initializing AI agent service
2025-03-07 23:02 +00:00: [2025-03-07T23:02:06.170Z] [AI-WARROOM] [INFO] Server root path: /root/code-server/dist/node
2025-03-07 23:02 +00:00: Starting AI War Room Extension initialization...
2025-03-07 23:02 +00:00: Agent config directory: ./agent-config
2025-03-07 23:02 +00:00: Agent service initialized successfully
2025-03-07 23:02 +00:00: API router mounted at /api/ai
2025-03-07 23:02 +00:00: Serving static files from: /root/code-server/dist/node/src/browser/pages
2025-03-07 23:02 +00:00: AI War Room extension initialized successfully
2025-03-07 23:02 +00:00: [2025-03-07T23:02:06.175Z] [AI-WARROOM] [INFO] AI War Room extension initialized
2025-03-07 23:02 +00:00: [2025-03-07T23:02:06.734Z] [AI-WARROOM] [INFO] Initializing AI agent service
2025-03-07 23:02 +00:00: [2025-03-07T23:02:06.737Z] [AI-WARROOM] [INFO] Server root path: /root/code-server/dist/node
2025-03-07 23:02 +00:00: Starting AI War Room Extension initialization...
2025-03-07 23:02 +00:00: Agent config directory: ./agent-config
2025-03-07 23:02 +00:00: Agent service initialized successfully
2025-03-07 23:02 +00:00: API router mounted at /api/ai
2025-03-07 23:02 +00:00: Serving static files from: /root/code-server/dist/node/src/browser/pages
2025-03-07 23:02 +00:00: AI War Room extension initialized successfully
2025-03-07 23:02 +00:00: [2025-03-07T23:02:06.745Z] [AI-WARROOM] [INFO] AI War Room extension initialized
2025-03-07 23:02 +00:00: [2025-03-07T23:02:07.571Z] [AI-WARROOM] [INFO] Initializing AI agent service
2025-03-07 23:02 +00:00: [2025-03-07T23:02:07.578Z] [AI-WARROOM] [INFO] Server root path: /root/code-server/dist/node
2025-03-07 23:02 +00:00: Starting AI War Room Extension initialization...
2025-03-07 23:02 +00:00: Agent config directory: ./agent-config
2025-03-07 23:02 +00:00: Agent service initialized successfully
2025-03-07 23:02 +00:00: API router mounted at /api/ai
2025-03-07 23:02 +00:00: Serving static files from: /root/code-server/dist/node/src/browser/pages
2025-03-07 23:02 +00:00: AI War Room extension initialized successfully
2025-03-07 23:02 +00:00: [2025-03-07T23:02:07.590Z] [AI-WARROOM] [INFO] AI War Room extension initialized
2025-03-07 23:02 +00:00: [2025-03-07T23:02:08.413Z] [AI-WARROOM] [INFO] Initializing AI agent service
2025-03-07 23:02 +00:00: [2025-03-07T23:02:08.416Z] [AI-WARROOM] [INFO] Server root path: /root/code-server/dist/node
2025-03-07 23:02 +00:00: Starting AI War Room Extension initialization...
2025-03-07 23:02 +00:00: Agent config directory: ./agent-config
2025-03-07 23:02 +00:00: Agent service initialized successfully
2025-03-07 23:02 +00:00: API router mounted at /api/ai
2025-03-07 23:02 +00:00: Serving static files from: /root/code-server/dist/node/src/browser/pages
2025-03-07 23:02 +00:00: AI War Room extension initialized successfully
2025-03-07 23:02 +00:00: [2025-03-07T23:02:08.430Z] [AI-WARROOM] [INFO] AI War Room extension initialized
2025-03-07 23:02 +00:00: [2025-03-07T23:02:09.178Z] [AI-WARROOM] [INFO] Initializing AI agent service
2025-03-07 23:02 +00:00: [2025-03-07T23:02:09.183Z] [AI-WARROOM] [INFO] Server root path: /root/code-server/dist/node
2025-03-07 23:02 +00:00: Starting AI War Room Extension initialization...
2025-03-07 23:02 +00:00: Agent config directory: ./agent-config
2025-03-07 23:02 +00:00: Agent service initialized successfully
2025-03-07 23:02 +00:00: API router mounted at /api/ai
2025-03-07 23:02 +00:00: Serving static files from: /root/code-server/dist/node/src/browser/pages
2025-03-07 23:02 +00:00: AI War Room extension initialized successfully
2025-03-07 23:02 +00:00: [2025-03-07T23:02:09.195Z] [AI-WARROOM] [INFO] AI War Room extension initialized
2025-03-07 23:02 +00:00: [2025-03-07T23:02:10.128Z] [AI-WARROOM] [INFO] Initializing AI agent service
2025-03-07 23:02 +00:00: [2025-03-07T23:02:10.141Z] [AI-WARROOM] [INFO] Server root path: /root/code-server/dist/node
2025-03-07 23:02 +00:00: Starting AI War Room Extension initialization...
2025-03-07 23:02 +00:00: Agent config directory: ./agent-config
2025-03-07 23:02 +00:00: Agent service initialized successfully
2025-03-07 23:02 +00:00: API router mounted at /api/ai
2025-03-07 23:02 +00:00: Serving static files from: /root/code-server/dist/node/src/browser/pages
2025-03-07 23:02 +00:00: AI War Room extension initialized successfully
2025-03-07 23:02 +00:00: [2025-03-07T23:02:10.150Z] [AI-WARROOM] [INFO] AI War Room extension initialized
2025-03-07 23:02 +00:00: [2025-03-07T23:02:10.760Z] [AI-WARROOM] [INFO] Initializing AI agent service
2025-03-07 23:02 +00:00: [2025-03-07T23:02:10.763Z] [AI-WARROOM] [INFO] Server root path: /root/code-server/dist/node
2025-03-07 23:02 +00:00: Starting AI War Room Extension initialization...
2025-03-07 23:02 +00:00: Agent config directory: ./agent-config
2025-03-07 23:02 +00:00: Agent service initialized successfully
2025-03-07 23:02 +00:00: API router mounted at /api/ai
2025-03-07 23:02 +00:00: Serving static files from: /root/code-server/dist/node/src/browser/pages
2025-03-07 23:02 +00:00: AI War Room extension initialized successfully
2025-03-07 23:02 +00:00: [2025-03-07T23:02:10.767Z] [AI-WARROOM] [INFO] AI War Room extension initialized
2025-03-07 23:02 +00:00: [2025-03-07T23:02:11.333Z] [AI-WARROOM] [INFO] Initializing AI agent service
2025-03-07 23:02 +00:00: [2025-03-07T23:02:11.336Z] [AI-WARROOM] [INFO] Server root path: /root/code-server/dist/node
2025-03-07 23:02 +00:00: Starting AI War Room Extension initialization...
2025-03-07 23:02 +00:00: Agent config directory: ./agent-config
2025-03-07 23:02 +00:00: Agent service initialized successfully
2025-03-07 23:02 +00:00: API router mounted at /api/ai
2025-03-07 23:02 +00:00: Serving static files from: /root/code-server/dist/node/src/browser/pages
2025-03-07 23:02 +00:00: AI War Room extension initialized successfully
2025-03-07 23:02 +00:00: [2025-03-07T23:02:11.342Z] [AI-WARROOM] [INFO] AI War Room extension initialized
2025-03-07 23:02 +00:00: [2025-03-07T23:02:11.916Z] [AI-WARROOM] [INFO] Initializing AI agent service
2025-03-07 23:02 +00:00: [2025-03-07T23:02:11.919Z] [AI-WARROOM] [INFO] Server root path: /root/code-server/dist/node
2025-03-07 23:02 +00:00: Starting AI War Room Extension initialization...
2025-03-07 23:02 +00:00: Agent config directory: ./agent-config
2025-03-07 23:02 +00:00: Agent service initialized successfully
2025-03-07 23:02 +00:00: API router mounted at /api/ai
2025-03-07 23:02 +00:00: Serving static files from: /root/code-server/dist/node/src/browser/pages
2025-03-07 23:02 +00:00: AI War Room extension initialized successfully
2025-03-07 23:02 +00:00: [2025-03-07T23:02:11.924Z] [AI-WARROOM] [INFO] AI War Room extension initialized
2025-03-07 23:02 +00:00: [2025-03-07T23:02:12.534Z] [AI-WARROOM] [INFO] Initializing AI agent service
2025-03-07 23:02 +00:00: [2025-03-07T23:02:12.537Z] [AI-WARROOM] [INFO] Server root path: /root/code-server/dist/node
2025-03-07 23:02 +00:00: Starting AI War Room Extension initialization...
2025-03-07 23:02 +00:00: Agent config directory: ./agent-config
2025-03-07 23:02 +00:00: Agent service initialized successfully
2025-03-07 23:02 +00:00: API router mounted at /api/ai
2025-03-07 23:02 +00:00: Serving static files from: /root/code-server/dist/node/src/browser/pages
2025-03-07 23:02 +00:00: AI War Room extension initialized successfully
2025-03-07 23:02 +00:00: [2025-03-07T23:02:12.549Z] [AI-WARROOM] [INFO] AI War Room extension initialized
2025-03-07 23:02 +00:00: [2025-03-07T23:02:13.116Z] [AI-WARROOM] [INFO] Initializing AI agent service
2025-03-07 23:02 +00:00: [2025-03-07T23:02:13.120Z] [AI-WARROOM] [INFO] Server root path: /root/code-server/dist/node
2025-03-07 23:02 +00:00: Starting AI War Room Extension initialization...
2025-03-07 23:02 +00:00: Agent config directory: ./agent-config
2025-03-07 23:02 +00:00: Agent service initialized successfully
2025-03-07 23:02 +00:00: API router mounted at /api/ai
2025-03-07 23:02 +00:00: Serving static files from: /root/code-server/dist/node/src/browser/pages
2025-03-07 23:02 +00:00: AI War Room extension initialized successfully
2025-03-07 23:02 +00:00: [2025-03-07T23:02:13.150Z] [AI-WARROOM] [INFO] AI War Room extension initialized
2025-03-07 23:02 +00:00: [2025-03-07T23:02:13.680Z] [AI-WARROOM] [INFO] Initializing AI agent service
2025-03-07 23:02 +00:00: [2025-03-07T23:02:13.682Z] [AI-WARROOM] [INFO] Server root path: /root/code-server/dist/node
2025-03-07 23:02 +00:00: Starting AI War Room Extension initialization...
2025-03-07 23:02 +00:00: Agent config directory: ./agent-config
2025-03-07 23:02 +00:00: Agent service initialized successfully
2025-03-07 23:02 +00:00: API router mounted at /api/ai
2025-03-07 23:02 +00:00: Serving static files from: /root/code-server/dist/node/src/browser/pages
2025-03-07 23:02 +00:00: AI War Room extension initialized successfully
2025-03-07 23:02 +00:00: [2025-03-07T23:02:13.686Z] [AI-WARROOM] [INFO] AI War Room extension initialized
2025-03-07 23:02 +00:00: [2025-03-07T23:02:14.314Z] [AI-WARROOM] [INFO] Initializing AI agent service
2025-03-07 23:02 +00:00: [2025-03-07T23:02:14.317Z] [AI-WARROOM] [INFO] Server root path: /root/code-server/dist/node
2025-03-07 23:02 +00:00: Starting AI War Room Extension initialization...
2025-03-07 23:02 +00:00: Agent config directory: ./agent-config
2025-03-07 23:02 +00:00: Agent service initialized successfully
2025-03-07 23:02 +00:00: API router mounted at /api/ai
2025-03-07 23:02 +00:00: Serving static files from: /root/code-server/dist/node/src/browser/pages
2025-03-07 23:02 +00:00: AI War Room extension initialized successfully
2025-03-07 23:02 +00:00: [2025-03-07T23:02:14.323Z] [AI-WARROOM] [INFO] AI War Room extension initialized
2025-03-07 23:02 +00:00: [2025-03-07T23:02:14.928Z] [AI-WARROOM] [INFO] Initializing AI agent service
2025-03-07 23:02 +00:00: [2025-03-07T23:02:14.931Z] [AI-WARROOM] [INFO] Server root path: /root/code-server/dist/node
2025-03-07 23:02 +00:00: Starting AI War Room Extension initialization...
2025-03-07 23:02 +00:00: Agent config directory: ./agent-config
2025-03-07 23:02 +00:00: Agent service initialized successfully
2025-03-07 23:02 +00:00: API router mounted at /api/ai
2025-03-07 23:02 +00:00: Serving static files from: /root/code-server/dist/node/src/browser/pages
2025-03-07 23:02 +00:00: AI War Room extension initialized successfully
2025-03-07 23:02 +00:00: [2025-03-07T23:02:14.937Z] [AI-WARROOM] [INFO] AI War Room extension initialized
2025-03-07 23:02 +00:00: [2025-03-07T23:02:15.574Z] [AI-WARROOM] [INFO] Initializing AI agent service
2025-03-07 23:02 +00:00: [2025-03-07T23:02:15.577Z] [AI-WARROOM] [INFO] Server root path: /root/code-server/dist/node
2025-03-07 23:02 +00:00: Starting AI War Room Extension initialization...
2025-03-07 23:02 +00:00: Agent config directory: ./agent-config
2025-03-07 23:02 +00:00: Agent service initialized successfully
2025-03-07 23:02 +00:00: API router mounted at /api/ai
2025-03-07 23:02 +00:00: Serving static files from: /root/code-server/dist/node/src/browser/pages
2025-03-07 23:02 +00:00: AI War Room extension initialized successfully
2025-03-07 23:02 +00:00: [2025-03-07T23:02:15.591Z] [AI-WARROOM] [INFO] AI War Room extension initialized
2025-03-07 23:02 +00:00: [2025-03-07T23:02:16.343Z] [AI-WARROOM] [INFO] Initializing AI agent service
2025-03-07 23:02 +00:00: [2025-03-07T23:02:16.346Z] [AI-WARROOM] [INFO] Server root path: /root/code-server/dist/node
2025-03-07 23:02 +00:00: Starting AI War Room Extension initialization...
2025-03-07 23:02 +00:00: Agent config directory: ./agent-config
2025-03-07 23:02 +00:00: Agent service initialized successfully
2025-03-07 23:02 +00:00: API router mounted at /api/ai
2025-03-07 23:02 +00:00: Serving static files from: /root/code-server/dist/node/src/browser/pages
2025-03-07 23:02 +00:00: AI War Room extension initialized successfully
2025-03-07 23:02 +00:00: [2025-03-07T23:02:16.352Z] [AI-WARROOM] [INFO] AI War Room extension initialized
2025-03-07 23:02 +00:00: [2025-03-07T23:02:16.953Z] [AI-WARROOM] [INFO] Initializing AI agent service
2025-03-07 23:02 +00:00: [2025-03-07T23:02:16.963Z] [AI-WARROOM] [INFO] Server root path: /root/code-server/dist/node
2025-03-07 23:02 +00:00: Starting AI War Room Extension initialization...
2025-03-07 23:02 +00:00: Agent config directory: ./agent-config
2025-03-07 23:02 +00:00: Agent service initialized successfully
2025-03-07 23:02 +00:00: API router mounted at /api/ai
2025-03-07 23:02 +00:00: Serving static files from: /root/code-server/dist/node/src/browser/pages
2025-03-07 23:02 +00:00: AI War Room extension initialized successfully
2025-03-07 23:02 +00:00: [2025-03-07T23:02:16.979Z] [AI-WARROOM] [INFO] AI War Room extension initialized
2025-03-07 23:02 +00:00: [2025-03-07T23:02:17.660Z] [AI-WARROOM] [INFO] Initializing AI agent service
2025-03-07 23:02 +00:00: [2025-03-07T23:02:17.669Z] [AI-WARROOM] [INFO] Server root path: /root/code-server/dist/node
2025-03-07 23:02 +00:00: Starting AI War Room Extension initialization...
2025-03-07 23:02 +00:00: Agent config directory: ./agent-config
2025-03-07 23:02 +00:00: Agent service initialized successfully
2025-03-07 23:02 +00:00: API router mounted at /api/ai
2025-03-07 23:02 +00:00: Serving static files from: /root/code-server/dist/node/src/browser/pages
2025-03-07 23:02 +00:00: AI War Room extension initialized successfully
2025-03-07 23:02 +00:00: [2025-03-07T23:02:17.679Z] [AI-WARROOM] [INFO] AI War Room extension initialized
2025-03-07 23:02 +00:00: [2025-03-07T23:02:18.438Z] [AI-WARROOM] [INFO] Initializing AI agent service
2025-03-07 23:02 +00:00: [2025-03-07T23:02:18.440Z] [AI-WARROOM] [INFO] Server root path: /root/code-server/dist/node
2025-03-07 23:02 +00:00: Starting AI War Room Extension initialization...
2025-03-07 23:02 +00:00: Agent config directory: ./agent-config
2025-03-07 23:02 +00:00: Agent service initialized successfully
2025-03-07 23:02 +00:00: API router mounted at /api/ai
2025-03-07 23:02 +00:00: Serving static files from: /root/code-server/dist/node/src/browser/pages
2025-03-07 23:02 +00:00: AI War Room extension initialized successfully
2025-03-07 23:02 +00:00: [2025-03-07T23:02:18.445Z] [AI-WARROOM] [INFO] AI War Room extension initialized
2025-03-07 23:02 +00:00: [2025-03-07T23:02:19.331Z] [AI-WARROOM] [INFO] Initializing AI agent service
2025-03-07 23:02 +00:00: [2025-03-07T23:02:19.333Z] [AI-WARROOM] [INFO] Server root path: /root/code-server/dist/node
2025-03-07 23:02 +00:00: Starting AI War Room Extension initialization...
2025-03-07 23:02 +00:00: Agent config directory: ./agent-config
2025-03-07 23:02 +00:00: Agent service initialized successfully
2025-03-07 23:02 +00:00: API router mounted at /api/ai
2025-03-07 23:02 +00:00: Serving static files from: /root/code-server/dist/node/src/browser/pages
2025-03-07 23:02 +00:00: AI War Room extension initialized successfully
2025-03-07 23:02 +00:00: [2025-03-07T23:02:19.345Z] [AI-WARROOM] [INFO] AI War Room extension initialized
2025-03-07 23:02 +00:00: [2025-03-07T23:02:20.327Z] [AI-WARROOM] [INFO] Initializing AI agent service
2025-03-07 23:02 +00:00: [2025-03-07T23:02:20.358Z] [AI-WARROOM] [INFO] Server root path: /root/code-server/dist/node
2025-03-07 23:02 +00:00: Starting AI War Room Extension initialization...
2025-03-07 23:02 +00:00: Agent config directory: ./agent-config
2025-03-07 23:02 +00:00: Agent service initialized successfully
2025-03-07 23:02 +00:00: API router mounted at /api/ai
2025-03-07 23:02 +00:00: Serving static files from: /root/code-server/dist/node/src/browser/pages
2025-03-07 23:02 +00:00: AI War Room extension initialized successfully
2025-03-07 23:02 +00:00: [2025-03-07T23:02:20.366Z] [AI-WARROOM] [INFO] AI War Room extension initialized
2025-03-07 23:02 +00:00: [2025-03-07T23:02:21.317Z] [AI-WARROOM] [INFO] Initializing AI agent service
2025-03-07 23:02 +00:00: [2025-03-07T23:02:21.323Z] [AI-WARROOM] [INFO] Server root path: /root/code-server/dist/node
2025-03-07 23:02 +00:00: Starting AI War Room Extension initialization...
2025-03-07 23:02 +00:00: Agent config directory: ./agent-config
2025-03-07 23:02 +00:00: Agent service initialized successfully
2025-03-07 23:02 +00:00: API router mounted at /api/ai
2025-03-07 23:02 +00:00: Serving static files from: /root/code-server/dist/node/src/browser/pages
2025-03-07 23:02 +00:00: AI War Room extension initialized successfully
2025-03-07 23:02 +00:00: [2025-03-07T23:02:21.329Z] [AI-WARROOM] [INFO] AI War Room extension initialized
2025-03-07 23:02 +00:00: [2025-03-07T23:02:22.189Z] [AI-WARROOM] [INFO] Initializing AI agent service
2025-03-07 23:02 +00:00: [2025-03-07T23:02:22.198Z] [AI-WARROOM] [INFO] Server root path: /root/code-server/dist/node
2025-03-07 23:02 +00:00: Starting AI War Room Extension initialization...
2025-03-07 23:02 +00:00: Agent config directory: ./agent-config
2025-03-07 23:02 +00:00: Agent service initialized successfully
2025-03-07 23:02 +00:00: API router mounted at /api/ai
2025-03-07 23:02 +00:00: Serving static files from: /root/code-server/dist/node/src/browser/pages
2025-03-07 23:02 +00:00: AI War Room extension initialized successfully
2025-03-07 23:02 +00:00: [2025-03-07T23:02:22.223Z] [AI-WARROOM] [INFO] AI War Room extension initialized
2025-03-07 23:02 +00:00: [2025-03-07T23:02:23.225Z] [AI-WARROOM] [INFO] Initializing AI agent service
2025-03-07 23:02 +00:00: [2025-03-07T23:02:23.237Z] [AI-WARROOM] [INFO] Server root path: /root/code-server/dist/node
2025-03-07 23:02 +00:00: Starting AI War Room Extension initialization...
2025-03-07 23:02 +00:00: Agent config directory: ./agent-config
2025-03-07 23:02 +00:00: Agent service initialized successfully
2025-03-07 23:02 +00:00: API router mounted at /api/ai
2025-03-07 23:02 +00:00: Serving static files from: /root/code-server/dist/node/src/browser/pages
2025-03-07 23:02 +00:00: AI War Room extension initialized successfully
2025-03-07 23:02 +00:00: [2025-03-07T23:02:23.242Z] [AI-WARROOM] [INFO] AI War Room extension initialized
2025-03-07 23:02 +00:00: [2025-03-07T23:02:24.233Z] [AI-WARROOM] [INFO] Initializing AI agent service
2025-03-07 23:02 +00:00: [2025-03-07T23:02:24.241Z] [AI-WARROOM] [INFO] Server root path: /root/code-server/dist/node
2025-03-07 23:02 +00:00: Starting AI War Room Extension initialization...
2025-03-07 23:02 +00:00: Agent config directory: ./agent-config
2025-03-07 23:02 +00:00: Agent service initialized successfully
2025-03-07 23:02 +00:00: API router mounted at /api/ai
2025-03-07 23:02 +00:00: Serving static files from: /root/code-server/dist/node/src/browser/pages
2025-03-07 23:02 +00:00: AI War Room extension initialized successfully
2025-03-07 23:02 +00:00: [2025-03-07T23:02:24.251Z] [AI-WARROOM] [INFO] AI War Room extension initialized
2025-03-07 23:02 +00:00: [2025-03-07T23:02:26.316Z] [AI-WARROOM] [INFO] Initializing AI agent service
2025-03-07 23:02 +00:00: [2025-03-07T23:02:26.318Z] [AI-WARROOM] [INFO] Server root path: /root/code-server/dist/node
2025-03-07 23:02 +00:00: Starting AI War Room Extension initialization...
2025-03-07 23:02 +00:00: Agent config directory: ./agent-config
2025-03-07 23:02 +00:00: Agent service initialized successfully
2025-03-07 23:02 +00:00: API router mounted at /api/ai
2025-03-07 23:02 +00:00: Serving static files from: /root/code-server/dist/node/src/browser/pages
2025-03-07 23:02 +00:00: AI War Room extension initialized successfully
2025-03-07 23:02 +00:00: [2025-03-07T23:02:26.323Z] [AI-WARROOM] [INFO] AI War Room extension initialized
2025-03-07 23:02 +00:00: [2025-03-07T23:02:26.901Z] [AI-WARROOM] [INFO] Initializing AI agent service
2025-03-07 23:02 +00:00: [2025-03-07T23:02:26.908Z] [AI-WARROOM] [INFO] Server root path: /root/code-server/dist/node
2025-03-07 23:02 +00:00: Starting AI War Room Extension initialization...
2025-03-07 23:02 +00:00: Agent config directory: ./agent-config
2025-03-07 23:02 +00:00: Agent service initialized successfully
2025-03-07 23:02 +00:00: API router mounted at /api/ai
2025-03-07 23:02 +00:00: Serving static files from: /root/code-server/dist/node/src/browser/pages
2025-03-07 23:02 +00:00: AI War Room extension initialized successfully
2025-03-07 23:02 +00:00: [2025-03-07T23:02:26.916Z] [AI-WARROOM] [INFO] AI War Room extension initialized
2025-03-07 23:02 +00:00: [2025-03-07T23:02:27.496Z] [AI-WARROOM] [INFO] Initializing AI agent service
2025-03-07 23:02 +00:00: [2025-03-07T23:02:27.498Z] [AI-WARROOM] [INFO] Server root path: /root/code-server/dist/node
2025-03-07 23:02 +00:00: Starting AI War Room Extension initialization...
2025-03-07 23:02 +00:00: Agent config directory: ./agent-config
2025-03-07 23:02 +00:00: Agent service initialized successfully
2025-03-07 23:02 +00:00: API router mounted at /api/ai
2025-03-07 23:02 +00:00: Serving static files from: /root/code-server/dist/node/src/browser/pages
2025-03-07 23:02 +00:00: AI War Room extension initialized successfully
2025-03-07 23:02 +00:00: [2025-03-07T23:02:27.502Z] [AI-WARROOM] [INFO] AI War Room extension initialized
2025-03-07 23:02 +00:00: [2025-03-07T23:02:28.056Z] [AI-WARROOM] [INFO] Initializing AI agent service
2025-03-07 23:02 +00:00: [2025-03-07T23:02:28.058Z] [AI-WARROOM] [INFO] Server root path: /root/code-server/dist/node
2025-03-07 23:02 +00:00: Starting AI War Room Extension initialization...
2025-03-07 23:02 +00:00: Agent config directory: ./agent-config
2025-03-07 23:02 +00:00: Agent service initialized successfully
2025-03-07 23:02 +00:00: API router mounted at /api/ai
2025-03-07 23:02 +00:00: Serving static files from: /root/code-server/dist/node/src/browser/pages
2025-03-07 23:02 +00:00: AI War Room extension initialized successfully
2025-03-07 23:02 +00:00: [2025-03-07T23:02:28.064Z] [AI-WARROOM] [INFO] AI War Room extension initialized
2025-03-07 23:02 +00:00: [2025-03-07T23:02:28.577Z] [AI-WARROOM] [INFO] Initializing AI agent service
2025-03-07 23:02 +00:00: [2025-03-07T23:02:28.585Z] [AI-WARROOM] [INFO] Server root path: /root/code-server/dist/node
2025-03-07 23:02 +00:00: Starting AI War Room Extension initialization...
2025-03-07 23:02 +00:00: Agent config directory: ./agent-config
2025-03-07 23:02 +00:00: Agent service initialized successfully
2025-03-07 23:02 +00:00: API router mounted at /api/ai
2025-03-07 23:02 +00:00: Serving static files from: /root/code-server/dist/node/src/browser/pages
2025-03-07 23:02 +00:00: AI War Room extension initialized successfully
2025-03-07 23:02 +00:00: [2025-03-07T23:02:28.600Z] [AI-WARROOM] [INFO] AI War Room extension initialized
2025-03-07 23:02 +00:00: [2025-03-07T23:02:29.135Z] [AI-WARROOM] [INFO] Initializing AI agent service
2025-03-07 23:02 +00:00: [2025-03-07T23:02:29.137Z] [AI-WARROOM] [INFO] Server root path: /root/code-server/dist/node
2025-03-07 23:02 +00:00: Starting AI War Room Extension initialization...
2025-03-07 23:02 +00:00: Agent config directory: ./agent-config
2025-03-07 23:02 +00:00: Agent service initialized successfully
2025-03-07 23:02 +00:00: API router mounted at /api/ai
2025-03-07 23:02 +00:00: Serving static files from: /root/code-server/dist/node/src/browser/pages
2025-03-07 23:02 +00:00: AI War Room extension initialized successfully
2025-03-07 23:02 +00:00: [2025-03-07T23:02:29.146Z] [AI-WARROOM] [INFO] AI War Room extension initialized
2025-03-07 23:02 +00:00: [2025-03-07T23:02:29.722Z] [AI-WARROOM] [INFO] Initializing AI agent service
2025-03-07 23:02 +00:00: [2025-03-07T23:02:29.725Z] [AI-WARROOM] [INFO] Server root path: /root/code-server/dist/node
2025-03-07 23:02 +00:00: Starting AI War Room Extension initialization...
2025-03-07 23:02 +00:00: Agent config directory: ./agent-config
2025-03-07 23:02 +00:00: Agent service initialized successfully
2025-03-07 23:02 +00:00: API router mounted at /api/ai
2025-03-07 23:02 +00:00: Serving static files from: /root/code-server/dist/node/src/browser/pages
2025-03-07 23:02 +00:00: AI War Room extension initialized successfully
2025-03-07 23:02 +00:00: [2025-03-07T23:02:29.736Z] [AI-WARROOM] [INFO] AI War Room extension initialized
2025-03-07 23:02 +00:00: [2025-03-07T23:02:30.383Z] [AI-WARROOM] [INFO] Initializing AI agent service
2025-03-07 23:02 +00:00: [2025-03-07T23:02:30.386Z] [AI-WARROOM] [INFO] Server root path: /root/code-server/dist/node
2025-03-07 23:02 +00:00: Starting AI War Room Extension initialization...
2025-03-07 23:02 +00:00: Agent config directory: ./agent-config
2025-03-07 23:02 +00:00: Agent service initialized successfully
2025-03-07 23:02 +00:00: API router mounted at /api/ai
2025-03-07 23:02 +00:00: Serving static files from: /root/code-server/dist/node/src/browser/pages
2025-03-07 23:02 +00:00: AI War Room extension initialized successfully
2025-03-07 23:02 +00:00: [2025-03-07T23:02:30.396Z] [AI-WARROOM] [INFO] AI War Room extension initialized
2025-03-07 23:02 +00:00: [2025-03-07T23:02:30.968Z] [AI-WARROOM] [INFO] Initializing AI agent service
2025-03-07 23:02 +00:00: [2025-03-07T23:02:30.971Z] [AI-WARROOM] [INFO] Server root path: /root/code-server/dist/node
2025-03-07 23:02 +00:00: Starting AI War Room Extension initialization...
2025-03-07 23:02 +00:00: Agent config directory: ./agent-config
2025-03-07 23:02 +00:00: Agent service initialized successfully
2025-03-07 23:02 +00:00: API router mounted at /api/ai
2025-03-07 23:02 +00:00: Serving static files from: /root/code-server/dist/node/src/browser/pages
2025-03-07 23:02 +00:00: AI War Room extension initialized successfully
2025-03-07 23:02 +00:00: [2025-03-07T23:02:30.976Z] [AI-WARROOM] [INFO] AI War Room extension initialized
2025-03-07 23:02 +00:00: [2025-03-07T23:02:31.526Z] [AI-WARROOM] [INFO] Initializing AI agent service
2025-03-07 23:02 +00:00: [2025-03-07T23:02:31.534Z] [AI-WARROOM] [INFO] Server root path: /root/code-server/dist/node
2025-03-07 23:02 +00:00: Starting AI War Room Extension initialization...
2025-03-07 23:02 +00:00: Agent config directory: ./agent-config
2025-03-07 23:02 +00:00: Agent service initialized successfully
2025-03-07 23:02 +00:00: API router mounted at /api/ai
2025-03-07 23:02 +00:00: Serving static files from: /root/code-server/dist/node/src/browser/pages
2025-03-07 23:02 +00:00: AI War Room extension initialized successfully
2025-03-07 23:02 +00:00: [2025-03-07T23:02:31.541Z] [AI-WARROOM] [INFO] AI War Room extension initialized
2025-03-07 23:02 +00:00: [2025-03-07T23:02:32.095Z] [AI-WARROOM] [INFO] Initializing AI agent service
2025-03-07 23:02 +00:00: [2025-03-07T23:02:32.097Z] [AI-WARROOM] [INFO] Server root path: /root/code-server/dist/node
2025-03-07 23:02 +00:00: Starting AI War Room Extension initialization...
2025-03-07 23:02 +00:00: Agent config directory: ./agent-config
2025-03-07 23:02 +00:00: Agent service initialized successfully
2025-03-07 23:02 +00:00: API router mounted at /api/ai
2025-03-07 23:02 +00:00: Serving static files from: /root/code-server/dist/node/src/browser/pages
2025-03-07 23:02 +00:00: AI War Room extension initialized successfully
2025-03-07 23:02 +00:00: [2025-03-07T23:02:32.104Z] [AI-WARROOM] [INFO] AI War Room extension initialized
2025-03-07 23:02 +00:00: [2025-03-07T23:02:32.678Z] [AI-WARROOM] [INFO] Initializing AI agent service
2025-03-07 23:02 +00:00: [2025-03-07T23:02:32.682Z] [AI-WARROOM] [INFO] Server root path: /root/code-server/dist/node
2025-03-07 23:02 +00:00: Starting AI War Room Extension initialization...
2025-03-07 23:02 +00:00: Agent config directory: ./agent-config
2025-03-07 23:02 +00:00: Agent service initialized successfully
2025-03-07 23:02 +00:00: API router mounted at /api/ai
2025-03-07 23:02 +00:00: Serving static files from: /root/code-server/dist/node/src/browser/pages
2025-03-07 23:02 +00:00: AI War Room extension initialized successfully
2025-03-07 23:02 +00:00: [2025-03-07T23:02:32.697Z] [AI-WARROOM] [INFO] AI War Room extension initialized
2025-03-07 23:02 +00:00: [2025-03-07T23:02:33.253Z] [AI-WARROOM] [INFO] Initializing AI agent service
2025-03-07 23:02 +00:00: [2025-03-07T23:02:33.255Z] [AI-WARROOM] [INFO] Server root path: /root/code-server/dist/node
2025-03-07 23:02 +00:00: Starting AI War Room Extension initialization...
2025-03-07 23:02 +00:00: Agent config directory: ./agent-config
2025-03-07 23:02 +00:00: Agent service initialized successfully
2025-03-07 23:02 +00:00: API router mounted at /api/ai
2025-03-07 23:02 +00:00: Serving static files from: /root/code-server/dist/node/src/browser/pages
2025-03-07 23:02 +00:00: AI War Room extension initialized successfully
2025-03-07 23:02 +00:00: [2025-03-07T23:02:33.261Z] [AI-WARROOM] [INFO] AI War Room extension initialized
2025-03-07 23:02 +00:00: [2025-03-07T23:02:33.817Z] [AI-WARROOM] [INFO] Initializing AI agent service
2025-03-07 23:02 +00:00: [2025-03-07T23:02:33.819Z] [AI-WARROOM] [INFO] Server root path: /root/code-server/dist/node
2025-03-07 23:02 +00:00: Starting AI War Room Extension initialization...
2025-03-07 23:02 +00:00: Agent config directory: ./agent-config
2025-03-07 23:02 +00:00: Agent service initialized successfully
2025-03-07 23:02 +00:00: API router mounted at /api/ai
2025-03-07 23:02 +00:00: Serving static files from: /root/code-server/dist/node/src/browser/pages
2025-03-07 23:02 +00:00: AI War Room extension initialized successfully
2025-03-07 23:02 +00:00: [2025-03-07T23:02:33.824Z] [AI-WARROOM] [INFO] AI War Room extension initialized
2025-03-07 23:02 +00:00: [2025-03-07T23:02:34.381Z] [AI-WARROOM] [INFO] Initializing AI agent service
2025-03-07 23:02 +00:00: [2025-03-07T23:02:34.384Z] [AI-WARROOM] [INFO] Server root path: /root/code-server/dist/node
2025-03-07 23:02 +00:00: Starting AI War Room Extension initialization...
2025-03-07 23:02 +00:00: Agent config directory: ./agent-config
2025-03-07 23:02 +00:00: Agent service initialized successfully
2025-03-07 23:02 +00:00: API router mounted at /api/ai
2025-03-07 23:02 +00:00: Serving static files from: /root/code-server/dist/node/src/browser/pages
2025-03-07 23:02 +00:00: AI War Room extension initialized successfully
2025-03-07 23:02 +00:00: [2025-03-07T23:02:34.389Z] [AI-WARROOM] [INFO] AI War Room extension initialized
2025-03-07 23:02 +00:00: [2025-03-07T23:02:34.970Z] [AI-WARROOM] [INFO] Initializing AI agent service
2025-03-07 23:02 +00:00: [2025-03-07T23:02:34.973Z] [AI-WARROOM] [INFO] Server root path: /root/code-server/dist/node
2025-03-07 23:02 +00:00: Starting AI War Room Extension initialization...
2025-03-07 23:02 +00:00: Agent config directory: ./agent-config
2025-03-07 23:02 +00:00: Agent service initialized successfully
2025-03-07 23:02 +00:00: API router mounted at /api/ai
2025-03-07 23:02 +00:00: Serving static files from: /root/code-server/dist/node/src/browser/pages
2025-03-07 23:02 +00:00: AI War Room extension initialized successfully
2025-03-07 23:02 +00:00: [2025-03-07T23:02:34.980Z] [AI-WARROOM] [INFO] AI War Room extension initialized
2025-03-07 23:02 +00:00: [2025-03-07T23:02:35.623Z] [AI-WARROOM] [INFO] Initializing AI agent service
2025-03-07 23:02 +00:00: [2025-03-07T23:02:35.627Z] [AI-WARROOM] [INFO] Server root path: /root/code-server/dist/node
2025-03-07 23:02 +00:00: Starting AI War Room Extension initialization...
2025-03-07 23:02 +00:00: Agent config directory: ./agent-config
2025-03-07 23:02 +00:00: Agent service initialized successfully
2025-03-07 23:02 +00:00: API router mounted at /api/ai
2025-03-07 23:02 +00:00: Serving static files from: /root/code-server/dist/node/src/browser/pages
2025-03-07 23:02 +00:00: AI War Room extension initialized successfully
2025-03-07 23:02 +00:00: [2025-03-07T23:02:35.632Z] [AI-WARROOM] [INFO] AI War Room extension initialized
2025-03-07 23:02 +00:00: [2025-03-07T23:02:36.224Z] [AI-WARROOM] [INFO] Initializing AI agent service
2025-03-07 23:02 +00:00: [2025-03-07T23:02:36.229Z] [AI-WARROOM] [INFO] Server root path: /root/code-server/dist/node
2025-03-07 23:02 +00:00: Starting AI War Room Extension initialization...
2025-03-07 23:02 +00:00: Agent config directory: ./agent-config
2025-03-07 23:02 +00:00: Agent service initialized successfully
2025-03-07 23:02 +00:00: API router mounted at /api/ai
2025-03-07 23:02 +00:00: Serving static files from: /root/code-server/dist/node/src/browser/pages
2025-03-07 23:02 +00:00: AI War Room extension initialized successfully
2025-03-07 23:02 +00:00: [2025-03-07T23:02:36.240Z] [AI-WARROOM] [INFO] AI War Room extension initialized
2025-03-07 23:02 +00:00: [2025-03-07T23:02:36.806Z] [AI-WARROOM] [INFO] Initializing AI agent service
2025-03-07 23:02 +00:00: [2025-03-07T23:02:36.812Z] [AI-WARROOM] [INFO] Server root path: /root/code-server/dist/node
2025-03-07 23:02 +00:00: Starting AI War Room Extension initialization...
2025-03-07 23:02 +00:00: Agent config directory: ./agent-config
2025-03-07 23:02 +00:00: Agent service initialized successfully
2025-03-07 23:02 +00:00: API router mounted at /api/ai
2025-03-07 23:02 +00:00: Serving static files from: /root/code-server/dist/node/src/browser/pages
2025-03-07 23:02 +00:00: AI War Room extension initialized successfully
2025-03-07 23:02 +00:00: [2025-03-07T23:02:36.832Z] [AI-WARROOM] [INFO] AI War Room extension initialized
2025-03-07 23:02 +00:00: [2025-03-07T23:02:37.407Z] [AI-WARROOM] [INFO] Initializing AI agent service
2025-03-07 23:02 +00:00: [2025-03-07T23:02:37.410Z] [AI-WARROOM] [INFO] Server root path: /root/code-server/dist/node
2025-03-07 23:02 +00:00: Starting AI War Room Extension initialization...
2025-03-07 23:02 +00:00: Agent config directory: ./agent-config
2025-03-07 23:02 +00:00: Agent service initialized successfully
2025-03-07 23:02 +00:00: API router mounted at /api/ai
2025-03-07 23:02 +00:00: Serving static files from: /root/code-server/dist/node/src/browser/pages
2025-03-07 23:02 +00:00: AI War Room extension initialized successfully
2025-03-07 23:02 +00:00: [2025-03-07T23:02:37.417Z] [AI-WARROOM] [INFO] AI War Room extension initialized
2025-03-07 23:02 +00:00: [2025-03-07T23:02:38.068Z] [AI-WARROOM] [INFO] Initializing AI agent service
2025-03-07 23:02 +00:00: [2025-03-07T23:02:38.071Z] [AI-WARROOM] [INFO] Server root path: /root/code-server/dist/node
2025-03-07 23:02 +00:00: Starting AI War Room Extension initialization...
2025-03-07 23:02 +00:00: Agent config directory: ./agent-config
2025-03-07 23:02 +00:00: Agent service initialized successfully
2025-03-07 23:02 +00:00: API router mounted at /api/ai
2025-03-07 23:02 +00:00: Serving static files from: /root/code-server/dist/node/src/browser/pages
2025-03-07 23:02 +00:00: AI War Room extension initialized successfully
2025-03-07 23:02 +00:00: [2025-03-07T23:02:38.079Z] [AI-WARROOM] [INFO] AI War Room extension initialized
2025-03-07 23:02 +00:00: [2025-03-07T23:02:38.660Z] [AI-WARROOM] [INFO] Initializing AI agent service
2025-03-07 23:02 +00:00: [2025-03-07T23:02:38.662Z] [AI-WARROOM] [INFO] Server root path: /root/code-server/dist/node
2025-03-07 23:02 +00:00: Starting AI War Room Extension initialization...
2025-03-07 23:02 +00:00: Agent config directory: ./agent-config
2025-03-07 23:02 +00:00: Agent service initialized successfully
2025-03-07 23:02 +00:00: API router mounted at /api/ai
2025-03-07 23:02 +00:00: Serving static files from: /root/code-server/dist/node/src/browser/pages
2025-03-07 23:02 +00:00: AI War Room extension initialized successfully
2025-03-07 23:02 +00:00: [2025-03-07T23:02:38.666Z] [AI-WARROOM] [INFO] AI War Room extension initialized
2025-03-07 23:02 +00:00: [2025-03-07T23:02:39.270Z] [AI-WARROOM] [INFO] Initializing AI agent service
2025-03-07 23:02 +00:00: [2025-03-07T23:02:39.273Z] [AI-WARROOM] [INFO] Server root path: /root/code-server/dist/node
2025-03-07 23:02 +00:00: Starting AI War Room Extension initialization...
2025-03-07 23:02 +00:00: Agent config directory: ./agent-config
2025-03-07 23:02 +00:00: Agent service initialized successfully
2025-03-07 23:02 +00:00: API router mounted at /api/ai
2025-03-07 23:02 +00:00: Serving static files from: /root/code-server/dist/node/src/browser/pages
2025-03-07 23:02 +00:00: AI War Room extension initialized successfully
2025-03-07 23:02 +00:00: [2025-03-07T23:02:39.281Z] [AI-WARROOM] [INFO] AI War Room extension initialized
2025-03-07 23:02 +00:00: [2025-03-07T23:02:39.870Z] [AI-WARROOM] [INFO] Initializing AI agent service
2025-03-07 23:02 +00:00: [2025-03-07T23:02:39.872Z] [AI-WARROOM] [INFO] Server root path: /root/code-server/dist/node
2025-03-07 23:02 +00:00: Starting AI War Room Extension initialization...
2025-03-07 23:02 +00:00: Agent config directory: ./agent-config
2025-03-07 23:02 +00:00: Agent service initialized successfully
2025-03-07 23:02 +00:00: API router mounted at /api/ai
2025-03-07 23:02 +00:00: Serving static files from: /root/code-server/dist/node/src/browser/pages
2025-03-07 23:02 +00:00: AI War Room extension initialized successfully
2025-03-07 23:02 +00:00: [2025-03-07T23:02:39.878Z] [AI-WARROOM] [INFO] AI War Room extension initialized
2025-03-07 23:02 +00:00: [2025-03-07T23:02:40.450Z] [AI-WARROOM] [INFO] Initializing AI agent service
2025-03-07 23:02 +00:00: [2025-03-07T23:02:40.452Z] [AI-WARROOM] [INFO] Server root path: /root/code-server/dist/node
2025-03-07 23:02 +00:00: Starting AI War Room Extension initialization...
2025-03-07 23:02 +00:00: Agent config directory: ./agent-config
2025-03-07 23:02 +00:00: Agent service initialized successfully
2025-03-07 23:02 +00:00: API router mounted at /api/ai
2025-03-07 23:02 +00:00: Serving static files from: /root/code-server/dist/node/src/browser/pages
2025-03-07 23:02 +00:00: AI War Room extension initialized successfully
2025-03-07 23:02 +00:00: [2025-03-07T23:02:40.456Z] [AI-WARROOM] [INFO] AI War Room extension initialized
2025-03-07 23:02 +00:00: [2025-03-07T23:02:41.039Z] [AI-WARROOM] [INFO] Initializing AI agent service
2025-03-07 23:02 +00:00: [2025-03-07T23:02:41.042Z] [AI-WARROOM] [INFO] Server root path: /root/code-server/dist/node
2025-03-07 23:02 +00:00: Starting AI War Room Extension initialization...
2025-03-07 23:02 +00:00: Agent config directory: ./agent-config
2025-03-07 23:02 +00:00: Agent service initialized successfully
2025-03-07 23:02 +00:00: API router mounted at /api/ai
2025-03-07 23:02 +00:00: Serving static files from: /root/code-server/dist/node/src/browser/pages
2025-03-07 23:02 +00:00: AI War Room extension initialized successfully
2025-03-07 23:02 +00:00: [2025-03-07T23:02:41.047Z] [AI-WARROOM] [INFO] AI War Room extension initialized
2025-03-07 23:02 +00:00: [2025-03-07T23:02:41.611Z] [AI-WARROOM] [INFO] Initializing AI agent service
2025-03-07 23:02 +00:00: [2025-03-07T23:02:41.615Z] [AI-WARROOM] [INFO] Server root path: /root/code-server/dist/node
2025-03-07 23:02 +00:00: Starting AI War Room Extension initialization...
2025-03-07 23:02 +00:00: Agent config directory: ./agent-config
2025-03-07 23:02 +00:00: Agent service initialized successfully
2025-03-07 23:02 +00:00: API router mounted at /api/ai
2025-03-07 23:02 +00:00: Serving static files from: /root/code-server/dist/node/src/browser/pages
2025-03-07 23:02 +00:00: AI War Room extension initialized successfully
2025-03-07 23:02 +00:00: [2025-03-07T23:02:41.628Z] [AI-WARROOM] [INFO] AI War Room extension initialized
2025-03-07 23:02 +00:00: [2025-03-07T23:02:42.237Z] [AI-WARROOM] [INFO] Initializing AI agent service
2025-03-07 23:02 +00:00: [2025-03-07T23:02:42.240Z] [AI-WARROOM] [INFO] Server root path: /root/code-server/dist/node
2025-03-07 23:02 +00:00: Starting AI War Room Extension initialization...
2025-03-07 23:02 +00:00: Agent config directory: ./agent-config
2025-03-07 23:02 +00:00: Agent service initialized successfully
2025-03-07 23:02 +00:00: API router mounted at /api/ai
2025-03-07 23:02 +00:00: Serving static files from: /root/code-server/dist/node/src/browser/pages
2025-03-07 23:02 +00:00: AI War Room extension initialized successfully
2025-03-07 23:02 +00:00: [2025-03-07T23:02:42.245Z] [AI-WARROOM] [INFO] AI War Room extension initialized
2025-03-07 23:02 +00:00: [2025-03-07T23:02:42.791Z] [AI-WARROOM] [INFO] Initializing AI agent service
2025-03-07 23:02 +00:00: [2025-03-07T23:02:42.793Z] [AI-WARROOM] [INFO] Server root path: /root/code-server/dist/node
2025-03-07 23:02 +00:00: Starting AI War Room Extension initialization...
2025-03-07 23:02 +00:00: Agent config directory: ./agent-config
2025-03-07 23:02 +00:00: Agent service initialized successfully
2025-03-07 23:02 +00:00: API router mounted at /api/ai
2025-03-07 23:02 +00:00: Serving static files from: /root/code-server/dist/node/src/browser/pages
2025-03-07 23:02 +00:00: AI War Room extension initialized successfully
2025-03-07 23:02 +00:00: [2025-03-07T23:02:42.800Z] [AI-WARROOM] [INFO] AI War Room extension initialized
2025-03-07 23:02 +00:00: [2025-03-07T23:02:43.641Z] [AI-WARROOM] [INFO] Initializing AI agent service
2025-03-07 23:02 +00:00: [2025-03-07T23:02:43.643Z] [AI-WARROOM] [INFO] Server root path: /root/code-server/dist/node
2025-03-07 23:02 +00:00: Starting AI War Room Extension initialization...
2025-03-07 23:02 +00:00: Agent config directory: ./agent-config
2025-03-07 23:02 +00:00: Agent service initialized successfully
2025-03-07 23:02 +00:00: API router mounted at /api/ai
2025-03-07 23:02 +00:00: Serving static files from: /root/code-server/dist/node/src/browser/pages
2025-03-07 23:02 +00:00: AI War Room extension initialized successfully
2025-03-07 23:02 +00:00: [2025-03-07T23:02:43.647Z] [AI-WARROOM] [INFO] AI War Room extension initialized
2025-03-07 23:02 +00:00: [2025-03-07T23:02:44.477Z] [AI-WARROOM] [INFO] Initializing AI agent service
2025-03-07 23:02 +00:00: [2025-03-07T23:02:44.482Z] [AI-WARROOM] [INFO] Server root path: /root/code-server/dist/node
2025-03-07 23:02 +00:00: Starting AI War Room Extension initialization...
2025-03-07 23:02 +00:00: Agent config directory: ./agent-config
2025-03-07 23:02 +00:00: Agent service initialized successfully
2025-03-07 23:02 +00:00: API router mounted at /api/ai
2025-03-07 23:02 +00:00: Serving static files from: /root/code-server/dist/node/src/browser/pages
2025-03-07 23:02 +00:00: AI War Room extension initialized successfully
2025-03-07 23:02 +00:00: [2025-03-07T23:02:44.487Z] [AI-WARROOM] [INFO] AI War Room extension initialized
2025-03-07 23:02 +00:00: [2025-03-07T23:02:45.427Z] [AI-WARROOM] [INFO] Initializing AI agent service
2025-03-07 23:02 +00:00: [2025-03-07T23:02:45.431Z] [AI-WARROOM] [INFO] Server root path: /root/code-server/dist/node
2025-03-07 23:02 +00:00: Starting AI War Room Extension initialization...
2025-03-07 23:02 +00:00: Agent config directory: ./agent-config
2025-03-07 23:02 +00:00: Agent service initialized successfully
2025-03-07 23:02 +00:00: API router mounted at /api/ai
2025-03-07 23:02 +00:00: Serving static files from: /root/code-server/dist/node/src/browser/pages
2025-03-07 23:02 +00:00: AI War Room extension initialized successfully
2025-03-07 23:02 +00:00: [2025-03-07T23:02:45.448Z] [AI-WARROOM] [INFO] AI War Room extension initialized
2025-03-07 23:02 +00:00: [2025-03-07T23:02:46.076Z] [AI-WARROOM] [INFO] Initializing AI agent service
2025-03-07 23:02 +00:00: [2025-03-07T23:02:46.078Z] [AI-WARROOM] [INFO] Server root path: /root/code-server/dist/node
2025-03-07 23:02 +00:00: Starting AI War Room Extension initialization...
2025-03-07 23:02 +00:00: Agent config directory: ./agent-config
2025-03-07 23:02 +00:00: Agent service initialized successfully
2025-03-07 23:02 +00:00: API router mounted at /api/ai
2025-03-07 23:02 +00:00: Serving static files from: /root/code-server/dist/node/src/browser/pages
2025-03-07 23:02 +00:00: AI War Room extension initialized successfully
2025-03-07 23:02 +00:00: [2025-03-07T23:02:46.088Z] [AI-WARROOM] [INFO] AI War Room extension initialized
2025-03-07 23:02 +00:00: [2025-03-07T23:02:46.644Z] [AI-WARROOM] [INFO] Initializing AI agent service
2025-03-07 23:02 +00:00: [2025-03-07T23:02:46.646Z] [AI-WARROOM] [INFO] Server root path: /root/code-server/dist/node
2025-03-07 23:02 +00:00: Starting AI War Room Extension initialization...
2025-03-07 23:02 +00:00: Agent config directory: ./agent-config
2025-03-07 23:02 +00:00: Agent service initialized successfully
2025-03-07 23:02 +00:00: API router mounted at /api/ai
2025-03-07 23:02 +00:00: Serving static files from: /root/code-server/dist/node/src/browser/pages
2025-03-07 23:02 +00:00: AI War Room extension initialized successfully
2025-03-07 23:02 +00:00: [2025-03-07T23:02:46.654Z] [AI-WARROOM] [INFO] AI War Room extension initialized
2025-03-07 23:02 +00:00: [2025-03-07T23:02:47.239Z] [AI-WARROOM] [INFO] Initializing AI agent service
2025-03-07 23:02 +00:00: [2025-03-07T23:02:47.242Z] [AI-WARROOM] [INFO] Server root path: /root/code-server/dist/node
2025-03-07 23:02 +00:00: Starting AI War Room Extension initialization...
2025-03-07 23:02 +00:00: Agent config directory: ./agent-config
2025-03-07 23:02 +00:00: Agent service initialized successfully
2025-03-07 23:02 +00:00: API router mounted at /api/ai
2025-03-07 23:02 +00:00: Serving static files from: /root/code-server/dist/node/src/browser/pages
2025-03-07 23:02 +00:00: AI War Room extension initialized successfully
2025-03-07 23:02 +00:00: [2025-03-07T23:02:47.246Z] [AI-WARROOM] [INFO] AI War Room extension initialized
2025-03-07 23:02 +00:00: [2025-03-07T23:02:47.831Z] [AI-WARROOM] [INFO] Initializing AI agent service
2025-03-07 23:02 +00:00: [2025-03-07T23:02:47.833Z] [AI-WARROOM] [INFO] Server root path: /root/code-server/dist/node
2025-03-07 23:02 +00:00: Starting AI War Room Extension initialization...
2025-03-07 23:02 +00:00: Agent config directory: ./agent-config
2025-03-07 23:02 +00:00: Agent service initialized successfully
2025-03-07 23:02 +00:00: API router mounted at /api/ai
2025-03-07 23:02 +00:00: Serving static files from: /root/code-server/dist/node/src/browser/pages
2025-03-07 23:02 +00:00: AI War Room extension initialized successfully
2025-03-07 23:02 +00:00: [2025-03-07T23:02:47.839Z] [AI-WARROOM] [INFO] AI War Room extension initialized
2025-03-07 23:02 +00:00: [2025-03-07T23:02:48.463Z] [AI-WARROOM] [INFO] Initializing AI agent service
2025-03-07 23:02 +00:00: [2025-03-07T23:02:48.465Z] [AI-WARROOM] [INFO] Server root path: /root/code-server/dist/node
2025-03-07 23:02 +00:00: Starting AI War Room Extension initialization...
2025-03-07 23:02 +00:00: Agent config directory: ./agent-config
2025-03-07 23:02 +00:00: Agent service initialized successfully
2025-03-07 23:02 +00:00: API router mounted at /api/ai
2025-03-07 23:02 +00:00: Serving static files from: /root/code-server/dist/node/src/browser/pages
2025-03-07 23:02 +00:00: AI War Room extension initialized successfully
2025-03-07 23:02 +00:00: [2025-03-07T23:02:48.470Z] [AI-WARROOM] [INFO] AI War Room extension initialized
2025-03-07 23:02 +00:00: [2025-03-07T23:02:49.082Z] [AI-WARROOM] [INFO] Initializing AI agent service
2025-03-07 23:02 +00:00: [2025-03-07T23:02:49.085Z] [AI-WARROOM] [INFO] Server root path: /root/code-server/dist/node
2025-03-07 23:02 +00:00: Starting AI War Room Extension initialization...
2025-03-07 23:02 +00:00: Agent config directory: ./agent-config
2025-03-07 23:02 +00:00: Agent service initialized successfully
2025-03-07 23:02 +00:00: API router mounted at /api/ai
2025-03-07 23:02 +00:00: Serving static files from: /root/code-server/dist/node/src/browser/pages
2025-03-07 23:02 +00:00: AI War Room extension initialized successfully
2025-03-07 23:02 +00:00: [2025-03-07T23:02:49.089Z] [AI-WARROOM] [INFO] AI War Room extension initialized
2025-03-07 23:02:49: [2025-03-07T23:02:49.531Z] [AI-WARROOM] [INFO] Initializing AI agent service
2025-03-07 23:02:49: [2025-03-07T23:02:49.533Z] [AI-WARROOM] [INFO] Server root path: /root/code-server/dist/node
2025-03-07 23:02:49: Starting AI War Room Extension initialization...
2025-03-07 23:02:49: Agent config directory: ./agent-config
2025-03-07 23:02:49: [2025-03-07T23:02:49.538Z] [AI-WARROOM] [DEBUG] Loaded agent Code Assistant from /root/code-server/dist/node/agent-config/code-assistant.json
2025-03-07 23:02:49: [2025-03-07T23:02:49.538Z] [AI-WARROOM] [DEBUG] Loaded agent Debug Wizard from /root/code-server/dist/node/agent-config/debug-wizard.json
2025-03-07 23:02:49: Agent service initialized successfully
2025-03-07 23:02:49: API router mounted at /api/ai
2025-03-07 23:02:49: Serving static files from: /root/code-server/dist/node/src/browser/pages
2025-03-07 23:02:49: AI War Room extension initialized successfully
2025-03-07 23:02:49: [2025-03-07T23:02:49.551Z] [AI-WARROOM] [INFO] AI War Room extension initialized
2025-03-07 23:02:50: [2025-03-07T23:02:50.099Z] [AI-WARROOM] [INFO] Initializing AI agent service
2025-03-07 23:02:50: [2025-03-07T23:02:50.101Z] [AI-WARROOM] [INFO] Server root path: /root/code-server/dist/node
2025-03-07 23:02:50: Starting AI War Room Extension initialization...
2025-03-07 23:02:50: Agent config directory: ./agent-config
2025-03-07 23:02:50: [2025-03-07T23:02:50.103Z] [AI-WARROOM] [DEBUG] Loaded agent Code Assistant from /root/code-server/dist/node/agent-config/code-assistant.json
2025-03-07 23:02:50: [2025-03-07T23:02:50.103Z] [AI-WARROOM] [DEBUG] Loaded agent Debug Wizard from /root/code-server/dist/node/agent-config/debug-wizard.json
2025-03-07 23:02:50: Agent service initialized successfully
2025-03-07 23:02:50: API router mounted at /api/ai
2025-03-07 23:02:50: Serving static files from: /root/code-server/dist/node/src/browser/pages
2025-03-07 23:02:50: AI War Room extension initialized successfully
2025-03-07 23:02:50: [2025-03-07T23:02:50.109Z] [AI-WARROOM] [INFO] AI War Room extension initialized
2025-03-07 23:02:50: [2025-03-07T23:02:50.656Z] [AI-WARROOM] [INFO] Initializing AI agent service
2025-03-07 23:02:50: [2025-03-07T23:02:50.659Z] [AI-WARROOM] [INFO] Server root path: /root/code-server/dist/node
2025-03-07 23:02:50: Starting AI War Room Extension initialization...
2025-03-07 23:02:50: Agent config directory: ./agent-config
2025-03-07 23:02:50: [2025-03-07T23:02:50.661Z] [AI-WARROOM] [DEBUG] Loaded agent Code Assistant from /root/code-server/dist/node/agent-config/code-assistant.json
2025-03-07 23:02:50: [2025-03-07T23:02:50.661Z] [AI-WARROOM] [DEBUG] Loaded agent Debug Wizard from /root/code-server/dist/node/agent-config/debug-wizard.json
2025-03-07 23:02:50: Agent service initialized successfully
2025-03-07 23:02:50: API router mounted at /api/ai
2025-03-07 23:02:50: Serving static files from: /root/code-server/dist/node/src/browser/pages
2025-03-07 23:02:50: AI War Room extension initialized successfully
2025-03-07 23:02:50: [2025-03-07T23:02:50.665Z] [AI-WARROOM] [INFO] AI War Room extension initialized
2025-03-07 23:02:51: [2025-03-07T23:02:51.240Z] [AI-WARROOM] [INFO] Initializing AI agent service
2025-03-07 23:02:51: [2025-03-07T23:02:51.244Z] [AI-WARROOM] [INFO] Server root path: /root/code-server/dist/node
2025-03-07 23:02:51: Starting AI War Room Extension initialization...
2025-03-07 23:02:51: Agent config directory: ./agent-config
2025-03-07 23:02:51: [2025-03-07T23:02:51.246Z] [AI-WARROOM] [DEBUG] Loaded agent Code Assistant from /root/code-server/dist/node/agent-config/code-assistant.json
2025-03-07 23:02:51: [2025-03-07T23:02:51.246Z] [AI-WARROOM] [DEBUG] Loaded agent Debug Wizard from /root/code-server/dist/node/agent-config/debug-wizard.json
2025-03-07 23:02:51: Agent service initialized successfully
2025-03-07 23:02:51: API router mounted at /api/ai
2025-03-07 23:02:51: Serving static files from: /root/code-server/dist/node/src/browser/pages
2025-03-07 23:02:51: AI War Room extension initialized successfully
2025-03-07 23:02:51: [2025-03-07T23:02:51.249Z] [AI-WARROOM] [INFO] AI War Room extension initialized
2025-03-07 23:02:51: [2025-03-07T23:02:51.795Z] [AI-WARROOM] [INFO] Initializing AI agent service
2025-03-07 23:02:51: [2025-03-07T23:02:51.807Z] [AI-WARROOM] [INFO] Server root path: /root/code-server/dist/node
2025-03-07 23:02:51: Starting AI War Room Extension initialization...
2025-03-07 23:02:51: Agent config directory: ./agent-config
2025-03-07 23:02:51: [2025-03-07T23:02:51.824Z] [AI-WARROOM] [DEBUG] Loaded agent Code Assistant from /root/code-server/dist/node/agent-config/code-assistant.json
2025-03-07 23:02:51: [2025-03-07T23:02:51.824Z] [AI-WARROOM] [DEBUG] Loaded agent Debug Wizard from /root/code-server/dist/node/agent-config/debug-wizard.json
2025-03-07 23:02:51: Agent service initialized successfully
2025-03-07 23:02:51: API router mounted at /api/ai
2025-03-07 23:02:51: Serving static files from: /root/code-server/dist/node/src/browser/pages
2025-03-07 23:02:51: AI War Room extension initialized successfully
2025-03-07 23:02:51: [2025-03-07T23:02:51.827Z] [AI-WARROOM] [INFO] AI War Room extension initialized
2025-03-07 23:02:52: [2025-03-07T23:02:52.398Z] [AI-WARROOM] [INFO] Initializing AI agent service
2025-03-07 23:02:52: [2025-03-07T23:02:52.400Z] [AI-WARROOM] [INFO] Server root path: /root/code-server/dist/node
2025-03-07 23:02:52: Starting AI War Room Extension initialization...
2025-03-07 23:02:52: Agent config directory: ./agent-config
2025-03-07 23:02:52: [2025-03-07T23:02:52.402Z] [AI-WARROOM] [DEBUG] Loaded agent Code Assistant from /root/code-server/dist/node/agent-config/code-assistant.json
2025-03-07 23:02:52: [2025-03-07T23:02:52.402Z] [AI-WARROOM] [DEBUG] Loaded agent Debug Wizard from /root/code-server/dist/node/agent-config/debug-wizard.json
2025-03-07 23:02:52: Agent service initialized successfully
2025-03-07 23:02:52: API router mounted at /api/ai
2025-03-07 23:02:52: Serving static files from: /root/code-server/dist/node/src/browser/pages
2025-03-07 23:02:52: AI War Room extension initialized successfully
2025-03-07 23:02:52: [2025-03-07T23:02:52.405Z] [AI-WARROOM] [INFO] AI War Room extension initialized
2025-03-07 23:02:52: [2025-03-07T23:02:52.986Z] [AI-WARROOM] [INFO] Initializing AI agent service
2025-03-07 23:02:53: [2025-03-07T23:02:52.989Z] [AI-WARROOM] [INFO] Server root path: /root/code-server/dist/node
2025-03-07 23:02:53: Starting AI War Room Extension initialization...
2025-03-07 23:02:53: Agent config directory: ./agent-config
2025-03-07 23:02:53: [2025-03-07T23:02:52.991Z] [AI-WARROOM] [DEBUG] Loaded agent Code Assistant from /root/code-server/dist/node/agent-config/code-assistant.json
2025-03-07 23:02:53: [2025-03-07T23:02:52.991Z] [AI-WARROOM] [DEBUG] Loaded agent Debug Wizard from /root/code-server/dist/node/agent-config/debug-wizard.json
2025-03-07 23:02:53: Agent service initialized successfully
2025-03-07 23:02:53: API router mounted at /api/ai
2025-03-07 23:02:53: Serving static files from: /root/code-server/dist/node/src/browser/pages
2025-03-07 23:02:53: AI War Room extension initialized successfully
2025-03-07 23:02:53: [2025-03-07T23:02:52.994Z] [AI-WARROOM] [INFO] AI War Room extension initialized
2025-03-07 23:02:53: [2025-03-07T23:02:53.540Z] [AI-WARROOM] [INFO] Initializing AI agent service
2025-03-07 23:02:53: [2025-03-07T23:02:53.544Z] [AI-WARROOM] [INFO] Server root path: /root/code-server/dist/node
2025-03-07 23:02:53: Starting AI War Room Extension initialization...
2025-03-07 23:02:53: Agent config directory: ./agent-config
2025-03-07 23:02:53: [2025-03-07T23:02:53.549Z] [AI-WARROOM] [DEBUG] Loaded agent Code Assistant from /root/code-server/dist/node/agent-config/code-assistant.json
2025-03-07 23:02:53: [2025-03-07T23:02:53.550Z] [AI-WARROOM] [DEBUG] Loaded agent Debug Wizard from /root/code-server/dist/node/agent-config/debug-wizard.json
2025-03-07 23:02:53: Agent service initialized successfully
2025-03-07 23:02:53: API router mounted at /api/ai
2025-03-07 23:02:53: Serving static files from: /root/code-server/dist/node/src/browser/pages
2025-03-07 23:02:53: AI War Room extension initialized successfully
2025-03-07 23:02:53: [2025-03-07T23:02:53.552Z] [AI-WARROOM] [INFO] AI War Room extension initialized
2025-03-07 23:02:54: [2025-03-07T23:02:54.072Z] [AI-WARROOM] [INFO] Initializing AI agent service
2025-03-07 23:02:54: [2025-03-07T23:02:54.074Z] [AI-WARROOM] [INFO] Server root path: /root/code-server/dist/node
2025-03-07 23:02:54: Starting AI War Room Extension initialization...
2025-03-07 23:02:54: Agent config directory: ./agent-config
2025-03-07 23:02:54: [2025-03-07T23:02:54.078Z] [AI-WARROOM] [DEBUG] Loaded agent Code Assistant from /root/code-server/dist/node/agent-config/code-assistant.json
2025-03-07 23:02:54: [2025-03-07T23:02:54.078Z] [AI-WARROOM] [DEBUG] Loaded agent Debug Wizard from /root/code-server/dist/node/agent-config/debug-wizard.json
2025-03-07 23:02:54: Agent service initialized successfully
2025-03-07 23:02:54: API router mounted at /api/ai
2025-03-07 23:02:54: Serving static files from: /root/code-server/dist/node/src/browser/pages
2025-03-07 23:02:54: AI War Room extension initialized successfully
2025-03-07 23:02:54: [2025-03-07T23:02:54.090Z] [AI-WARROOM] [INFO] AI War Room extension initialized
2025-03-07 23:02:54: [2025-03-07T23:02:54.623Z] [AI-WARROOM] [INFO] Initializing AI agent service
2025-03-07 23:02:54: [2025-03-07T23:02:54.625Z] [AI-WARROOM] [INFO] Server root path: /root/code-server/dist/node
2025-03-07 23:02:54: Starting AI War Room Extension initialization...
2025-03-07 23:02:54: Agent config directory: ./agent-config
2025-03-07 23:02:54: [2025-03-07T23:02:54.627Z] [AI-WARROOM] [DEBUG] Loaded agent Code Assistant from /root/code-server/dist/node/agent-config/code-assistant.json
2025-03-07 23:02:54: [2025-03-07T23:02:54.627Z] [AI-WARROOM] [DEBUG] Loaded agent Debug Wizard from /root/code-server/dist/node/agent-config/debug-wizard.json
2025-03-07 23:02:54: Agent service initialized successfully
2025-03-07 23:02:54: API router mounted at /api/ai
2025-03-07 23:02:54: Serving static files from: /root/code-server/dist/node/src/browser/pages
2025-03-07 23:02:54: AI War Room extension initialized successfully
2025-03-07 23:02:54: [2025-03-07T23:02:54.630Z] [AI-WARROOM] [INFO] AI War Room extension initialized
2025-03-07 23:02:55: [2025-03-07T23:02:55.196Z] [AI-WARROOM] [INFO] Initializing AI agent service
2025-03-07 23:02:55: [2025-03-07T23:02:55.199Z] [AI-WARROOM] [INFO] Server root path: /root/code-server/dist/node
2025-03-07 23:02:55: Starting AI War Room Extension initialization...
2025-03-07 23:02:55: Agent config directory: ./agent-config
2025-03-07 23:02:55: [2025-03-07T23:02:55.202Z] [AI-WARROOM] [DEBUG] Loaded agent Code Assistant from /root/code-server/dist/node/agent-config/code-assistant.json
2025-03-07 23:02:55: [2025-03-07T23:02:55.203Z] [AI-WARROOM] [DEBUG] Loaded agent Debug Wizard from /root/code-server/dist/node/agent-config/debug-wizard.json
2025-03-07 23:02:55: Agent service initialized successfully
2025-03-07 23:02:55: API router mounted at /api/ai
2025-03-07 23:02:55: Serving static files from: /root/code-server/dist/node/src/browser/pages
2025-03-07 23:02:55: AI War Room extension initialized successfully
2025-03-07 23:02:55: [2025-03-07T23:02:55.205Z] [AI-WARROOM] [INFO] AI War Room extension initialized
2025-03-07 23:02:55: [2025-03-07T23:02:55.778Z] [AI-WARROOM] [INFO] Initializing AI agent service
2025-03-07 23:02:55: [2025-03-07T23:02:55.784Z] [AI-WARROOM] [INFO] Server root path: /root/code-server/dist/node
2025-03-07 23:02:55: Starting AI War Room Extension initialization...
2025-03-07 23:02:55: Agent config directory: ./agent-config
2025-03-07 23:02:55: [2025-03-07T23:02:55.786Z] [AI-WARROOM] [DEBUG] Loaded agent Code Assistant from /root/code-server/dist/node/agent-config/code-assistant.json
2025-03-07 23:02:55: [2025-03-07T23:02:55.786Z] [AI-WARROOM] [DEBUG] Loaded agent Debug Wizard from /root/code-server/dist/node/agent-config/debug-wizard.json
2025-03-07 23:02:55: Agent service initialized successfully
2025-03-07 23:02:55: API router mounted at /api/ai
2025-03-07 23:02:55: Serving static files from: /root/code-server/dist/node/src/browser/pages
2025-03-07 23:02:55: AI War Room extension initialized successfully
2025-03-07 23:02:55: [2025-03-07T23:02:55.798Z] [AI-WARROOM] [INFO] AI War Room extension initialized
2025-03-07 23:02:56: [2025-03-07T23:02:56.393Z] [AI-WARROOM] [INFO] Initializing AI agent service
2025-03-07 23:02:56: [2025-03-07T23:02:56.395Z] [AI-WARROOM] [INFO] Server root path: /root/code-server/dist/node
2025-03-07 23:02:56: Starting AI War Room Extension initialization...
2025-03-07 23:02:56: Agent config directory: ./agent-config
2025-03-07 23:02:56: [2025-03-07T23:02:56.397Z] [AI-WARROOM] [DEBUG] Loaded agent Code Assistant from /root/code-server/dist/node/agent-config/code-assistant.json
2025-03-07 23:02:56: [2025-03-07T23:02:56.397Z] [AI-WARROOM] [DEBUG] Loaded agent Debug Wizard from /root/code-server/dist/node/agent-config/debug-wizard.json
2025-03-07 23:02:56: Agent service initialized successfully
2025-03-07 23:02:56: API router mounted at /api/ai
2025-03-07 23:02:56: Serving static files from: /root/code-server/dist/node/src/browser/pages
2025-03-07 23:02:56: AI War Room extension initialized successfully
2025-03-07 23:02:56: [2025-03-07T23:02:56.400Z] [AI-WARROOM] [INFO] AI War Room extension initialized
2025-03-07 23:02:56: [2025-03-07T23:02:56.924Z] [AI-WARROOM] [INFO] Initializing AI agent service
2025-03-07 23:02:56: [2025-03-07T23:02:56.926Z] [AI-WARROOM] [INFO] Server root path: /root/code-server/dist/node
2025-03-07 23:02:56: Starting AI War Room Extension initialization...
2025-03-07 23:02:56: Agent config directory: ./agent-config
2025-03-07 23:02:56: [2025-03-07T23:02:56.932Z] [AI-WARROOM] [DEBUG] Loaded agent Code Assistant from /root/code-server/dist/node/agent-config/code-assistant.json
2025-03-07 23:02:56: [2025-03-07T23:02:56.932Z] [AI-WARROOM] [DEBUG] Loaded agent Debug Wizard from /root/code-server/dist/node/agent-config/debug-wizard.json
2025-03-07 23:02:56: Agent service initialized successfully
2025-03-07 23:02:56: API router mounted at /api/ai
2025-03-07 23:02:56: Serving static files from: /root/code-server/dist/node/src/browser/pages
2025-03-07 23:02:56: AI War Room extension initialized successfully
2025-03-07 23:02:56: [2025-03-07T23:02:56.934Z] [AI-WARROOM] [INFO] AI War Room extension initialized
2025-03-07 23:02:57: [2025-03-07T23:02:57.535Z] [AI-WARROOM] [INFO] Initializing AI agent service
2025-03-07 23:02:57: [2025-03-07T23:02:57.542Z] [AI-WARROOM] [INFO] Server root path: /root/code-server/dist/node
2025-03-07 23:02:57: Starting AI War Room Extension initialization...
2025-03-07 23:02:57: Agent config directory: ./agent-config
2025-03-07 23:02:57: [2025-03-07T23:02:57.545Z] [AI-WARROOM] [DEBUG] Loaded agent Code Assistant from /root/code-server/dist/node/agent-config/code-assistant.json
2025-03-07 23:02:57: [2025-03-07T23:02:57.545Z] [AI-WARROOM] [DEBUG] Loaded agent Debug Wizard from /root/code-server/dist/node/agent-config/debug-wizard.json
2025-03-07 23:02:57: Agent service initialized successfully
2025-03-07 23:02:57: API router mounted at /api/ai
2025-03-07 23:02:57: Serving static files from: /root/code-server/dist/node/src/browser/pages
2025-03-07 23:02:57: AI War Room extension initialized successfully
2025-03-07 23:02:57: [2025-03-07T23:02:57.555Z] [AI-WARROOM] [INFO] AI War Room extension initialized
2025-03-07 23:02:58: [2025-03-07T23:02:58.143Z] [AI-WARROOM] [INFO] Initializing AI agent service
2025-03-07 23:02:58: [2025-03-07T23:02:58.147Z] [AI-WARROOM] [INFO] Server root path: /root/code-server/dist/node
2025-03-07 23:02:58: Starting AI War Room Extension initialization...
2025-03-07 23:02:58: Agent config directory: ./agent-config
2025-03-07 23:02:58: [2025-03-07T23:02:58.150Z] [AI-WARROOM] [DEBUG] Loaded agent Code Assistant from /root/code-server/dist/node/agent-config/code-assistant.json
2025-03-07 23:02:58: [2025-03-07T23:02:58.150Z] [AI-WARROOM] [DEBUG] Loaded agent Debug Wizard from /root/code-server/dist/node/agent-config/debug-wizard.json
2025-03-07 23:02:58: Agent service initialized successfully
2025-03-07 23:02:58: API router mounted at /api/ai
2025-03-07 23:02:58: Serving static files from: /root/code-server/dist/node/src/browser/pages
2025-03-07 23:02:58: AI War Room extension initialized successfully
2025-03-07 23:02:58: [2025-03-07T23:02:58.153Z] [AI-WARROOM] [INFO] AI War Room extension initialized
2025-03-07 23:02:58: [2025-03-07T23:02:58.748Z] [AI-WARROOM] [INFO] Initializing AI agent service
2025-03-07 23:02:58: [2025-03-07T23:02:58.753Z] [AI-WARROOM] [INFO] Server root path: /root/code-server/dist/node
2025-03-07 23:02:58: Starting AI War Room Extension initialization...
2025-03-07 23:02:58: Agent config directory: ./agent-config
2025-03-07 23:02:58: [2025-03-07T23:02:58.755Z] [AI-WARROOM] [DEBUG] Loaded agent Code Assistant from /root/code-server/dist/node/agent-config/code-assistant.json
2025-03-07 23:02:58: [2025-03-07T23:02:58.755Z] [AI-WARROOM] [DEBUG] Loaded agent Debug Wizard from /root/code-server/dist/node/agent-config/debug-wizard.json
2025-03-07 23:02:58: Agent service initialized successfully
2025-03-07 23:02:58: API router mounted at /api/ai
2025-03-07 23:02:58: Serving static files from: /root/code-server/dist/node/src/browser/pages
2025-03-07 23:02:58: AI War Room extension initialized successfully
2025-03-07 23:02:58: [2025-03-07T23:02:58.766Z] [AI-WARROOM] [INFO] AI War Room extension initialized
2025-03-07 23:02:59: [2025-03-07T23:02:59.323Z] [AI-WARROOM] [INFO] Initializing AI agent service
2025-03-07 23:02:59: [2025-03-07T23:02:59.326Z] [AI-WARROOM] [INFO] Server root path: /root/code-server/dist/node
2025-03-07 23:02:59: Starting AI War Room Extension initialization...
2025-03-07 23:02:59: Agent config directory: ./agent-config
2025-03-07 23:02:59: [2025-03-07T23:02:59.332Z] [AI-WARROOM] [DEBUG] Loaded agent Code Assistant from /root/code-server/dist/node/agent-config/code-assistant.json
2025-03-07 23:02:59: [2025-03-07T23:02:59.332Z] [AI-WARROOM] [DEBUG] Loaded agent Debug Wizard from /root/code-server/dist/node/agent-config/debug-wizard.json
2025-03-07 23:02:59: Agent service initialized successfully
2025-03-07 23:02:59: API router mounted at /api/ai
2025-03-07 23:02:59: Serving static files from: /root/code-server/dist/node/src/browser/pages
2025-03-07 23:02:59: AI War Room extension initialized successfully
2025-03-07 23:02:59: [2025-03-07T23:02:59.334Z] [AI-WARROOM] [INFO] AI War Room extension initialized
2025-03-07 23:02:59: [2025-03-07T23:02:59.872Z] [AI-WARROOM] [INFO] Initializing AI agent service
2025-03-07 23:02:59: [2025-03-07T23:02:59.875Z] [AI-WARROOM] [INFO] Server root path: /root/code-server/dist/node
2025-03-07 23:02:59: Starting AI War Room Extension initialization...
2025-03-07 23:02:59: Agent config directory: ./agent-config
2025-03-07 23:02:59: [2025-03-07T23:02:59.877Z] [AI-WARROOM] [DEBUG] Loaded agent Code Assistant from /root/code-server/dist/node/agent-config/code-assistant.json
2025-03-07 23:02:59: [2025-03-07T23:02:59.877Z] [AI-WARROOM] [DEBUG] Loaded agent Debug Wizard from /root/code-server/dist/node/agent-config/debug-wizard.json
2025-03-07 23:02:59: Agent service initialized successfully
2025-03-07 23:02:59: API router mounted at /api/ai
2025-03-07 23:02:59: Serving static files from: /root/code-server/dist/node/src/browser/pages
2025-03-07 23:02:59: AI War Room extension initialized successfully
2025-03-07 23:02:59: [2025-03-07T23:02:59.879Z] [AI-WARROOM] [INFO] AI War Room extension initialized
2025-03-07 23:03:00: [2025-03-07T23:03:00.462Z] [AI-WARROOM] [INFO] Initializing AI agent service
2025-03-07 23:03:00: [2025-03-07T23:03:00.464Z] [AI-WARROOM] [INFO] Server root path: /root/code-server/dist/node
2025-03-07 23:03:00: Starting AI War Room Extension initialization...
2025-03-07 23:03:00: Agent config directory: ./agent-config
2025-03-07 23:03:00: [2025-03-07T23:03:00.466Z] [AI-WARROOM] [DEBUG] Loaded agent Code Assistant from /root/code-server/dist/node/agent-config/code-assistant.json
2025-03-07 23:03:00: [2025-03-07T23:03:00.466Z] [AI-WARROOM] [DEBUG] Loaded agent Debug Wizard from /root/code-server/dist/node/agent-config/debug-wizard.json
2025-03-07 23:03:00: Agent service initialized successfully
2025-03-07 23:03:00: API router mounted at /api/ai
2025-03-07 23:03:00: Serving static files from: /root/code-server/dist/node/src/browser/pages
2025-03-07 23:03:00: AI War Room extension initialized successfully
2025-03-07 23:03:00: [2025-03-07T23:03:00.472Z] [AI-WARROOM] [INFO] AI War Room extension initialized
2025-03-07 23:03:01: [2025-03-07T23:03:01.019Z] [AI-WARROOM] [INFO] Initializing AI agent service
2025-03-07 23:03:01: [2025-03-07T23:03:01.027Z] [AI-WARROOM] [INFO] Server root path: /root/code-server/dist/node
2025-03-07 23:03:01: Starting AI War Room Extension initialization...
2025-03-07 23:03:01: Agent config directory: ./agent-config
2025-03-07 23:03:01: [2025-03-07T23:03:01.031Z] [AI-WARROOM] [DEBUG] Loaded agent Code Assistant from /root/code-server/dist/node/agent-config/code-assistant.json
2025-03-07 23:03:01: [2025-03-07T23:03:01.031Z] [AI-WARROOM] [DEBUG] Loaded agent Debug Wizard from /root/code-server/dist/node/agent-config/debug-wizard.json
2025-03-07 23:03:01: Agent service initialized successfully
2025-03-07 23:03:01: API router mounted at /api/ai
2025-03-07 23:03:01: Serving static files from: /root/code-server/dist/node/src/browser/pages
2025-03-07 23:03:01: AI War Room extension initialized successfully
2025-03-07 23:03:01: [2025-03-07T23:03:01.040Z] [AI-WARROOM] [INFO] AI War Room extension initialized
2025-03-07 23:03:01: [2025-03-07T23:03:01.581Z] [AI-WARROOM] [INFO] Initializing AI agent service
2025-03-07 23:03:01: [2025-03-07T23:03:01.584Z] [AI-WARROOM] [INFO] Server root path: /root/code-server/dist/node
2025-03-07 23:03:01: Starting AI War Room Extension initialization...
2025-03-07 23:03:01: Agent config directory: ./agent-config
2025-03-07 23:03:01: [2025-03-07T23:03:01.586Z] [AI-WARROOM] [DEBUG] Loaded agent Code Assistant from /root/code-server/dist/node/agent-config/code-assistant.json
2025-03-07 23:03:01: [2025-03-07T23:03:01.586Z] [AI-WARROOM] [DEBUG] Loaded agent Debug Wizard from /root/code-server/dist/node/agent-config/debug-wizard.json
2025-03-07 23:03:01: Agent service initialized successfully
2025-03-07 23:03:01: API router mounted at /api/ai
2025-03-07 23:03:01: Serving static files from: /root/code-server/dist/node/src/browser/pages
2025-03-07 23:03:01: AI War Room extension initialized successfully
2025-03-07 23:03:01: [2025-03-07T23:03:01.596Z] [AI-WARROOM] [INFO] AI War Room extension initialized
2025-03-07 23:03:02: [2025-03-07T23:03:02.237Z] [AI-WARROOM] [INFO] Initializing AI agent service
2025-03-07 23:03:02: [2025-03-07T23:03:02.239Z] [AI-WARROOM] [INFO] Server root path: /root/code-server/dist/node
2025-03-07 23:03:02: Starting AI War Room Extension initialization...
2025-03-07 23:03:02: Agent config directory: ./agent-config
2025-03-07 23:03:02: [2025-03-07T23:03:02.241Z] [AI-WARROOM] [DEBUG] Loaded agent Code Assistant from /root/code-server/dist/node/agent-config/code-assistant.json
2025-03-07 23:03:02: [2025-03-07T23:03:02.241Z] [AI-WARROOM] [DEBUG] Loaded agent Debug Wizard from /root/code-server/dist/node/agent-config/debug-wizard.json
2025-03-07 23:03:02: Agent service initialized successfully
2025-03-07 23:03:02: API router mounted at /api/ai
2025-03-07 23:03:02: Serving static files from: /root/code-server/dist/node/src/browser/pages
2025-03-07 23:03:02: AI War Room extension initialized successfully
2025-03-07 23:03:02: [2025-03-07T23:03:02.246Z] [AI-WARROOM] [INFO] AI War Room extension initialized
2025-03-07 23:03:02: [2025-03-07T23:03:02.803Z] [AI-WARROOM] [INFO] Initializing AI agent service
2025-03-07 23:03:02: [2025-03-07T23:03:02.806Z] [AI-WARROOM] [INFO] Server root path: /root/code-server/dist/node
2025-03-07 23:03:02: Starting AI War Room Extension initialization...
2025-03-07 23:03:02: Agent config directory: ./agent-config
2025-03-07 23:03:02: [2025-03-07T23:03:02.810Z] [AI-WARROOM] [DEBUG] Loaded agent Code Assistant from /root/code-server/dist/node/agent-config/code-assistant.json
2025-03-07 23:03:02: [2025-03-07T23:03:02.810Z] [AI-WARROOM] [DEBUG] Loaded agent Debug Wizard from /root/code-server/dist/node/agent-config/debug-wizard.json
2025-03-07 23:03:02: Agent service initialized successfully
2025-03-07 23:03:02: API router mounted at /api/ai
2025-03-07 23:03:02: Serving static files from: /root/code-server/dist/node/src/browser/pages
2025-03-07 23:03:02: AI War Room extension initialized successfully
2025-03-07 23:03:02: [2025-03-07T23:03:02.815Z] [AI-WARROOM] [INFO] AI War Room extension initialized
2025-03-07 23:03:03: [2025-03-07T23:03:03.393Z] [AI-WARROOM] [INFO] Initializing AI agent service
2025-03-07 23:03:03: [2025-03-07T23:03:03.405Z] [AI-WARROOM] [INFO] Server root path: /root/code-server/dist/node
2025-03-07 23:03:03: Starting AI War Room Extension initialization...
2025-03-07 23:03:03: Agent config directory: ./agent-config
2025-03-07 23:03:03: [2025-03-07T23:03:03.408Z] [AI-WARROOM] [DEBUG] Loaded agent Code Assistant from /root/code-server/dist/node/agent-config/code-assistant.json
2025-03-07 23:03:03: [2025-03-07T23:03:03.408Z] [AI-WARROOM] [DEBUG] Loaded agent Debug Wizard from /root/code-server/dist/node/agent-config/debug-wizard.json
2025-03-07 23:03:03: Agent service initialized successfully
2025-03-07 23:03:03: API router mounted at /api/ai
2025-03-07 23:03:03: Serving static files from: /root/code-server/dist/node/src/browser/pages
2025-03-07 23:03:03: AI War Room extension initialized successfully
2025-03-07 23:03:03: [2025-03-07T23:03:03.426Z] [AI-WARROOM] [INFO] AI War Room extension initialized
2025-03-07 23:03:03: [2025-03-07T23:03:03.972Z] [AI-WARROOM] [INFO] Initializing AI agent service
2025-03-07 23:03:03: [2025-03-07T23:03:03.974Z] [AI-WARROOM] [INFO] Server root path: /root/code-server/dist/node
2025-03-07 23:03:03: Starting AI War Room Extension initialization...
2025-03-07 23:03:03: Agent config directory: ./agent-config
2025-03-07 23:03:03: [2025-03-07T23:03:03.977Z] [AI-WARROOM] [DEBUG] Loaded agent Code Assistant from /root/code-server/dist/node/agent-config/code-assistant.json
2025-03-07 23:03:03: [2025-03-07T23:03:03.978Z] [AI-WARROOM] [DEBUG] Loaded agent Debug Wizard from /root/code-server/dist/node/agent-config/debug-wizard.json
2025-03-07 23:03:03: Agent service initialized successfully
2025-03-07 23:03:03: API router mounted at /api/ai
2025-03-07 23:03:03: Serving static files from: /root/code-server/dist/node/src/browser/pages
2025-03-07 23:03:03: AI War Room extension initialized successfully
2025-03-07 23:03:03: [2025-03-07T23:03:03.983Z] [AI-WARROOM] [INFO] AI War Room extension initialized
2025-03-07 23:03:04: [2025-03-07T23:03:04.530Z] [AI-WARROOM] [INFO] Initializing AI agent service
2025-03-07 23:03:04: [2025-03-07T23:03:04.534Z] [AI-WARROOM] [INFO] Server root path: /root/code-server/dist/node
2025-03-07 23:03:04: Starting AI War Room Extension initialization...
2025-03-07 23:03:04: Agent config directory: ./agent-config
2025-03-07 23:03:04: [2025-03-07T23:03:04.538Z] [AI-WARROOM] [DEBUG] Loaded agent Code Assistant from /root/code-server/dist/node/agent-config/code-assistant.json
2025-03-07 23:03:04: [2025-03-07T23:03:04.538Z] [AI-WARROOM] [DEBUG] Loaded agent Debug Wizard from /root/code-server/dist/node/agent-config/debug-wizard.json
2025-03-07 23:03:04: Agent service initialized successfully
2025-03-07 23:03:04: API router mounted at /api/ai
2025-03-07 23:03:04: Serving static files from: /root/code-server/dist/node/src/browser/pages
2025-03-07 23:03:04: AI War Room extension initialized successfully
2025-03-07 23:03:04: [2025-03-07T23:03:04.547Z] [AI-WARROOM] [INFO] AI War Room extension initialized
2025-03-07 23:03:05: [2025-03-07T23:03:05.108Z] [AI-WARROOM] [INFO] Initializing AI agent service
2025-03-07 23:03:05: [2025-03-07T23:03:05.111Z] [AI-WARROOM] [INFO] Server root path: /root/code-server/dist/node
2025-03-07 23:03:05: Starting AI War Room Extension initialization...
2025-03-07 23:03:05: Agent config directory: ./agent-config
2025-03-07 23:03:05: [2025-03-07T23:03:05.113Z] [AI-WARROOM] [DEBUG] Loaded agent Code Assistant from /root/code-server/dist/node/agent-config/code-assistant.json
2025-03-07 23:03:05: [2025-03-07T23:03:05.113Z] [AI-WARROOM] [DEBUG] Loaded agent Debug Wizard from /root/code-server/dist/node/agent-config/debug-wizard.json
2025-03-07 23:03:05: Agent service initialized successfully
2025-03-07 23:03:05: API router mounted at /api/ai
2025-03-07 23:03:05: Serving static files from: /root/code-server/dist/node/src/browser/pages
2025-03-07 23:03:05: AI War Room extension initialized successfully
2025-03-07 23:03:05: [2025-03-07T23:03:05.115Z] [AI-WARROOM] [INFO] AI War Room extension initialized
2025-03-07 23:03:05: [2025-03-07T23:03:05.662Z] [AI-WARROOM] [INFO] Initializing AI agent service
2025-03-07 23:03:05: [2025-03-07T23:03:05.664Z] [AI-WARROOM] [INFO] Server root path: /root/code-server/dist/node
2025-03-07 23:03:05: Starting AI War Room Extension initialization...
2025-03-07 23:03:05: Agent config directory: ./agent-config
2025-03-07 23:03:05: [2025-03-07T23:03:05.666Z] [AI-WARROOM] [DEBUG] Loaded agent Code Assistant from /root/code-server/dist/node/agent-config/code-assistant.json
2025-03-07 23:03:05: [2025-03-07T23:03:05.666Z] [AI-WARROOM] [DEBUG] Loaded agent Debug Wizard from /root/code-server/dist/node/agent-config/debug-wizard.json
2025-03-07 23:03:05: Agent service initialized successfully
2025-03-07 23:03:05: API router mounted at /api/ai
2025-03-07 23:03:05: Serving static files from: /root/code-server/dist/node/src/browser/pages
2025-03-07 23:03:05: AI War Room extension initialized successfully
2025-03-07 23:03:05: [2025-03-07T23:03:05.673Z] [AI-WARROOM] [INFO] AI War Room extension initialized
2025-03-07 23:03:06: [2025-03-07T23:03:06.232Z] [AI-WARROOM] [INFO] Initializing AI agent service
2025-03-07 23:03:06: [2025-03-07T23:03:06.237Z] [AI-WARROOM] [INFO] Server root path: /root/code-server/dist/node
2025-03-07 23:03:06: Starting AI War Room Extension initialization...
2025-03-07 23:03:06: Agent config directory: ./agent-config
2025-03-07 23:03:06: [2025-03-07T23:03:06.239Z] [AI-WARROOM] [DEBUG] Loaded agent Code Assistant from /root/code-server/dist/node/agent-config/code-assistant.json
2025-03-07 23:03:06: [2025-03-07T23:03:06.239Z] [AI-WARROOM] [DEBUG] Loaded agent Debug Wizard from /root/code-server/dist/node/agent-config/debug-wizard.json
2025-03-07 23:03:06: Agent service initialized successfully
2025-03-07 23:03:06: API router mounted at /api/ai
2025-03-07 23:03:06: Serving static files from: /root/code-server/dist/node/src/browser/pages
2025-03-07 23:03:06: AI War Room extension initialized successfully
2025-03-07 23:03:06: [2025-03-07T23:03:06.244Z] [AI-WARROOM] [INFO] AI War Room extension initialized
2025-03-07 23:03:06: [2025-03-07T23:03:06.768Z] [AI-WARROOM] [INFO] Initializing AI agent service
2025-03-07 23:03:06: [2025-03-07T23:03:06.770Z] [AI-WARROOM] [INFO] Server root path: /root/code-server/dist/node
2025-03-07 23:03:06: Starting AI War Room Extension initialization...
2025-03-07 23:03:06: Agent config directory: ./agent-config
2025-03-07 23:03:06: [2025-03-07T23:03:06.774Z] [AI-WARROOM] [DEBUG] Loaded agent Code Assistant from /root/code-server/dist/node/agent-config/code-assistant.json
2025-03-07 23:03:06: [2025-03-07T23:03:06.774Z] [AI-WARROOM] [DEBUG] Loaded agent Debug Wizard from /root/code-server/dist/node/agent-config/debug-wizard.json
2025-03-07 23:03:06: Agent service initialized successfully
2025-03-07 23:03:06: API router mounted at /api/ai
2025-03-07 23:03:06: Serving static files from: /root/code-server/dist/node/src/browser/pages
2025-03-07 23:03:06: AI War Room extension initialized successfully
2025-03-07 23:03:06: [2025-03-07T23:03:06.776Z] [AI-WARROOM] [INFO] AI War Room extension initialized
2025-03-07 23:03:07: [2025-03-07T23:03:07.401Z] [AI-WARROOM] [INFO] Initializing AI agent service
2025-03-07 23:03:07: [2025-03-07T23:03:07.406Z] [AI-WARROOM] [INFO] Server root path: /root/code-server/dist/node
2025-03-07 23:03:07: Starting AI War Room Extension initialization...
2025-03-07 23:03:07: Agent config directory: ./agent-config
2025-03-07 23:03:07: [2025-03-07T23:03:07.411Z] [AI-WARROOM] [DEBUG] Loaded agent Code Assistant from /root/code-server/dist/node/agent-config/code-assistant.json
2025-03-07 23:03:07: [2025-03-07T23:03:07.411Z] [AI-WARROOM] [DEBUG] Loaded agent Debug Wizard from /root/code-server/dist/node/agent-config/debug-wizard.json
2025-03-07 23:03:07: Agent service initialized successfully
2025-03-07 23:03:07: API router mounted at /api/ai
2025-03-07 23:03:07: Serving static files from: /root/code-server/dist/node/src/browser/pages
2025-03-07 23:03:07: AI War Room extension initialized successfully
2025-03-07 23:03:07: [2025-03-07T23:03:07.420Z] [AI-WARROOM] [INFO] AI War Room extension initialized
2025-03-07 23:03:08: [2025-03-07T23:03:08.011Z] [AI-WARROOM] [INFO] Initializing AI agent service
2025-03-07 23:03:08: [2025-03-07T23:03:08.015Z] [AI-WARROOM] [INFO] Server root path: /root/code-server/dist/node
2025-03-07 23:03:08: Starting AI War Room Extension initialization...
2025-03-07 23:03:08: Agent config directory: ./agent-config
2025-03-07 23:03:08: [2025-03-07T23:03:08.018Z] [AI-WARROOM] [DEBUG] Loaded agent Code Assistant from /root/code-server/dist/node/agent-config/code-assistant.json
2025-03-07 23:03:08: [2025-03-07T23:03:08.018Z] [AI-WARROOM] [DEBUG] Loaded agent Debug Wizard from /root/code-server/dist/node/agent-config/debug-wizard.json
2025-03-07 23:03:08: Agent service initialized successfully
2025-03-07 23:03:08: API router mounted at /api/ai
2025-03-07 23:03:08: Serving static files from: /root/code-server/dist/node/src/browser/pages
2025-03-07 23:03:08: AI War Room extension initialized successfully
2025-03-07 23:03:08: [2025-03-07T23:03:08.022Z] [AI-WARROOM] [INFO] AI War Room extension initialized
2025-03-07 23:03:08: [2025-03-07T23:03:08.609Z] [AI-WARROOM] [INFO] Initializing AI agent service
2025-03-07 23:03:08: [2025-03-07T23:03:08.619Z] [AI-WARROOM] [INFO] Server root path: /root/code-server/dist/node
2025-03-07 23:03:08: Starting AI War Room Extension initialization...
2025-03-07 23:03:08: Agent config directory: ./agent-config
2025-03-07 23:03:08: [2025-03-07T23:03:08.621Z] [AI-WARROOM] [DEBUG] Loaded agent Code Assistant from /root/code-server/dist/node/agent-config/code-assistant.json
2025-03-07 23:03:08: [2025-03-07T23:03:08.621Z] [AI-WARROOM] [DEBUG] Loaded agent Debug Wizard from /root/code-server/dist/node/agent-config/debug-wizard.json
2025-03-07 23:03:08: Agent service initialized successfully
2025-03-07 23:03:08: API router mounted at /api/ai
2025-03-07 23:03:08: Serving static files from: /root/code-server/dist/node/src/browser/pages
2025-03-07 23:03:08: AI War Room extension initialized successfully
2025-03-07 23:03:08: [2025-03-07T23:03:08.632Z] [AI-WARROOM] [INFO] AI War Room extension initialized
2025-03-07 23:03:09: [2025-03-07T23:03:09.209Z] [AI-WARROOM] [INFO] Initializing AI agent service
2025-03-07 23:03:09: [2025-03-07T23:03:09.211Z] [AI-WARROOM] [INFO] Server root path: /root/code-server/dist/node
2025-03-07 23:03:09: Starting AI War Room Extension initialization...
2025-03-07 23:03:09: Agent config directory: ./agent-config
2025-03-07 23:03:09: [2025-03-07T23:03:09.215Z] [AI-WARROOM] [DEBUG] Loaded agent Code Assistant from /root/code-server/dist/node/agent-config/code-assistant.json
2025-03-07 23:03:09: [2025-03-07T23:03:09.215Z] [AI-WARROOM] [DEBUG] Loaded agent Debug Wizard from /root/code-server/dist/node/agent-config/debug-wizard.json
2025-03-07 23:03:09: Agent service initialized successfully
2025-03-07 23:03:09: API router mounted at /api/ai
2025-03-07 23:03:09: Serving static files from: /root/code-server/dist/node/src/browser/pages
2025-03-07 23:03:09: AI War Room extension initialized successfully
2025-03-07 23:03:09: [2025-03-07T23:03:09.225Z] [AI-WARROOM] [INFO] AI War Room extension initialized
2025-03-07 23:03:09: [2025-03-07T23:03:09.809Z] [AI-WARROOM] [INFO] Initializing AI agent service
2025-03-07 23:03:09: [2025-03-07T23:03:09.820Z] [AI-WARROOM] [INFO] Server root path: /root/code-server/dist/node
2025-03-07 23:03:09: Starting AI War Room Extension initialization...
2025-03-07 23:03:09: Agent config directory: ./agent-config
2025-03-07 23:03:09: [2025-03-07T23:03:09.823Z] [AI-WARROOM] [DEBUG] Loaded agent Code Assistant from /root/code-server/dist/node/agent-config/code-assistant.json
2025-03-07 23:03:09: [2025-03-07T23:03:09.823Z] [AI-WARROOM] [DEBUG] Loaded agent Debug Wizard from /root/code-server/dist/node/agent-config/debug-wizard.json
2025-03-07 23:03:09: Agent service initialized successfully
2025-03-07 23:03:09: API router mounted at /api/ai
2025-03-07 23:03:09: Serving static files from: /root/code-server/dist/node/src/browser/pages
2025-03-07 23:03:09: AI War Room extension initialized successfully
2025-03-07 23:03:09: [2025-03-07T23:03:09.827Z] [AI-WARROOM] [INFO] AI War Room extension initialized
2025-03-07 23:03:10: [2025-03-07T23:03:10.394Z] [AI-WARROOM] [INFO] Initializing AI agent service
2025-03-07 23:03:10: [2025-03-07T23:03:10.397Z] [AI-WARROOM] [INFO] Server root path: /root/code-server/dist/node
2025-03-07 23:03:10: Starting AI War Room Extension initialization...
2025-03-07 23:03:10: Agent config directory: ./agent-config
2025-03-07 23:03:10: [2025-03-07T23:03:10.405Z] [AI-WARROOM] [DEBUG] Loaded agent Code Assistant from /root/code-server/dist/node/agent-config/code-assistant.json
2025-03-07 23:03:10: [2025-03-07T23:03:10.406Z] [AI-WARROOM] [DEBUG] Loaded agent Debug Wizard from /root/code-server/dist/node/agent-config/debug-wizard.json
2025-03-07 23:03:10: Agent service initialized successfully
2025-03-07 23:03:10: API router mounted at /api/ai
2025-03-07 23:03:10: Serving static files from: /root/code-server/dist/node/src/browser/pages
2025-03-07 23:03:10: AI War Room extension initialized successfully
2025-03-07 23:03:10: [2025-03-07T23:03:10.417Z] [AI-WARROOM] [INFO] AI War Room extension initialized
2025-03-07 23:03:10: [2025-03-07T23:03:10.937Z] [AI-WARROOM] [INFO] Initializing AI agent service
2025-03-07 23:03:10: [2025-03-07T23:03:10.940Z] [AI-WARROOM] [INFO] Server root path: /root/code-server/dist/node
2025-03-07 23:03:10: Starting AI War Room Extension initialization...
2025-03-07 23:03:10: Agent config directory: ./agent-config
2025-03-07 23:03:10: [2025-03-07T23:03:10.942Z] [AI-WARROOM] [DEBUG] Loaded agent Code Assistant from /root/code-server/dist/node/agent-config/code-assistant.json
2025-03-07 23:03:10: [2025-03-07T23:03:10.943Z] [AI-WARROOM] [DEBUG] Loaded agent Debug Wizard from /root/code-server/dist/node/agent-config/debug-wizard.json
2025-03-07 23:03:10: Agent service initialized successfully
2025-03-07 23:03:10: API router mounted at /api/ai
2025-03-07 23:03:10: Serving static files from: /root/code-server/dist/node/src/browser/pages
2025-03-07 23:03:10: AI War Room extension initialized successfully
2025-03-07 23:03:10: [2025-03-07T23:03:10.947Z] [AI-WARROOM] [INFO] AI War Room extension initialized
2025-03-07 23:03:11: [2025-03-07T23:03:11.453Z] [AI-WARROOM] [INFO] Initializing AI agent service
2025-03-07 23:03:11: [2025-03-07T23:03:11.455Z] [AI-WARROOM] [INFO] Server root path: /root/code-server/dist/node
2025-03-07 23:03:11: Starting AI War Room Extension initialization...
2025-03-07 23:03:11: Agent config directory: ./agent-config
2025-03-07 23:03:11: [2025-03-07T23:03:11.457Z] [AI-WARROOM] [DEBUG] Loaded agent Code Assistant from /root/code-server/dist/node/agent-config/code-assistant.json
2025-03-07 23:03:11: [2025-03-07T23:03:11.457Z] [AI-WARROOM] [DEBUG] Loaded agent Debug Wizard from /root/code-server/dist/node/agent-config/debug-wizard.json
2025-03-07 23:03:11: Agent service initialized successfully
2025-03-07 23:03:11: API router mounted at /api/ai
2025-03-07 23:03:11: Serving static files from: /root/code-server/dist/node/src/browser/pages
2025-03-07 23:03:11: AI War Room extension initialized successfully
2025-03-07 23:03:11: [2025-03-07T23:03:11.464Z] [AI-WARROOM] [INFO] AI War Room extension initialized
2025-03-07 23:03:11: [2025-03-07T23:03:11.995Z] [AI-WARROOM] [INFO] Initializing AI agent service
2025-03-07 23:03:11: [2025-03-07T23:03:11.998Z] [AI-WARROOM] [INFO] Server root path: /root/code-server/dist/node
2025-03-07 23:03:11: Starting AI War Room Extension initialization...
2025-03-07 23:03:11: Agent config directory: ./agent-config
2025-03-07 23:03:12: [2025-03-07T23:03:12.002Z] [AI-WARROOM] [DEBUG] Loaded agent Code Assistant from /root/code-server/dist/node/agent-config/code-assistant.json
2025-03-07 23:03:12: [2025-03-07T23:03:12.002Z] [AI-WARROOM] [DEBUG] Loaded agent Debug Wizard from /root/code-server/dist/node/agent-config/debug-wizard.json
2025-03-07 23:03:12: Agent service initialized successfully
2025-03-07 23:03:12: API router mounted at /api/ai
2025-03-07 23:03:12: Serving static files from: /root/code-server/dist/node/src/browser/pages
2025-03-07 23:03:12: AI War Room extension initialized successfully
2025-03-07 23:03:12: [2025-03-07T23:03:12.006Z] [AI-WARROOM] [INFO] AI War Room extension initialized
2025-03-07 23:03:12: [2025-03-07T23:03:12.557Z] [AI-WARROOM] [INFO] Initializing AI agent service
2025-03-07 23:03:12: [2025-03-07T23:03:12.560Z] [AI-WARROOM] [INFO] Server root path: /root/code-server/dist/node
2025-03-07 23:03:12: Starting AI War Room Extension initialization...
2025-03-07 23:03:12: Agent config directory: ./agent-config
2025-03-07 23:03:12: [2025-03-07T23:03:12.563Z] [AI-WARROOM] [DEBUG] Loaded agent Code Assistant from /root/code-server/dist/node/agent-config/code-assistant.json
2025-03-07 23:03:12: [2025-03-07T23:03:12.567Z] [AI-WARROOM] [DEBUG] Loaded agent Debug Wizard from /root/code-server/dist/node/agent-config/debug-wizard.json
2025-03-07 23:03:12: Agent service initialized successfully
2025-03-07 23:03:12: API router mounted at /api/ai
2025-03-07 23:03:12: Serving static files from: /root/code-server/dist/node/src/browser/pages
2025-03-07 23:03:12: AI War Room extension initialized successfully
2025-03-07 23:03:12: [2025-03-07T23:03:12.577Z] [AI-WARROOM] [INFO] AI War Room extension initialized
2025-03-07 23:03:13: [2025-03-07T23:03:13.114Z] [AI-WARROOM] [INFO] Initializing AI agent service
2025-03-07 23:03:13: [2025-03-07T23:03:13.116Z] [AI-WARROOM] [INFO] Server root path: /root/code-server/dist/node
2025-03-07 23:03:13: Starting AI War Room Extension initialization...
2025-03-07 23:03:13: Agent config directory: ./agent-config
2025-03-07 23:03:13: [2025-03-07T23:03:13.118Z] [AI-WARROOM] [DEBUG] Loaded agent Code Assistant from /root/code-server/dist/node/agent-config/code-assistant.json
2025-03-07 23:03:13: [2025-03-07T23:03:13.119Z] [AI-WARROOM] [DEBUG] Loaded agent Debug Wizard from /root/code-server/dist/node/agent-config/debug-wizard.json
2025-03-07 23:03:13: Agent service initialized successfully
2025-03-07 23:03:13: API router mounted at /api/ai
2025-03-07 23:03:13: Serving static files from: /root/code-server/dist/node/src/browser/pages
2025-03-07 23:03:13: AI War Room extension initialized successfully
2025-03-07 23:03:13: [2025-03-07T23:03:13.121Z] [AI-WARROOM] [INFO] AI War Room extension initialized
2025-03-07 23:03:13: [2025-03-07T23:03:13.668Z] [AI-WARROOM] [INFO] Initializing AI agent service
2025-03-07 23:03:13: [2025-03-07T23:03:13.671Z] [AI-WARROOM] [INFO] Server root path: /root/code-server/dist/node
2025-03-07 23:03:13: Starting AI War Room Extension initialization...
2025-03-07 23:03:13: Agent config directory: ./agent-config
2025-03-07 23:03:13: [2025-03-07T23:03:13.673Z] [AI-WARROOM] [DEBUG] Loaded agent Code Assistant from /root/code-server/dist/node/agent-config/code-assistant.json
2025-03-07 23:03:13: [2025-03-07T23:03:13.673Z] [AI-WARROOM] [DEBUG] Loaded agent Debug Wizard from /root/code-server/dist/node/agent-config/debug-wizard.json
2025-03-07 23:03:13: Agent service initialized successfully
2025-03-07 23:03:13: API router mounted at /api/ai
2025-03-07 23:03:13: Serving static files from: /root/code-server/dist/node/src/browser/pages
2025-03-07 23:03:13: AI War Room extension initialized successfully
2025-03-07 23:03:13: [2025-03-07T23:03:13.676Z] [AI-WARROOM] [INFO] AI War Room extension initialized
2025-03-07 23:03:14: [2025-03-07T23:03:14.292Z] [AI-WARROOM] [INFO] Initializing AI agent service
2025-03-07 23:03:14: [2025-03-07T23:03:14.296Z] [AI-WARROOM] [INFO] Server root path: /root/code-server/dist/node
2025-03-07 23:03:14: Starting AI War Room Extension initialization...
2025-03-07 23:03:14: Agent config directory: ./agent-config
2025-03-07 23:03:14: [2025-03-07T23:03:14.298Z] [AI-WARROOM] [DEBUG] Loaded agent Code Assistant from /root/code-server/dist/node/agent-config/code-assistant.json
2025-03-07 23:03:14: [2025-03-07T23:03:14.298Z] [AI-WARROOM] [DEBUG] Loaded agent Debug Wizard from /root/code-server/dist/node/agent-config/debug-wizard.json
2025-03-07 23:03:14: Agent service initialized successfully
2025-03-07 23:03:14: API router mounted at /api/ai
2025-03-07 23:03:14: Serving static files from: /root/code-server/dist/node/src/browser/pages
2025-03-07 23:03:14: AI War Room extension initialized successfully
2025-03-07 23:03:14: [2025-03-07T23:03:14.304Z] [AI-WARROOM] [INFO] AI War Room extension initialized
2025-03-07 23:03:14: [2025-03-07T23:03:14.924Z] [AI-WARROOM] [INFO] Initializing AI agent service
2025-03-07 23:03:14: [2025-03-07T23:03:14.927Z] [AI-WARROOM] [INFO] Server root path: /root/code-server/dist/node
2025-03-07 23:03:14: Starting AI War Room Extension initialization...
2025-03-07 23:03:14: Agent config directory: ./agent-config
2025-03-07 23:03:14: [2025-03-07T23:03:14.932Z] [AI-WARROOM] [DEBUG] Loaded agent Code Assistant from /root/code-server/dist/node/agent-config/code-assistant.json
2025-03-07 23:03:14: [2025-03-07T23:03:14.932Z] [AI-WARROOM] [DEBUG] Loaded agent Debug Wizard from /root/code-server/dist/node/agent-config/debug-wizard.json
2025-03-07 23:03:14: Agent service initialized successfully
2025-03-07 23:03:14: API router mounted at /api/ai
2025-03-07 23:03:14: Serving static files from: /root/code-server/dist/node/src/browser/pages
2025-03-07 23:03:14: AI War Room extension initialized successfully
2025-03-07 23:03:14: [2025-03-07T23:03:14.936Z] [AI-WARROOM] [INFO] AI War Room extension initialized
2025-03-07 23:03:15: [2025-03-07T23:03:15.598Z] [AI-WARROOM] [INFO] Initializing AI agent service
2025-03-07 23:03:15: [2025-03-07T23:03:15.600Z] [AI-WARROOM] [INFO] Server root path: /root/code-server/dist/node
2025-03-07 23:03:15: Starting AI War Room Extension initialization...
2025-03-07 23:03:15: Agent config directory: ./agent-config
2025-03-07 23:03:15: [2025-03-07T23:03:15.602Z] [AI-WARROOM] [DEBUG] Loaded agent Code Assistant from /root/code-server/dist/node/agent-config/code-assistant.json
2025-03-07 23:03:15: [2025-03-07T23:03:15.603Z] [AI-WARROOM] [DEBUG] Loaded agent Debug Wizard from /root/code-server/dist/node/agent-config/debug-wizard.json
2025-03-07 23:03:15: Agent service initialized successfully
2025-03-07 23:03:15: API router mounted at /api/ai
2025-03-07 23:03:15: Serving static files from: /root/code-server/dist/node/src/browser/pages
2025-03-07 23:03:15: AI War Room extension initialized successfully
2025-03-07 23:03:15: [2025-03-07T23:03:15.606Z] [AI-WARROOM] [INFO] AI War Room extension initialized
2025-03-07 23:03:16: [2025-03-07T23:03:16.328Z] [AI-WARROOM] [INFO] Initializing AI agent service
2025-03-07 23:03:16: [2025-03-07T23:03:16.331Z] [AI-WARROOM] [INFO] Server root path: /root/code-server/dist/node
2025-03-07 23:03:16: Starting AI War Room Extension initialization...
2025-03-07 23:03:16: Agent config directory: ./agent-config
2025-03-07 23:03:16: [2025-03-07T23:03:16.337Z] [AI-WARROOM] [DEBUG] Loaded agent Code Assistant from /root/code-server/dist/node/agent-config/code-assistant.json
2025-03-07 23:03:16: [2025-03-07T23:03:16.337Z] [AI-WARROOM] [DEBUG] Loaded agent Debug Wizard from /root/code-server/dist/node/agent-config/debug-wizard.json
2025-03-07 23:03:16: Agent service initialized successfully
2025-03-07 23:03:16: API router mounted at /api/ai
2025-03-07 23:03:16: Serving static files from: /root/code-server/dist/node/src/browser/pages
2025-03-07 23:03:16: AI War Room extension initialized successfully
2025-03-07 23:03:16: [2025-03-07T23:03:16.353Z] [AI-WARROOM] [INFO] AI War Room extension initialized
2025-03-07 23:03:16: [2025-03-07T23:03:16.938Z] [AI-WARROOM] [INFO] Initializing AI agent service
2025-03-07 23:03:16: [2025-03-07T23:03:16.941Z] [AI-WARROOM] [INFO] Server root path: /root/code-server/dist/node
2025-03-07 23:03:16: Starting AI War Room Extension initialization...
2025-03-07 23:03:16: Agent config directory: ./agent-config
2025-03-07 23:03:16: [2025-03-07T23:03:16.944Z] [AI-WARROOM] [DEBUG] Loaded agent Code Assistant from /root/code-server/dist/node/agent-config/code-assistant.json
2025-03-07 23:03:16: [2025-03-07T23:03:16.944Z] [AI-WARROOM] [DEBUG] Loaded agent Debug Wizard from /root/code-server/dist/node/agent-config/debug-wizard.json
2025-03-07 23:03:16: Agent service initialized successfully
2025-03-07 23:03:16: API router mounted at /api/ai
2025-03-07 23:03:16: Serving static files from: /root/code-server/dist/node/src/browser/pages
2025-03-07 23:03:16: AI War Room extension initialized successfully
2025-03-07 23:03:16: [2025-03-07T23:03:16.947Z] [AI-WARROOM] [INFO] AI War Room extension initialized
2025-03-07 23:03:17: [2025-03-07T23:03:17.572Z] [AI-WARROOM] [INFO] Initializing AI agent service
2025-03-07 23:03:17: [2025-03-07T23:03:17.573Z] [AI-WARROOM] [INFO] Server root path: /root/code-server/dist/node
2025-03-07 23:03:17: Starting AI War Room Extension initialization...
2025-03-07 23:03:17: Agent config directory: ./agent-config
2025-03-07 23:03:17: [2025-03-07T23:03:17.576Z] [AI-WARROOM] [DEBUG] Loaded agent Code Assistant from /root/code-server/dist/node/agent-config/code-assistant.json
2025-03-07 23:03:17: [2025-03-07T23:03:17.576Z] [AI-WARROOM] [DEBUG] Loaded agent Debug Wizard from /root/code-server/dist/node/agent-config/debug-wizard.json
2025-03-07 23:03:17: Agent service initialized successfully
2025-03-07 23:03:17: API router mounted at /api/ai
2025-03-07 23:03:17: Serving static files from: /root/code-server/dist/node/src/browser/pages
2025-03-07 23:03:17: AI War Room extension initialized successfully
2025-03-07 23:03:17: [2025-03-07T23:03:17.579Z] [AI-WARROOM] [INFO] AI War Room extension initialized
2025-03-07 23:03:18: [2025-03-07T23:03:18.211Z] [AI-WARROOM] [INFO] Initializing AI agent service
2025-03-07 23:03:18: [2025-03-07T23:03:18.214Z] [AI-WARROOM] [INFO] Server root path: /root/code-server/dist/node
2025-03-07 23:03:18: Starting AI War Room Extension initialization...
2025-03-07 23:03:18: Agent config directory: ./agent-config
2025-03-07 23:03:18: [2025-03-07T23:03:18.219Z] [AI-WARROOM] [DEBUG] Loaded agent Code Assistant from /root/code-server/dist/node/agent-config/code-assistant.json
2025-03-07 23:03:18: [2025-03-07T23:03:18.219Z] [AI-WARROOM] [DEBUG] Loaded agent Debug Wizard from /root/code-server/dist/node/agent-config/debug-wizard.json
2025-03-07 23:03:18: Agent service initialized successfully
2025-03-07 23:03:18: API router mounted at /api/ai
2025-03-07 23:03:18: Serving static files from: /root/code-server/dist/node/src/browser/pages
2025-03-07 23:03:18: AI War Room extension initialized successfully
2025-03-07 23:03:18: [2025-03-07T23:03:18.222Z] [AI-WARROOM] [INFO] AI War Room extension initialized
2025-03-07 23:03:18: [2025-03-07T23:03:18.793Z] [AI-WARROOM] [INFO] Initializing AI agent service
2025-03-07 23:03:18: [2025-03-07T23:03:18.796Z] [AI-WARROOM] [INFO] Server root path: /root/code-server/dist/node
2025-03-07 23:03:18: Starting AI War Room Extension initialization...
2025-03-07 23:03:18: Agent config directory: ./agent-config
2025-03-07 23:03:18: [2025-03-07T23:03:18.798Z] [AI-WARROOM] [DEBUG] Loaded agent Code Assistant from /root/code-server/dist/node/agent-config/code-assistant.json
2025-03-07 23:03:18: [2025-03-07T23:03:18.798Z] [AI-WARROOM] [DEBUG] Loaded agent Debug Wizard from /root/code-server/dist/node/agent-config/debug-wizard.json
2025-03-07 23:03:18: Agent service initialized successfully
2025-03-07 23:03:18: API router mounted at /api/ai
2025-03-07 23:03:18: Serving static files from: /root/code-server/dist/node/src/browser/pages
2025-03-07 23:03:18: AI War Room extension initialized successfully
2025-03-07 23:03:18: [2025-03-07T23:03:18.806Z] [AI-WARROOM] [INFO] AI War Room extension initialized
2025-03-07 23:03:19: [2025-03-07T23:03:19.391Z] [AI-WARROOM] [INFO] Initializing AI agent service
2025-03-07 23:03:19: [2025-03-07T23:03:19.395Z] [AI-WARROOM] [INFO] Server root path: /root/code-server/dist/node
2025-03-07 23:03:19: Starting AI War Room Extension initialization...
2025-03-07 23:03:19: Agent config directory: ./agent-config
2025-03-07 23:03:19: [2025-03-07T23:03:19.402Z] [AI-WARROOM] [DEBUG] Loaded agent Code Assistant from /root/code-server/dist/node/agent-config/code-assistant.json
2025-03-07 23:03:19: [2025-03-07T23:03:19.402Z] [AI-WARROOM] [DEBUG] Loaded agent Debug Wizard from /root/code-server/dist/node/agent-config/debug-wizard.json
2025-03-07 23:03:19: Agent service initialized successfully
2025-03-07 23:03:19: API router mounted at /api/ai
2025-03-07 23:03:19: Serving static files from: /root/code-server/dist/node/src/browser/pages
2025-03-07 23:03:19: AI War Room extension initialized successfully
2025-03-07 23:03:19: [2025-03-07T23:03:19.414Z] [AI-WARROOM] [INFO] AI War Room extension initialized
2025-03-07 23:03:19: [2025-03-07T23:03:19.976Z] [AI-WARROOM] [INFO] Initializing AI agent service
2025-03-07 23:03:19: [2025-03-07T23:03:19.978Z] [AI-WARROOM] [INFO] Server root path: /root/code-server/dist/node
2025-03-07 23:03:19: Starting AI War Room Extension initialization...
2025-03-07 23:03:19: Agent config directory: ./agent-config
2025-03-07 23:03:19: [2025-03-07T23:03:19.980Z] [AI-WARROOM] [DEBUG] Loaded agent Code Assistant from /root/code-server/dist/node/agent-config/code-assistant.json
2025-03-07 23:03:19: [2025-03-07T23:03:19.980Z] [AI-WARROOM] [DEBUG] Loaded agent Debug Wizard from /root/code-server/dist/node/agent-config/debug-wizard.json
2025-03-07 23:03:19: Agent service initialized successfully
2025-03-07 23:03:19: API router mounted at /api/ai
2025-03-07 23:03:19: Serving static files from: /root/code-server/dist/node/src/browser/pages
2025-03-07 23:03:19: AI War Room extension initialized successfully
2025-03-07 23:03:19: [2025-03-07T23:03:19.982Z] [AI-WARROOM] [INFO] AI War Room extension initialized
2025-03-07 23:03:20: [2025-03-07T23:03:20.536Z] [AI-WARROOM] [INFO] Initializing AI agent service
2025-03-07 23:03:20: [2025-03-07T23:03:20.541Z] [AI-WARROOM] [INFO] Server root path: /root/code-server/dist/node
2025-03-07 23:03:20: Starting AI War Room Extension initialization...
2025-03-07 23:03:20: Agent config directory: ./agent-config
2025-03-07 23:03:20: [2025-03-07T23:03:20.547Z] [AI-WARROOM] [DEBUG] Loaded agent Code Assistant from /root/code-server/dist/node/agent-config/code-assistant.json
2025-03-07 23:03:20: [2025-03-07T23:03:20.547Z] [AI-WARROOM] [DEBUG] Loaded agent Debug Wizard from /root/code-server/dist/node/agent-config/debug-wizard.json
2025-03-07 23:03:20: Agent service initialized successfully
2025-03-07 23:03:20: API router mounted at /api/ai
2025-03-07 23:03:20: Serving static files from: /root/code-server/dist/node/src/browser/pages
2025-03-07 23:03:20: AI War Room extension initialized successfully
2025-03-07 23:03:20: [2025-03-07T23:03:20.551Z] [AI-WARROOM] [INFO] AI War Room extension initialized
2025-03-07 23:03:21: [2025-03-07T23:03:21.177Z] [AI-WARROOM] [INFO] Initializing AI agent service
2025-03-07 23:03:21: [2025-03-07T23:03:21.181Z] [AI-WARROOM] [INFO] Server root path: /root/code-server/dist/node
2025-03-07 23:03:21: Starting AI War Room Extension initialization...
2025-03-07 23:03:21: Agent config directory: ./agent-config
2025-03-07 23:03:21: [2025-03-07T23:03:21.186Z] [AI-WARROOM] [DEBUG] Loaded agent Code Assistant from /root/code-server/dist/node/agent-config/code-assistant.json
2025-03-07 23:03:21: [2025-03-07T23:03:21.186Z] [AI-WARROOM] [DEBUG] Loaded agent Debug Wizard from /root/code-server/dist/node/agent-config/debug-wizard.json
2025-03-07 23:03:21: Agent service initialized successfully
2025-03-07 23:03:21: API router mounted at /api/ai
2025-03-07 23:03:21: Serving static files from: /root/code-server/dist/node/src/browser/pages
2025-03-07 23:03:21: AI War Room extension initialized successfully
2025-03-07 23:03:21: [2025-03-07T23:03:21.190Z] [AI-WARROOM] [INFO] AI War Room extension initialized
2025-03-07 23:03:21: [2025-03-07T23:03:21.753Z] [AI-WARROOM] [INFO] Initializing AI agent service
2025-03-07 23:03:21: [2025-03-07T23:03:21.756Z] [AI-WARROOM] [INFO] Server root path: /root/code-server/dist/node
2025-03-07 23:03:21: Starting AI War Room Extension initialization...
2025-03-07 23:03:21: Agent config directory: ./agent-config
2025-03-07 23:03:21: [2025-03-07T23:03:21.758Z] [AI-WARROOM] [DEBUG] Loaded agent Code Assistant from /root/code-server/dist/node/agent-config/code-assistant.json
2025-03-07 23:03:21: [2025-03-07T23:03:21.758Z] [AI-WARROOM] [DEBUG] Loaded agent Debug Wizard from /root/code-server/dist/node/agent-config/debug-wizard.json
2025-03-07 23:03:21: Agent service initialized successfully
2025-03-07 23:03:21: API router mounted at /api/ai
2025-03-07 23:03:21: Serving static files from: /root/code-server/dist/node/src/browser/pages
2025-03-07 23:03:21: AI War Room extension initialized successfully
2025-03-07 23:03:21: [2025-03-07T23:03:21.762Z] [AI-WARROOM] [INFO] AI War Room extension initialized
2025-03-07 23:03:22: [2025-03-07T23:03:22.363Z] [AI-WARROOM] [INFO] Initializing AI agent service
2025-03-07 23:03:22: [2025-03-07T23:03:22.368Z] [AI-WARROOM] [INFO] Server root path: /root/code-server/dist/node
2025-03-07 23:03:22: Starting AI War Room Extension initialization...
2025-03-07 23:03:22: Agent config directory: ./agent-config
2025-03-07 23:03:22: [2025-03-07T23:03:22.371Z] [AI-WARROOM] [DEBUG] Loaded agent Code Assistant from /root/code-server/dist/node/agent-config/code-assistant.json
2025-03-07 23:03:22: [2025-03-07T23:03:22.371Z] [AI-WARROOM] [DEBUG] Loaded agent Debug Wizard from /root/code-server/dist/node/agent-config/debug-wizard.json
2025-03-07 23:03:22: Agent service initialized successfully
2025-03-07 23:03:22: API router mounted at /api/ai
2025-03-07 23:03:22: Serving static files from: /root/code-server/dist/node/src/browser/pages
2025-03-07 23:03:22: AI War Room extension initialized successfully
2025-03-07 23:03:22: [2025-03-07T23:03:22.377Z] [AI-WARROOM] [INFO] AI War Room extension initialized
2025-03-07 23:03:22: [2025-03-07T23:03:22.943Z] [AI-WARROOM] [INFO] Initializing AI agent service
2025-03-07 23:03:22: [2025-03-07T23:03:22.947Z] [AI-WARROOM] [INFO] Server root path: /root/code-server/dist/node
2025-03-07 23:03:22: Starting AI War Room Extension initialization...
2025-03-07 23:03:22: Agent config directory: ./agent-config
2025-03-07 23:03:22: [2025-03-07T23:03:22.949Z] [AI-WARROOM] [DEBUG] Loaded agent Code Assistant from /root/code-server/dist/node/agent-config/code-assistant.json
2025-03-07 23:03:22: [2025-03-07T23:03:22.950Z] [AI-WARROOM] [DEBUG] Loaded agent Debug Wizard from /root/code-server/dist/node/agent-config/debug-wizard.json
2025-03-07 23:03:22: Agent service initialized successfully
2025-03-07 23:03:22: API router mounted at /api/ai
2025-03-07 23:03:22: Serving static files from: /root/code-server/dist/node/src/browser/pages
2025-03-07 23:03:22: AI War Room extension initialized successfully
2025-03-07 23:03:22: [2025-03-07T23:03:22.953Z] [AI-WARROOM] [INFO] AI War Room extension initialized
2025-03-07 23:03:23: [2025-03-07T23:03:23.490Z] [AI-WARROOM] [INFO] Initializing AI agent service
2025-03-07 23:03:23: [2025-03-07T23:03:23.493Z] [AI-WARROOM] [INFO] Server root path: /root/code-server/dist/node
2025-03-07 23:03:23: Starting AI War Room Extension initialization...
2025-03-07 23:03:23: Agent config directory: ./agent-config
2025-03-07 23:03:23: [2025-03-07T23:03:23.497Z] [AI-WARROOM] [DEBUG] Loaded agent Code Assistant from /root/code-server/dist/node/agent-config/code-assistant.json
2025-03-07 23:03:23: [2025-03-07T23:03:23.497Z] [AI-WARROOM] [DEBUG] Loaded agent Debug Wizard from /root/code-server/dist/node/agent-config/debug-wizard.json
2025-03-07 23:03:23: Agent service initialized successfully
2025-03-07 23:03:23: API router mounted at /api/ai
2025-03-07 23:03:23: Serving static files from: /root/code-server/dist/node/src/browser/pages
2025-03-07 23:03:23: AI War Room extension initialized successfully
2025-03-07 23:03:23: [2025-03-07T23:03:23.501Z] [AI-WARROOM] [INFO] AI War Room extension initialized
2025-03-07 23:03:24: [2025-03-07T23:03:24.056Z] [AI-WARROOM] [INFO] Initializing AI agent service
2025-03-07 23:03:24: [2025-03-07T23:03:24.058Z] [AI-WARROOM] [INFO] Server root path: /root/code-server/dist/node
2025-03-07 23:03:24: Starting AI War Room Extension initialization...
2025-03-07 23:03:24: Agent config directory: ./agent-config
2025-03-07 23:03:24: [2025-03-07T23:03:24.068Z] [AI-WARROOM] [DEBUG] Loaded agent Code Assistant from /root/code-server/dist/node/agent-config/code-assistant.json
2025-03-07 23:03:24: [2025-03-07T23:03:24.068Z] [AI-WARROOM] [DEBUG] Loaded agent Debug Wizard from /root/code-server/dist/node/agent-config/debug-wizard.json
2025-03-07 23:03:24: Agent service initialized successfully
2025-03-07 23:03:24: API router mounted at /api/ai
2025-03-07 23:03:24: Serving static files from: /root/code-server/dist/node/src/browser/pages
2025-03-07 23:03:24: AI War Room extension initialized successfully
2025-03-07 23:03:24: [2025-03-07T23:03:24.070Z] [AI-WARROOM] [INFO] AI War Room extension initialized
2025-03-07 23:03:24: [2025-03-07T23:03:24.646Z] [AI-WARROOM] [INFO] Initializing AI agent service
2025-03-07 23:03:24: [2025-03-07T23:03:24.648Z] [AI-WARROOM] [INFO] Server root path: /root/code-server/dist/node
2025-03-07 23:03:24: Starting AI War Room Extension initialization...
2025-03-07 23:03:24: Agent config directory: ./agent-config
2025-03-07 23:03:24: [2025-03-07T23:03:24.650Z] [AI-WARROOM] [DEBUG] Loaded agent Code Assistant from /root/code-server/dist/node/agent-config/code-assistant.json
2025-03-07 23:03:24: [2025-03-07T23:03:24.650Z] [AI-WARROOM] [DEBUG] Loaded agent Debug Wizard from /root/code-server/dist/node/agent-config/debug-wizard.json
2025-03-07 23:03:24: Agent service initialized successfully
2025-03-07 23:03:24: API router mounted at /api/ai
2025-03-07 23:03:24: Serving static files from: /root/code-server/dist/node/src/browser/pages
2025-03-07 23:03:24: AI War Room extension initialized successfully
2025-03-07 23:03:24: [2025-03-07T23:03:24.652Z] [AI-WARROOM] [INFO] AI War Room extension initialized
2025-03-07 23:03:25: [2025-03-07T23:03:25.273Z] [AI-WARROOM] [INFO] Initializing AI agent service
2025-03-07 23:03:25: [2025-03-07T23:03:25.275Z] [AI-WARROOM] [INFO] Server root path: /root/code-server/dist/node
2025-03-07 23:03:25: Starting AI War Room Extension initialization...
2025-03-07 23:03:25: Agent config directory: ./agent-config
2025-03-07 23:03:25: [2025-03-07T23:03:25.278Z] [AI-WARROOM] [DEBUG] Loaded agent Code Assistant from /root/code-server/dist/node/agent-config/code-assistant.json
2025-03-07 23:03:25: [2025-03-07T23:03:25.278Z] [AI-WARROOM] [DEBUG] Loaded agent Debug Wizard from /root/code-server/dist/node/agent-config/debug-wizard.json
2025-03-07 23:03:25: Agent service initialized successfully
2025-03-07 23:03:25: API router mounted at /api/ai
2025-03-07 23:03:25: Serving static files from: /root/code-server/dist/node/src/browser/pages
2025-03-07 23:03:25: AI War Room extension initialized successfully
2025-03-07 23:03:25: [2025-03-07T23:03:25.282Z] [AI-WARROOM] [INFO] AI War Room extension initialized
2025-03-07 23:03:25: [2025-03-07T23:03:25.927Z] [AI-WARROOM] [INFO] Initializing AI agent service
2025-03-07 23:03:25: [2025-03-07T23:03:25.929Z] [AI-WARROOM] [INFO] Server root path: /root/code-server/dist/node
2025-03-07 23:03:25: Starting AI War Room Extension initialization...
2025-03-07 23:03:25: Agent config directory: ./agent-config
2025-03-07 23:03:25: [2025-03-07T23:03:25.931Z] [AI-WARROOM] [DEBUG] Loaded agent Code Assistant from /root/code-server/dist/node/agent-config/code-assistant.json
2025-03-07 23:03:25: [2025-03-07T23:03:25.932Z] [AI-WARROOM] [DEBUG] Loaded agent Debug Wizard from /root/code-server/dist/node/agent-config/debug-wizard.json
2025-03-07 23:03:25: Agent service initialized successfully
2025-03-07 23:03:25: API router mounted at /api/ai
2025-03-07 23:03:25: Serving static files from: /root/code-server/dist/node/src/browser/pages
2025-03-07 23:03:25: AI War Room extension initialized successfully
2025-03-07 23:03:25: [2025-03-07T23:03:25.946Z] [AI-WARROOM] [INFO] AI War Room extension initialized
2025-03-07 23:03:26: [2025-03-07T23:03:26.593Z] [AI-WARROOM] [INFO] Initializing AI agent service
2025-03-07 23:03:26: [2025-03-07T23:03:26.595Z] [AI-WARROOM] [INFO] Server root path: /root/code-server/dist/node
2025-03-07 23:03:26: Starting AI War Room Extension initialization...
2025-03-07 23:03:26: Agent config directory: ./agent-config
2025-03-07 23:03:26: [2025-03-07T23:03:26.607Z] [AI-WARROOM] [DEBUG] Loaded agent Code Assistant from /root/code-server/dist/node/agent-config/code-assistant.json
2025-03-07 23:03:26: [2025-03-07T23:03:26.607Z] [AI-WARROOM] [DEBUG] Loaded agent Debug Wizard from /root/code-server/dist/node/agent-config/debug-wizard.json
2025-03-07 23:03:26: Agent service initialized successfully
2025-03-07 23:03:26: API router mounted at /api/ai
2025-03-07 23:03:26: Serving static files from: /root/code-server/dist/node/src/browser/pages
2025-03-07 23:03:26: AI War Room extension initialized successfully
2025-03-07 23:03:26: [2025-03-07T23:03:26.610Z] [AI-WARROOM] [INFO] AI War Room extension initialized
2025-03-07 23:03:27: [2025-03-07T23:03:27.220Z] [AI-WARROOM] [INFO] Initializing AI agent service
2025-03-07 23:03:27: [2025-03-07T23:03:27.223Z] [AI-WARROOM] [INFO] Server root path: /root/code-server/dist/node
2025-03-07 23:03:27: Starting AI War Room Extension initialization...
2025-03-07 23:03:27: Agent config directory: ./agent-config
2025-03-07 23:03:27: [2025-03-07T23:03:27.225Z] [AI-WARROOM] [DEBUG] Loaded agent Code Assistant from /root/code-server/dist/node/agent-config/code-assistant.json
2025-03-07 23:03:27: [2025-03-07T23:03:27.226Z] [AI-WARROOM] [DEBUG] Loaded agent Debug Wizard from /root/code-server/dist/node/agent-config/debug-wizard.json
2025-03-07 23:03:27: Agent service initialized successfully
2025-03-07 23:03:27: API router mounted at /api/ai
2025-03-07 23:03:27: Serving static files from: /root/code-server/dist/node/src/browser/pages
2025-03-07 23:03:27: AI War Room extension initialized successfully
2025-03-07 23:03:27: [2025-03-07T23:03:27.228Z] [AI-WARROOM] [INFO] AI War Room extension initialized
2025-03-07 23:03:27: [2025-03-07T23:03:27.847Z] [AI-WARROOM] [INFO] Initializing AI agent service
2025-03-07 23:03:27: [2025-03-07T23:03:27.852Z] [AI-WARROOM] [INFO] Server root path: /root/code-server/dist/node
2025-03-07 23:03:27: Starting AI War Room Extension initialization...
2025-03-07 23:03:27: Agent config directory: ./agent-config
2025-03-07 23:03:27: [2025-03-07T23:03:27.854Z] [AI-WARROOM] [DEBUG] Loaded agent Code Assistant from /root/code-server/dist/node/agent-config/code-assistant.json
2025-03-07 23:03:27: [2025-03-07T23:03:27.854Z] [AI-WARROOM] [DEBUG] Loaded agent Debug Wizard from /root/code-server/dist/node/agent-config/debug-wizard.json
2025-03-07 23:03:27: Agent service initialized successfully
2025-03-07 23:03:27: API router mounted at /api/ai
2025-03-07 23:03:27: Serving static files from: /root/code-server/dist/node/src/browser/pages
2025-03-07 23:03:27: AI War Room extension initialized successfully
2025-03-07 23:03:27: [2025-03-07T23:03:27.858Z] [AI-WARROOM] [INFO] AI War Room extension initialized
2025-03-07 23:03:28: [2025-03-07T23:03:28.498Z] [AI-WARROOM] [INFO] Initializing AI agent service
2025-03-07 23:03:28: [2025-03-07T23:03:28.500Z] [AI-WARROOM] [INFO] Server root path: /root/code-server/dist/node
2025-03-07 23:03:28: Starting AI War Room Extension initialization...
2025-03-07 23:03:28: Agent config directory: ./agent-config
2025-03-07 23:03:28: [2025-03-07T23:03:28.502Z] [AI-WARROOM] [DEBUG] Loaded agent Code Assistant from /root/code-server/dist/node/agent-config/code-assistant.json
2025-03-07 23:03:28: [2025-03-07T23:03:28.502Z] [AI-WARROOM] [DEBUG] Loaded agent Debug Wizard from /root/code-server/dist/node/agent-config/debug-wizard.json
2025-03-07 23:03:28: Agent service initialized successfully
2025-03-07 23:03:28: API router mounted at /api/ai
2025-03-07 23:03:28: Serving static files from: /root/code-server/dist/node/src/browser/pages
2025-03-07 23:03:28: AI War Room extension initialized successfully
2025-03-07 23:03:28: [2025-03-07T23:03:28.510Z] [AI-WARROOM] [INFO] AI War Room extension initialized
2025-03-07 23:03:29: [2025-03-07T23:03:29.199Z] [AI-WARROOM] [INFO] Initializing AI agent service
2025-03-07 23:03:29: [2025-03-07T23:03:29.204Z] [AI-WARROOM] [INFO] Server root path: /root/code-server/dist/node
2025-03-07 23:03:29: Starting AI War Room Extension initialization...
2025-03-07 23:03:29: Agent config directory: ./agent-config
2025-03-07 23:03:29: [2025-03-07T23:03:29.209Z] [AI-WARROOM] [DEBUG] Loaded agent Code Assistant from /root/code-server/dist/node/agent-config/code-assistant.json
2025-03-07 23:03:29: [2025-03-07T23:03:29.209Z] [AI-WARROOM] [DEBUG] Loaded agent Debug Wizard from /root/code-server/dist/node/agent-config/debug-wizard.json
2025-03-07 23:03:29: Agent service initialized successfully
2025-03-07 23:03:29: API router mounted at /api/ai
2025-03-07 23:03:29: Serving static files from: /root/code-server/dist/node/src/browser/pages
2025-03-07 23:03:29: AI War Room extension initialized successfully
2025-03-07 23:03:29: [2025-03-07T23:03:29.213Z] [AI-WARROOM] [INFO] AI War Room extension initialized
2025-03-07 23:03:29: [2025-03-07T23:03:29.900Z] [AI-WARROOM] [INFO] Initializing AI agent service
2025-03-07 23:03:29: [2025-03-07T23:03:29.903Z] [AI-WARROOM] [INFO] Server root path: /root/code-server/dist/node
2025-03-07 23:03:29: Starting AI War Room Extension initialization...
2025-03-07 23:03:29: Agent config directory: ./agent-config
2025-03-07 23:03:29: [2025-03-07T23:03:29.906Z] [AI-WARROOM] [DEBUG] Loaded agent Code Assistant from /root/code-server/dist/node/agent-config/code-assistant.json
2025-03-07 23:03:29: [2025-03-07T23:03:29.906Z] [AI-WARROOM] [DEBUG] Loaded agent Debug Wizard from /root/code-server/dist/node/agent-config/debug-wizard.json
2025-03-07 23:03:29: Agent service initialized successfully
2025-03-07 23:03:29: API router mounted at /api/ai
2025-03-07 23:03:29: Serving static files from: /root/code-server/dist/node/src/browser/pages
2025-03-07 23:03:29: AI War Room extension initialized successfully
2025-03-07 23:03:29: [2025-03-07T23:03:29.910Z] [AI-WARROOM] [INFO] AI War Room extension initialized
2025-03-07 23:03:30: [2025-03-07T23:03:30.607Z] [AI-WARROOM] [INFO] Initializing AI agent service
2025-03-07 23:03:30: [2025-03-07T23:03:30.614Z] [AI-WARROOM] [INFO] Server root path: /root/code-server/dist/node
2025-03-07 23:03:30: Starting AI War Room Extension initialization...
2025-03-07 23:03:30: Agent config directory: ./agent-config
2025-03-07 23:03:30: [2025-03-07T23:03:30.617Z] [AI-WARROOM] [DEBUG] Loaded agent Code Assistant from /root/code-server/dist/node/agent-config/code-assistant.json
2025-03-07 23:03:30: [2025-03-07T23:03:30.617Z] [AI-WARROOM] [DEBUG] Loaded agent Debug Wizard from /root/code-server/dist/node/agent-config/debug-wizard.json
2025-03-07 23:03:30: Agent service initialized successfully
2025-03-07 23:03:30: API router mounted at /api/ai
2025-03-07 23:03:30: Serving static files from: /root/code-server/dist/node/src/browser/pages
2025-03-07 23:03:30: AI War Room extension initialized successfully
2025-03-07 23:03:30: [2025-03-07T23:03:30.629Z] [AI-WARROOM] [INFO] AI War Room extension initialized
2025-03-07 23:03:31: [2025-03-07T23:03:31.218Z] [AI-WARROOM] [INFO] Initializing AI agent service
2025-03-07 23:03:31: [2025-03-07T23:03:31.220Z] [AI-WARROOM] [INFO] Server root path: /root/code-server/dist/node
2025-03-07 23:03:31: Starting AI War Room Extension initialization...
2025-03-07 23:03:31: Agent config directory: ./agent-config
2025-03-07 23:03:31: [2025-03-07T23:03:31.225Z] [AI-WARROOM] [DEBUG] Loaded agent Code Assistant from /root/code-server/dist/node/agent-config/code-assistant.json
2025-03-07 23:03:31: [2025-03-07T23:03:31.225Z] [AI-WARROOM] [DEBUG] Loaded agent Debug Wizard from /root/code-server/dist/node/agent-config/debug-wizard.json
2025-03-07 23:03:31: Agent service initialized successfully
2025-03-07 23:03:31: API router mounted at /api/ai
2025-03-07 23:03:31: Serving static files from: /root/code-server/dist/node/src/browser/pages
2025-03-07 23:03:31: AI War Room extension initialized successfully
2025-03-07 23:03:31: [2025-03-07T23:03:31.236Z] [AI-WARROOM] [INFO] AI War Room extension initialized
2025-03-07 23:03:31: [2025-03-07T23:03:31.829Z] [AI-WARROOM] [INFO] Initializing AI agent service
2025-03-07 23:03:31: [2025-03-07T23:03:31.835Z] [AI-WARROOM] [INFO] Server root path: /root/code-server/dist/node
2025-03-07 23:03:31: Starting AI War Room Extension initialization...
2025-03-07 23:03:31: Agent config directory: ./agent-config
2025-03-07 23:03:31: [2025-03-07T23:03:31.837Z] [AI-WARROOM] [DEBUG] Loaded agent Code Assistant from /root/code-server/dist/node/agent-config/code-assistant.json
2025-03-07 23:03:31: [2025-03-07T23:03:31.837Z] [AI-WARROOM] [DEBUG] Loaded agent Debug Wizard from /root/code-server/dist/node/agent-config/debug-wizard.json
2025-03-07 23:03:31: Agent service initialized successfully
2025-03-07 23:03:31: API router mounted at /api/ai
2025-03-07 23:03:31: Serving static files from: /root/code-server/dist/node/src/browser/pages
2025-03-07 23:03:31: AI War Room extension initialized successfully
2025-03-07 23:03:31: [2025-03-07T23:03:31.849Z] [AI-WARROOM] [INFO] AI War Room extension initialized
2025-03-07 23:03:32: [2025-03-07T23:03:32.463Z] [AI-WARROOM] [INFO] Initializing AI agent service
2025-03-07 23:03:32: [2025-03-07T23:03:32.466Z] [AI-WARROOM] [INFO] Server root path: /root/code-server/dist/node
2025-03-07 23:03:32: Starting AI War Room Extension initialization...
2025-03-07 23:03:32: Agent config directory: ./agent-config
2025-03-07 23:03:32: [2025-03-07T23:03:32.471Z] [AI-WARROOM] [DEBUG] Loaded agent Code Assistant from /root/code-server/dist/node/agent-config/code-assistant.json
2025-03-07 23:03:32: [2025-03-07T23:03:32.472Z] [AI-WARROOM] [DEBUG] Loaded agent Debug Wizard from /root/code-server/dist/node/agent-config/debug-wizard.json
2025-03-07 23:03:32: Agent service initialized successfully
2025-03-07 23:03:32: API router mounted at /api/ai
2025-03-07 23:03:32: Serving static files from: /root/code-server/dist/node/src/browser/pages
2025-03-07 23:03:32: AI War Room extension initialized successfully
2025-03-07 23:03:32: [2025-03-07T23:03:32.474Z] [AI-WARROOM] [INFO] AI War Room extension initialized
2025-03-07 23:03:33: [2025-03-07T23:03:33.036Z] [AI-WARROOM] [INFO] Initializing AI agent service
2025-03-07 23:03:33: [2025-03-07T23:03:33.039Z] [AI-WARROOM] [INFO] Server root path: /root/code-server/dist/node
2025-03-07 23:03:33: Starting AI War Room Extension initialization...
2025-03-07 23:03:33: Agent config directory: ./agent-config
2025-03-07 23:03:33: [2025-03-07T23:03:33.041Z] [AI-WARROOM] [DEBUG] Loaded agent Code Assistant from /root/code-server/dist/node/agent-config/code-assistant.json
2025-03-07 23:03:33: [2025-03-07T23:03:33.041Z] [AI-WARROOM] [DEBUG] Loaded agent Debug Wizard from /root/code-server/dist/node/agent-config/debug-wizard.json
2025-03-07 23:03:33: Agent service initialized successfully
2025-03-07 23:03:33: API router mounted at /api/ai
2025-03-07 23:03:33: Serving static files from: /root/code-server/dist/node/src/browser/pages
2025-03-07 23:03:33: AI War Room extension initialized successfully
2025-03-07 23:03:33: [2025-03-07T23:03:33.043Z] [AI-WARROOM] [INFO] AI War Room extension initialized
2025-03-07 23:03:33: [2025-03-07T23:03:33.694Z] [AI-WARROOM] [INFO] Initializing AI agent service
2025-03-07 23:03:33: [2025-03-07T23:03:33.696Z] [AI-WARROOM] [INFO] Server root path: /root/code-server/dist/node
2025-03-07 23:03:33: Starting AI War Room Extension initialization...
2025-03-07 23:03:33: Agent config directory: ./agent-config
2025-03-07 23:03:33: [2025-03-07T23:03:33.701Z] [AI-WARROOM] [DEBUG] Loaded agent Code Assistant from /root/code-server/dist/node/agent-config/code-assistant.json
2025-03-07 23:03:33: [2025-03-07T23:03:33.702Z] [AI-WARROOM] [DEBUG] Loaded agent Debug Wizard from /root/code-server/dist/node/agent-config/debug-wizard.json
2025-03-07 23:03:33: Agent service initialized successfully
2025-03-07 23:03:33: API router mounted at /api/ai
2025-03-07 23:03:33: Serving static files from: /root/code-server/dist/node/src/browser/pages
2025-03-07 23:03:33: AI War Room extension initialized successfully
2025-03-07 23:03:33: [2025-03-07T23:03:33.706Z] [AI-WARROOM] [INFO] AI War Room extension initialized
2025-03-07 23:03:34: [2025-03-07T23:03:34.353Z] [AI-WARROOM] [INFO] Initializing AI agent service
2025-03-07 23:03:34: [2025-03-07T23:03:34.355Z] [AI-WARROOM] [INFO] Server root path: /root/code-server/dist/node
2025-03-07 23:03:34: Starting AI War Room Extension initialization...
2025-03-07 23:03:34: Agent config directory: ./agent-config
2025-03-07 23:03:34: [2025-03-07T23:03:34.358Z] [AI-WARROOM] [DEBUG] Loaded agent Code Assistant from /root/code-server/dist/node/agent-config/code-assistant.json
2025-03-07 23:03:34: [2025-03-07T23:03:34.358Z] [AI-WARROOM] [DEBUG] Loaded agent Debug Wizard from /root/code-server/dist/node/agent-config/debug-wizard.json
2025-03-07 23:03:34: Agent service initialized successfully
2025-03-07 23:03:34: API router mounted at /api/ai
2025-03-07 23:03:34: Serving static files from: /root/code-server/dist/node/src/browser/pages
2025-03-07 23:03:34: AI War Room extension initialized successfully
2025-03-07 23:03:34: [2025-03-07T23:03:34.361Z] [AI-WARROOM] [INFO] AI War Room extension initialized
2025-03-07 23:03:34: [2025-03-07T23:03:34.966Z] [AI-WARROOM] [INFO] Initializing AI agent service
2025-03-07 23:03:34: [2025-03-07T23:03:34.968Z] [AI-WARROOM] [INFO] Server root path: /root/code-server/dist/node
2025-03-07 23:03:34: Starting AI War Room Extension initialization...
2025-03-07 23:03:34: Agent config directory: ./agent-config
2025-03-07 23:03:34: [2025-03-07T23:03:34.971Z] [AI-WARROOM] [DEBUG] Loaded agent Code Assistant from /root/code-server/dist/node/agent-config/code-assistant.json
2025-03-07 23:03:34: [2025-03-07T23:03:34.971Z] [AI-WARROOM] [DEBUG] Loaded agent Debug Wizard from /root/code-server/dist/node/agent-config/debug-wizard.json
2025-03-07 23:03:34: Agent service initialized successfully
2025-03-07 23:03:34: API router mounted at /api/ai
2025-03-07 23:03:34: Serving static files from: /root/code-server/dist/node/src/browser/pages
2025-03-07 23:03:34: AI War Room extension initialized successfully
2025-03-07 23:03:34: [2025-03-07T23:03:34.974Z] [AI-WARROOM] [INFO] AI War Room extension initialized
2025-03-07 23:03:35: [2025-03-07T23:03:35.575Z] [AI-WARROOM] [INFO] Initializing AI agent service
2025-03-07 23:03:35: [2025-03-07T23:03:35.577Z] [AI-WARROOM] [INFO] Server root path: /root/code-server/dist/node
2025-03-07 23:03:35: Starting AI War Room Extension initialization...
2025-03-07 23:03:35: Agent config directory: ./agent-config
2025-03-07 23:03:35: [2025-03-07T23:03:35.585Z] [AI-WARROOM] [DEBUG] Loaded agent Code Assistant from /root/code-server/dist/node/agent-config/code-assistant.json
2025-03-07 23:03:35: [2025-03-07T23:03:35.585Z] [AI-WARROOM] [DEBUG] Loaded agent Debug Wizard from /root/code-server/dist/node/agent-config/debug-wizard.json
2025-03-07 23:03:35: Agent service initialized successfully
2025-03-07 23:03:35: API router mounted at /api/ai
2025-03-07 23:03:35: Serving static files from: /root/code-server/dist/node/src/browser/pages
2025-03-07 23:03:35: AI War Room extension initialized successfully
2025-03-07 23:03:35: [2025-03-07T23:03:35.590Z] [AI-WARROOM] [INFO] AI War Room extension initialized
2025-03-07 23:03:36: [2025-03-07T23:03:36.273Z] [AI-WARROOM] [INFO] Initializing AI agent service
2025-03-07 23:03:36: [2025-03-07T23:03:36.276Z] [AI-WARROOM] [INFO] Server root path: /root/code-server/dist/node
2025-03-07 23:03:36: Starting AI War Room Extension initialization...
2025-03-07 23:03:36: Agent config directory: ./agent-config
2025-03-07 23:03:36: [2025-03-07T23:03:36.279Z] [AI-WARROOM] [DEBUG] Loaded agent Code Assistant from /root/code-server/dist/node/agent-config/code-assistant.json
2025-03-07 23:03:36: [2025-03-07T23:03:36.279Z] [AI-WARROOM] [DEBUG] Loaded agent Debug Wizard from /root/code-server/dist/node/agent-config/debug-wizard.json
2025-03-07 23:03:36: Agent service initialized successfully
2025-03-07 23:03:36: API router mounted at /api/ai
2025-03-07 23:03:36: Serving static files from: /root/code-server/dist/node/src/browser/pages
2025-03-07 23:03:36: AI War Room extension initialized successfully
2025-03-07 23:03:36: [2025-03-07T23:03:36.282Z] [AI-WARROOM] [INFO] AI War Room extension initialized
2025-03-07 23:03:36: [2025-03-07T23:03:36.946Z] [AI-WARROOM] [INFO] Initializing AI agent service
2025-03-07 23:03:36: [2025-03-07T23:03:36.948Z] [AI-WARROOM] [INFO] Server root path: /root/code-server/dist/node
2025-03-07 23:03:36: Starting AI War Room Extension initialization...
2025-03-07 23:03:36: Agent config directory: ./agent-config
2025-03-07 23:03:36: [2025-03-07T23:03:36.951Z] [AI-WARROOM] [DEBUG] Loaded agent Code Assistant from /root/code-server/dist/node/agent-config/code-assistant.json
2025-03-07 23:03:36: [2025-03-07T23:03:36.951Z] [AI-WARROOM] [DEBUG] Loaded agent Debug Wizard from /root/code-server/dist/node/agent-config/debug-wizard.json
2025-03-07 23:03:36: Agent service initialized successfully
2025-03-07 23:03:36: API router mounted at /api/ai
2025-03-07 23:03:36: Serving static files from: /root/code-server/dist/node/src/browser/pages
2025-03-07 23:03:36: AI War Room extension initialized successfully
2025-03-07 23:03:36: [2025-03-07T23:03:36.954Z] [AI-WARROOM] [INFO] AI War Room extension initialized
2025-03-07 23:03:37: [2025-03-07T23:03:37.706Z] [AI-WARROOM] [INFO] Initializing AI agent service
2025-03-07 23:03:37: [2025-03-07T23:03:37.725Z] [AI-WARROOM] [INFO] Server root path: /root/code-server/dist/node
2025-03-07 23:03:37: Starting AI War Room Extension initialization...
2025-03-07 23:03:37: Agent config directory: ./agent-config
2025-03-07 23:03:37: [2025-03-07T23:03:37.736Z] [AI-WARROOM] [DEBUG] Loaded agent Code Assistant from /root/code-server/dist/node/agent-config/code-assistant.json
2025-03-07 23:03:37: [2025-03-07T23:03:37.736Z] [AI-WARROOM] [DEBUG] Loaded agent Debug Wizard from /root/code-server/dist/node/agent-config/debug-wizard.json
2025-03-07 23:03:37: Agent service initialized successfully
2025-03-07 23:03:37: API router mounted at /api/ai
2025-03-07 23:03:37: Serving static files from: /root/code-server/dist/node/src/browser/pages
2025-03-07 23:03:37: AI War Room extension initialized successfully
2025-03-07 23:03:37: [2025-03-07T23:03:37.780Z] [AI-WARROOM] [INFO] AI War Room extension initialized
2025-03-07 23:03:38: [2025-03-07T23:03:38.484Z] [AI-WARROOM] [INFO] Initializing AI agent service
2025-03-07 23:03:38: [2025-03-07T23:03:38.487Z] [AI-WARROOM] [INFO] Server root path: /root/code-server/dist/node
2025-03-07 23:03:38: Starting AI War Room Extension initialization...
2025-03-07 23:03:38: Agent config directory: ./agent-config
2025-03-07 23:03:38: [2025-03-07T23:03:38.489Z] [AI-WARROOM] [DEBUG] Loaded agent Code Assistant from /root/code-server/dist/node/agent-config/code-assistant.json
2025-03-07 23:03:38: [2025-03-07T23:03:38.489Z] [AI-WARROOM] [DEBUG] Loaded agent Debug Wizard from /root/code-server/dist/node/agent-config/debug-wizard.json
2025-03-07 23:03:38: Agent service initialized successfully
2025-03-07 23:03:38: API router mounted at /api/ai
2025-03-07 23:03:38: Serving static files from: /root/code-server/dist/node/src/browser/pages
2025-03-07 23:03:38: AI War Room extension initialized successfully
2025-03-07 23:03:38: [2025-03-07T23:03:38.493Z] [AI-WARROOM] [INFO] AI War Room extension initialized
2025-03-07 23:03:39: [2025-03-07T23:03:39.146Z] [AI-WARROOM] [INFO] Initializing AI agent service
2025-03-07 23:03:39: [2025-03-07T23:03:39.152Z] [AI-WARROOM] [INFO] Server root path: /root/code-server/dist/node
2025-03-07 23:03:39: Starting AI War Room Extension initialization...
2025-03-07 23:03:39: Agent config directory: ./agent-config
2025-03-07 23:03:39: [2025-03-07T23:03:39.155Z] [AI-WARROOM] [DEBUG] Loaded agent Code Assistant from /root/code-server/dist/node/agent-config/code-assistant.json
2025-03-07 23:03:39: [2025-03-07T23:03:39.155Z] [AI-WARROOM] [DEBUG] Loaded agent Debug Wizard from /root/code-server/dist/node/agent-config/debug-wizard.json
2025-03-07 23:03:39: Agent service initialized successfully
2025-03-07 23:03:39: API router mounted at /api/ai
2025-03-07 23:03:39: Serving static files from: /root/code-server/dist/node/src/browser/pages
2025-03-07 23:03:39: AI War Room extension initialized successfully
2025-03-07 23:03:39: [2025-03-07T23:03:39.160Z] [AI-WARROOM] [INFO] AI War Room extension initialized
2025-03-07 23:03:39: [2025-03-07T23:03:39.830Z] [AI-WARROOM] [INFO] Initializing AI agent service
2025-03-07 23:03:39: [2025-03-07T23:03:39.834Z] [AI-WARROOM] [INFO] Server root path: /root/code-server/dist/node
2025-03-07 23:03:39: Starting AI War Room Extension initialization...
2025-03-07 23:03:39: Agent config directory: ./agent-config
2025-03-07 23:03:39: [2025-03-07T23:03:39.837Z] [AI-WARROOM] [DEBUG] Loaded agent Code Assistant from /root/code-server/dist/node/agent-config/code-assistant.json
2025-03-07 23:03:39: [2025-03-07T23:03:39.837Z] [AI-WARROOM] [DEBUG] Loaded agent Debug Wizard from /root/code-server/dist/node/agent-config/debug-wizard.json
2025-03-07 23:03:39: Agent service initialized successfully
2025-03-07 23:03:39: API router mounted at /api/ai
2025-03-07 23:03:39: Serving static files from: /root/code-server/dist/node/src/browser/pages
2025-03-07 23:03:39: AI War Room extension initialized successfully
2025-03-07 23:03:39: [2025-03-07T23:03:39.840Z] [AI-WARROOM] [INFO] AI War Room extension initialized
2025-03-07 23:03:40: [2025-03-07T23:03:40.500Z] [AI-WARROOM] [INFO] Initializing AI agent service
2025-03-07 23:03:40: [2025-03-07T23:03:40.503Z] [AI-WARROOM] [INFO] Server root path: /root/code-server/dist/node
2025-03-07 23:03:40: Starting AI War Room Extension initialization...
2025-03-07 23:03:40: Agent config directory: ./agent-config
2025-03-07 23:03:40: [2025-03-07T23:03:40.506Z] [AI-WARROOM] [DEBUG] Loaded agent Code Assistant from /root/code-server/dist/node/agent-config/code-assistant.json
2025-03-07 23:03:40: [2025-03-07T23:03:40.506Z] [AI-WARROOM] [DEBUG] Loaded agent Debug Wizard from /root/code-server/dist/node/agent-config/debug-wizard.json
2025-03-07 23:03:40: Agent service initialized successfully
2025-03-07 23:03:40: API router mounted at /api/ai
2025-03-07 23:03:40: Serving static files from: /root/code-server/dist/node/src/browser/pages
2025-03-07 23:03:40: AI War Room extension initialized successfully
2025-03-07 23:03:40: [2025-03-07T23:03:40.514Z] [AI-WARROOM] [INFO] AI War Room extension initialized
2025-03-07 23:03:41: [2025-03-07T23:03:41.109Z] [AI-WARROOM] [INFO] Initializing AI agent service
2025-03-07 23:03:41: [2025-03-07T23:03:41.116Z] [AI-WARROOM] [INFO] Server root path: /root/code-server/dist/node
2025-03-07 23:03:41: Starting AI War Room Extension initialization...
2025-03-07 23:03:41: Agent config directory: ./agent-config
2025-03-07 23:03:41: [2025-03-07T23:03:41.118Z] [AI-WARROOM] [DEBUG] Loaded agent Code Assistant from /root/code-server/dist/node/agent-config/code-assistant.json
2025-03-07 23:03:41: [2025-03-07T23:03:41.118Z] [AI-WARROOM] [DEBUG] Loaded agent Debug Wizard from /root/code-server/dist/node/agent-config/debug-wizard.json
2025-03-07 23:03:41: Agent service initialized successfully
2025-03-07 23:03:41: API router mounted at /api/ai
2025-03-07 23:03:41: Serving static files from: /root/code-server/dist/node/src/browser/pages
2025-03-07 23:03:41: AI War Room extension initialized successfully
2025-03-07 23:03:41: [2025-03-07T23:03:41.122Z] [AI-WARROOM] [INFO] AI War Room extension initialized
2025-03-07 23:03:41: [2025-03-07T23:03:41.770Z] [AI-WARROOM] [INFO] Initializing AI agent service
2025-03-07 23:03:41: [2025-03-07T23:03:41.777Z] [AI-WARROOM] [INFO] Server root path: /root/code-server/dist/node
2025-03-07 23:03:41: Starting AI War Room Extension initialization...
2025-03-07 23:03:41: Agent config directory: ./agent-config
2025-03-07 23:03:41: [2025-03-07T23:03:41.781Z] [AI-WARROOM] [DEBUG] Loaded agent Code Assistant from /root/code-server/dist/node/agent-config/code-assistant.json
2025-03-07 23:03:41: [2025-03-07T23:03:41.781Z] [AI-WARROOM] [DEBUG] Loaded agent Debug Wizard from /root/code-server/dist/node/agent-config/debug-wizard.json
2025-03-07 23:03:41: Agent service initialized successfully
2025-03-07 23:03:41: API router mounted at /api/ai
2025-03-07 23:03:41: Serving static files from: /root/code-server/dist/node/src/browser/pages
2025-03-07 23:03:41: AI War Room extension initialized successfully
2025-03-07 23:03:41: [2025-03-07T23:03:41.785Z] [AI-WARROOM] [INFO] AI War Room extension initialized
2025-03-07 23:03:42: [2025-03-07T23:03:42.447Z] [AI-WARROOM] [INFO] Initializing AI agent service
2025-03-07 23:03:42: [2025-03-07T23:03:42.450Z] [AI-WARROOM] [INFO] Server root path: /root/code-server/dist/node
2025-03-07 23:03:42: Starting AI War Room Extension initialization...
2025-03-07 23:03:42: Agent config directory: ./agent-config
2025-03-07 23:03:42: [2025-03-07T23:03:42.453Z] [AI-WARROOM] [DEBUG] Loaded agent Code Assistant from /root/code-server/dist/node/agent-config/code-assistant.json
2025-03-07 23:03:42: [2025-03-07T23:03:42.453Z] [AI-WARROOM] [DEBUG] Loaded agent Debug Wizard from /root/code-server/dist/node/agent-config/debug-wizard.json
2025-03-07 23:03:42: Agent service initialized successfully
2025-03-07 23:03:42: API router mounted at /api/ai
2025-03-07 23:03:42: Serving static files from: /root/code-server/dist/node/src/browser/pages
2025-03-07 23:03:42: AI War Room extension initialized successfully
2025-03-07 23:03:42: [2025-03-07T23:03:42.466Z] [AI-WARROOM] [INFO] AI War Room extension initialized
2025-03-07 23:03:43: [2025-03-07T23:03:43.124Z] [AI-WARROOM] [INFO] Initializing AI agent service
2025-03-07 23:03:43: [2025-03-07T23:03:43.128Z] [AI-WARROOM] [INFO] Server root path: /root/code-server/dist/node
2025-03-07 23:03:43: Starting AI War Room Extension initialization...
2025-03-07 23:03:43: Agent config directory: ./agent-config
2025-03-07 23:03:43: [2025-03-07T23:03:43.130Z] [AI-WARROOM] [DEBUG] Loaded agent Code Assistant from /root/code-server/dist/node/agent-config/code-assistant.json
2025-03-07 23:03:43: [2025-03-07T23:03:43.130Z] [AI-WARROOM] [DEBUG] Loaded agent Debug Wizard from /root/code-server/dist/node/agent-config/debug-wizard.json
2025-03-07 23:03:43: Agent service initialized successfully
2025-03-07 23:03:43: API router mounted at /api/ai
2025-03-07 23:03:43: Serving static files from: /root/code-server/dist/node/src/browser/pages
2025-03-07 23:03:43: AI War Room extension initialized successfully
2025-03-07 23:03:43: [2025-03-07T23:03:43.139Z] [AI-WARROOM] [INFO] AI War Room extension initialized
2025-03-07 23:03:43: [2025-03-07T23:03:43.721Z] [AI-WARROOM] [INFO] Initializing AI agent service
2025-03-07 23:03:43: [2025-03-07T23:03:43.723Z] [AI-WARROOM] [INFO] Server root path: /root/code-server/dist/node
2025-03-07 23:03:43: Starting AI War Room Extension initialization...
2025-03-07 23:03:43: Agent config directory: ./agent-config
2025-03-07 23:03:43: [2025-03-07T23:03:43.725Z] [AI-WARROOM] [DEBUG] Loaded agent Code Assistant from /root/code-server/dist/node/agent-config/code-assistant.json
2025-03-07 23:03:43: [2025-03-07T23:03:43.725Z] [AI-WARROOM] [DEBUG] Loaded agent Debug Wizard from /root/code-server/dist/node/agent-config/debug-wizard.json
2025-03-07 23:03:43: Agent service initialized successfully
2025-03-07 23:03:43: API router mounted at /api/ai
2025-03-07 23:03:43: Serving static files from: /root/code-server/dist/node/src/browser/pages
2025-03-07 23:03:43: AI War Room extension initialized successfully
2025-03-07 23:03:43: [2025-03-07T23:03:43.733Z] [AI-WARROOM] [INFO] AI War Room extension initialized
2025-03-07 23:03:44: [2025-03-07T23:03:44.349Z] [AI-WARROOM] [INFO] Initializing AI agent service
2025-03-07 23:03:44: [2025-03-07T23:03:44.353Z] [AI-WARROOM] [INFO] Server root path: /root/code-server/dist/node
2025-03-07 23:03:44: Starting AI War Room Extension initialization...
2025-03-07 23:03:44: Agent config directory: ./agent-config
2025-03-07 23:03:44: [2025-03-07T23:03:44.357Z] [AI-WARROOM] [DEBUG] Loaded agent Code Assistant from /root/code-server/dist/node/agent-config/code-assistant.json
2025-03-07 23:03:44: [2025-03-07T23:03:44.357Z] [AI-WARROOM] [DEBUG] Loaded agent Debug Wizard from /root/code-server/dist/node/agent-config/debug-wizard.json
2025-03-07 23:03:44: Agent service initialized successfully
2025-03-07 23:03:44: API router mounted at /api/ai
2025-03-07 23:03:44: Serving static files from: /root/code-server/dist/node/src/browser/pages
2025-03-07 23:03:44: AI War Room extension initialized successfully
2025-03-07 23:03:44: [2025-03-07T23:03:44.364Z] [AI-WARROOM] [INFO] AI War Room extension initialized
2025-03-07 23:03:45: [2025-03-07T23:03:45.041Z] [AI-WARROOM] [INFO] Initializing AI agent service
2025-03-07 23:03:45: [2025-03-07T23:03:45.044Z] [AI-WARROOM] [INFO] Server root path: /root/code-server/dist/node
2025-03-07 23:03:45: Starting AI War Room Extension initialization...
2025-03-07 23:03:45: Agent config directory: ./agent-config
2025-03-07 23:03:45: [2025-03-07T23:03:45.047Z] [AI-WARROOM] [DEBUG] Loaded agent Code Assistant from /root/code-server/dist/node/agent-config/code-assistant.json
2025-03-07 23:03:45: [2025-03-07T23:03:45.047Z] [AI-WARROOM] [DEBUG] Loaded agent Debug Wizard from /root/code-server/dist/node/agent-config/debug-wizard.json
2025-03-07 23:03:45: Agent service initialized successfully
2025-03-07 23:03:45: API router mounted at /api/ai
2025-03-07 23:03:45: Serving static files from: /root/code-server/dist/node/src/browser/pages
2025-03-07 23:03:45: AI War Room extension initialized successfully
2025-03-07 23:03:45: [2025-03-07T23:03:45.053Z] [AI-WARROOM] [INFO] AI War Room extension initialized
2025-03-07 23:03:45: [2025-03-07T23:03:45.733Z] [AI-WARROOM] [INFO] Initializing AI agent service
2025-03-07 23:03:45: [2025-03-07T23:03:45.739Z] [AI-WARROOM] [INFO] Server root path: /root/code-server/dist/node
2025-03-07 23:03:45: Starting AI War Room Extension initialization...
2025-03-07 23:03:45: Agent config directory: ./agent-config
2025-03-07 23:03:45: [2025-03-07T23:03:45.742Z] [AI-WARROOM] [DEBUG] Loaded agent Code Assistant from /root/code-server/dist/node/agent-config/code-assistant.json
2025-03-07 23:03:45: [2025-03-07T23:03:45.742Z] [AI-WARROOM] [DEBUG] Loaded agent Debug Wizard from /root/code-server/dist/node/agent-config/debug-wizard.json
2025-03-07 23:03:45: Agent service initialized successfully
2025-03-07 23:03:45: API router mounted at /api/ai
2025-03-07 23:03:45: Serving static files from: /root/code-server/dist/node/src/browser/pages
2025-03-07 23:03:45: AI War Room extension initialized successfully
2025-03-07 23:03:45: [2025-03-07T23:03:45.759Z] [AI-WARROOM] [INFO] AI War Room extension initialized
2025-03-07 23:03:46: [2025-03-07T23:03:46.379Z] [AI-WARROOM] [INFO] Initializing AI agent service
2025-03-07 23:03:46: [2025-03-07T23:03:46.386Z] [AI-WARROOM] [INFO] Server root path: /root/code-server/dist/node
2025-03-07 23:03:46: Starting AI War Room Extension initialization...
2025-03-07 23:03:46: Agent config directory: ./agent-config
2025-03-07 23:03:46: [2025-03-07T23:03:46.390Z] [AI-WARROOM] [DEBUG] Loaded agent Code Assistant from /root/code-server/dist/node/agent-config/code-assistant.json
2025-03-07 23:03:46: [2025-03-07T23:03:46.390Z] [AI-WARROOM] [DEBUG] Loaded agent Debug Wizard from /root/code-server/dist/node/agent-config/debug-wizard.json
2025-03-07 23:03:46: Agent service initialized successfully
2025-03-07 23:03:46: API router mounted at /api/ai
2025-03-07 23:03:46: Serving static files from: /root/code-server/dist/node/src/browser/pages
2025-03-07 23:03:46: AI War Room extension initialized successfully
2025-03-07 23:03:46: [2025-03-07T23:03:46.406Z] [AI-WARROOM] [INFO] AI War Room extension initialized
2025-03-07 23:03:47: [2025-03-07T23:03:47.037Z] [AI-WARROOM] [INFO] Initializing AI agent service
2025-03-07 23:03:47: [2025-03-07T23:03:47.040Z] [AI-WARROOM] [INFO] Server root path: /root/code-server/dist/node
2025-03-07 23:03:47: Starting AI War Room Extension initialization...
2025-03-07 23:03:47: Agent config directory: ./agent-config
2025-03-07 23:03:47: [2025-03-07T23:03:47.044Z] [AI-WARROOM] [DEBUG] Loaded agent Code Assistant from /root/code-server/dist/node/agent-config/code-assistant.json
2025-03-07 23:03:47: [2025-03-07T23:03:47.044Z] [AI-WARROOM] [DEBUG] Loaded agent Debug Wizard from /root/code-server/dist/node/agent-config/debug-wizard.json
2025-03-07 23:03:47: Agent service initialized successfully
2025-03-07 23:03:47: API router mounted at /api/ai
2025-03-07 23:03:47: Serving static files from: /root/code-server/dist/node/src/browser/pages
2025-03-07 23:03:47: AI War Room extension initialized successfully
2025-03-07 23:03:47: [2025-03-07T23:03:47.048Z] [AI-WARROOM] [INFO] AI War Room extension initialized
2025-03-07 23:03:47: [2025-03-07T23:03:47.720Z] [AI-WARROOM] [INFO] Initializing AI agent service
2025-03-07 23:03:47: [2025-03-07T23:03:47.725Z] [AI-WARROOM] [INFO] Server root path: /root/code-server/dist/node
2025-03-07 23:03:47: Starting AI War Room Extension initialization...
2025-03-07 23:03:47: Agent config directory: ./agent-config
2025-03-07 23:03:47: [2025-03-07T23:03:47.728Z] [AI-WARROOM] [DEBUG] Loaded agent Code Assistant from /root/code-server/dist/node/agent-config/code-assistant.json
2025-03-07 23:03:47: [2025-03-07T23:03:47.728Z] [AI-WARROOM] [DEBUG] Loaded agent Debug Wizard from /root/code-server/dist/node/agent-config/debug-wizard.json
2025-03-07 23:03:47: Agent service initialized successfully
2025-03-07 23:03:47: API router mounted at /api/ai
2025-03-07 23:03:47: Serving static files from: /root/code-server/dist/node/src/browser/pages
2025-03-07 23:03:47: AI War Room extension initialized successfully
2025-03-07 23:03:47: [2025-03-07T23:03:47.735Z] [AI-WARROOM] [INFO] AI War Room extension initialized
2025-03-07 23:03:48: [2025-03-07T23:03:48.417Z] [AI-WARROOM] [INFO] Initializing AI agent service
2025-03-07 23:03:48: [2025-03-07T23:03:48.421Z] [AI-WARROOM] [INFO] Server root path: /root/code-server/dist/node
2025-03-07 23:03:48: Starting AI War Room Extension initialization...
2025-03-07 23:03:48: Agent config directory: ./agent-config
2025-03-07 23:03:48: [2025-03-07T23:03:48.427Z] [AI-WARROOM] [DEBUG] Loaded agent Code Assistant from /root/code-server/dist/node/agent-config/code-assistant.json
2025-03-07 23:03:48: [2025-03-07T23:03:48.427Z] [AI-WARROOM] [DEBUG] Loaded agent Debug Wizard from /root/code-server/dist/node/agent-config/debug-wizard.json
2025-03-07 23:03:48: Agent service initialized successfully
2025-03-07 23:03:48: API router mounted at /api/ai
2025-03-07 23:03:48: Serving static files from: /root/code-server/dist/node/src/browser/pages
2025-03-07 23:03:48: AI War Room extension initialized successfully
2025-03-07 23:03:48: [2025-03-07T23:03:48.431Z] [AI-WARROOM] [INFO] AI War Room extension initialized
2025-03-07 23:03:49: [2025-03-07T23:03:49.122Z] [AI-WARROOM] [INFO] Initializing AI agent service
2025-03-07 23:03:49: [2025-03-07T23:03:49.125Z] [AI-WARROOM] [INFO] Server root path: /root/code-server/dist/node
2025-03-07 23:03:49: Starting AI War Room Extension initialization...
2025-03-07 23:03:49: Agent config directory: ./agent-config
2025-03-07 23:03:49: [2025-03-07T23:03:49.131Z] [AI-WARROOM] [DEBUG] Loaded agent Code Assistant from /root/code-server/dist/node/agent-config/code-assistant.json
2025-03-07 23:03:49: [2025-03-07T23:03:49.131Z] [AI-WARROOM] [DEBUG] Loaded agent Debug Wizard from /root/code-server/dist/node/agent-config/debug-wizard.json
2025-03-07 23:03:49: Agent service initialized successfully
2025-03-07 23:03:49: API router mounted at /api/ai
2025-03-07 23:03:49: Serving static files from: /root/code-server/dist/node/src/browser/pages
2025-03-07 23:03:49: AI War Room extension initialized successfully
2025-03-07 23:03:49: [2025-03-07T23:03:49.136Z] [AI-WARROOM] [INFO] AI War Room extension initialized
2025-03-07 23:03:49: [2025-03-07T23:03:49.731Z] [AI-WARROOM] [INFO] Initializing AI agent service
2025-03-07 23:03:49: [2025-03-07T23:03:49.736Z] [AI-WARROOM] [INFO] Server root path: /root/code-server/dist/node
2025-03-07 23:03:49: Starting AI War Room Extension initialization...
2025-03-07 23:03:49: Agent config directory: ./agent-config
2025-03-07 23:03:49: [2025-03-07T23:03:49.740Z] [AI-WARROOM] [DEBUG] Loaded agent Code Assistant from /root/code-server/dist/node/agent-config/code-assistant.json
2025-03-07 23:03:49: [2025-03-07T23:03:49.740Z] [AI-WARROOM] [DEBUG] Loaded agent Debug Wizard from /root/code-server/dist/node/agent-config/debug-wizard.json
2025-03-07 23:03:49: Agent service initialized successfully
2025-03-07 23:03:49: API router mounted at /api/ai
2025-03-07 23:03:49: Serving static files from: /root/code-server/dist/node/src/browser/pages
2025-03-07 23:03:49: AI War Room extension initialized successfully
2025-03-07 23:03:49: [2025-03-07T23:03:49.746Z] [AI-WARROOM] [INFO] AI War Room extension initialized
2025-03-07 23:03:50: [2025-03-07T23:03:50.429Z] [AI-WARROOM] [INFO] Initializing AI agent service
2025-03-07 23:03:50: [2025-03-07T23:03:50.433Z] [AI-WARROOM] [INFO] Server root path: /root/code-server/dist/node
2025-03-07 23:03:50: Starting AI War Room Extension initialization...
2025-03-07 23:03:50: Agent config directory: ./agent-config
2025-03-07 23:03:50: [2025-03-07T23:03:50.436Z] [AI-WARROOM] [DEBUG] Loaded agent Code Assistant from /root/code-server/dist/node/agent-config/code-assistant.json
2025-03-07 23:03:50: [2025-03-07T23:03:50.436Z] [AI-WARROOM] [DEBUG] Loaded agent Debug Wizard from /root/code-server/dist/node/agent-config/debug-wizard.json
2025-03-07 23:03:50: Agent service initialized successfully
2025-03-07 23:03:50: API router mounted at /api/ai
2025-03-07 23:03:50: Serving static files from: /root/code-server/dist/node/src/browser/pages
2025-03-07 23:03:50: AI War Room extension initialized successfully
2025-03-07 23:03:50: [2025-03-07T23:03:50.455Z] [AI-WARROOM] [INFO] AI War Room extension initialized
2025-03-07 23:03:51: [2025-03-07T23:03:51.049Z] [AI-WARROOM] [INFO] Initializing AI agent service
2025-03-07 23:03:51: [2025-03-07T23:03:51.054Z] [AI-WARROOM] [INFO] Server root path: /root/code-server/dist/node
2025-03-07 23:03:51: Starting AI War Room Extension initialization...
2025-03-07 23:03:51: Agent config directory: ./agent-config
2025-03-07 23:03:51: [2025-03-07T23:03:51.057Z] [AI-WARROOM] [DEBUG] Loaded agent Code Assistant from /root/code-server/dist/node/agent-config/code-assistant.json
2025-03-07 23:03:51: [2025-03-07T23:03:51.057Z] [AI-WARROOM] [DEBUG] Loaded agent Debug Wizard from /root/code-server/dist/node/agent-config/debug-wizard.json
2025-03-07 23:03:51: Agent service initialized successfully
2025-03-07 23:03:51: API router mounted at /api/ai
2025-03-07 23:03:51: Serving static files from: /root/code-server/dist/node/src/browser/pages
2025-03-07 23:03:51: AI War Room extension initialized successfully
2025-03-07 23:03:51: [2025-03-07T23:03:51.060Z] [AI-WARROOM] [INFO] AI War Room extension initialized
2025-03-07 23:03:51: [2025-03-07T23:03:51.721Z] [AI-WARROOM] [INFO] Initializing AI agent service
2025-03-07 23:03:51: [2025-03-07T23:03:51.724Z] [AI-WARROOM] [INFO] Server root path: /root/code-server/dist/node
2025-03-07 23:03:51: Starting AI War Room Extension initialization...
2025-03-07 23:03:51: Agent config directory: ./agent-config
2025-03-07 23:03:51: [2025-03-07T23:03:51.729Z] [AI-WARROOM] [DEBUG] Loaded agent Code Assistant from /root/code-server/dist/node/agent-config/code-assistant.json
2025-03-07 23:03:51: [2025-03-07T23:03:51.729Z] [AI-WARROOM] [DEBUG] Loaded agent Debug Wizard from /root/code-server/dist/node/agent-config/debug-wizard.json
2025-03-07 23:03:51: Agent service initialized successfully
2025-03-07 23:03:51: API router mounted at /api/ai
2025-03-07 23:03:51: Serving static files from: /root/code-server/dist/node/src/browser/pages
2025-03-07 23:03:51: AI War Room extension initialized successfully
2025-03-07 23:03:51: [2025-03-07T23:03:51.732Z] [AI-WARROOM] [INFO] AI War Room extension initialized
2025-03-07 23:03:52: [2025-03-07T23:03:52.377Z] [AI-WARROOM] [INFO] Initializing AI agent service
2025-03-07 23:03:52: [2025-03-07T23:03:52.381Z] [AI-WARROOM] [INFO] Server root path: /root/code-server/dist/node
2025-03-07 23:03:52: Starting AI War Room Extension initialization...
2025-03-07 23:03:52: Agent config directory: ./agent-config
2025-03-07 23:03:52: [2025-03-07T23:03:52.385Z] [AI-WARROOM] [DEBUG] Loaded agent Code Assistant from /root/code-server/dist/node/agent-config/code-assistant.json
2025-03-07 23:03:52: [2025-03-07T23:03:52.385Z] [AI-WARROOM] [DEBUG] Loaded agent Debug Wizard from /root/code-server/dist/node/agent-config/debug-wizard.json
2025-03-07 23:03:52: Agent service initialized successfully
2025-03-07 23:03:52: API router mounted at /api/ai
2025-03-07 23:03:52: Serving static files from: /root/code-server/dist/node/src/browser/pages
2025-03-07 23:03:52: AI War Room extension initialized successfully
2025-03-07 23:03:52: [2025-03-07T23:03:52.390Z] [AI-WARROOM] [INFO] AI War Room extension initialized
2025-03-07 23:03:53: [2025-03-07T23:03:53.028Z] [AI-WARROOM] [INFO] Initializing AI agent service
2025-03-07 23:03:53: [2025-03-07T23:03:53.032Z] [AI-WARROOM] [INFO] Server root path: /root/code-server/dist/node
2025-03-07 23:03:53: Starting AI War Room Extension initialization...
2025-03-07 23:03:53: Agent config directory: ./agent-config
2025-03-07 23:03:53: [2025-03-07T23:03:53.036Z] [AI-WARROOM] [DEBUG] Loaded agent Code Assistant from /root/code-server/dist/node/agent-config/code-assistant.json
2025-03-07 23:03:53: [2025-03-07T23:03:53.036Z] [AI-WARROOM] [DEBUG] Loaded agent Debug Wizard from /root/code-server/dist/node/agent-config/debug-wizard.json
2025-03-07 23:03:53: Agent service initialized successfully
2025-03-07 23:03:53: API router mounted at /api/ai
2025-03-07 23:03:53: Serving static files from: /root/code-server/dist/node/src/browser/pages
2025-03-07 23:03:53: AI War Room extension initialized successfully
2025-03-07 23:03:53: [2025-03-07T23:03:53.041Z] [AI-WARROOM] [INFO] AI War Room extension initialized
2025-03-07 23:03:53: [2025-03-07T23:03:53.662Z] [AI-WARROOM] [INFO] Initializing AI agent service
2025-03-07 23:03:53: [2025-03-07T23:03:53.666Z] [AI-WARROOM] [INFO] Server root path: /root/code-server/dist/node
2025-03-07 23:03:53: Starting AI War Room Extension initialization...
2025-03-07 23:03:53: Agent config directory: ./agent-config
2025-03-07 23:03:53: [2025-03-07T23:03:53.669Z] [AI-WARROOM] [DEBUG] Loaded agent Code Assistant from /root/code-server/dist/node/agent-config/code-assistant.json
2025-03-07 23:03:53: [2025-03-07T23:03:53.670Z] [AI-WARROOM] [DEBUG] Loaded agent Debug Wizard from /root/code-server/dist/node/agent-config/debug-wizard.json
2025-03-07 23:03:53: Agent service initialized successfully
2025-03-07 23:03:53: API router mounted at /api/ai
2025-03-07 23:03:53: Serving static files from: /root/code-server/dist/node/src/browser/pages
2025-03-07 23:03:53: AI War Room extension initialized successfully
2025-03-07 23:03:53: [2025-03-07T23:03:53.673Z] [AI-WARROOM] [INFO] AI War Room extension initialized
2025-03-07 23:03:54: [2025-03-07T23:03:54.314Z] [AI-WARROOM] [INFO] Initializing AI agent service
2025-03-07 23:03:54: [2025-03-07T23:03:54.316Z] [AI-WARROOM] [INFO] Server root path: /root/code-server/dist/node
2025-03-07 23:03:54: Starting AI War Room Extension initialization...
2025-03-07 23:03:54: Agent config directory: ./agent-config
2025-03-07 23:03:54: [2025-03-07T23:03:54.320Z] [AI-WARROOM] [DEBUG] Loaded agent Code Assistant from /root/code-server/dist/node/agent-config/code-assistant.json
2025-03-07 23:03:54: [2025-03-07T23:03:54.320Z] [AI-WARROOM] [DEBUG] Loaded agent Debug Wizard from /root/code-server/dist/node/agent-config/debug-wizard.json
2025-03-07 23:03:54: Agent service initialized successfully
2025-03-07 23:03:54: API router mounted at /api/ai
2025-03-07 23:03:54: Serving static files from: /root/code-server/dist/node/src/browser/pages
2025-03-07 23:03:54: AI War Room extension initialized successfully
2025-03-07 23:03:54: [2025-03-07T23:03:54.323Z] [AI-WARROOM] [INFO] AI War Room extension initialized
2025-03-07 23:03:54: [2025-03-07T23:03:54.915Z] [AI-WARROOM] [INFO] Initializing AI agent service
2025-03-07 23:03:54: [2025-03-07T23:03:54.917Z] [AI-WARROOM] [INFO] Server root path: /root/code-server/dist/node
2025-03-07 23:03:54: Starting AI War Room Extension initialization...
2025-03-07 23:03:54: Agent config directory: ./agent-config
2025-03-07 23:03:54: [2025-03-07T23:03:54.923Z] [AI-WARROOM] [DEBUG] Loaded agent Code Assistant from /root/code-server/dist/node/agent-config/code-assistant.json
2025-03-07 23:03:54: [2025-03-07T23:03:54.923Z] [AI-WARROOM] [DEBUG] Loaded agent Debug Wizard from /root/code-server/dist/node/agent-config/debug-wizard.json
2025-03-07 23:03:54: Agent service initialized successfully
2025-03-07 23:03:54: API router mounted at /api/ai
2025-03-07 23:03:54: Serving static files from: /root/code-server/dist/node/src/browser/pages
2025-03-07 23:03:54: AI War Room extension initialized successfully
2025-03-07 23:03:54: [2025-03-07T23:03:54.926Z] [AI-WARROOM] [INFO] AI War Room extension initialized
2025-03-07 23:03:55: [2025-03-07T23:03:55.536Z] [AI-WARROOM] [INFO] Initializing AI agent service
2025-03-07 23:03:55: [2025-03-07T23:03:55.546Z] [AI-WARROOM] [INFO] Server root path: /root/code-server/dist/node
2025-03-07 23:03:55: Starting AI War Room Extension initialization...
2025-03-07 23:03:55: Agent config directory: ./agent-config
2025-03-07 23:03:55: [2025-03-07T23:03:55.549Z] [AI-WARROOM] [DEBUG] Loaded agent Code Assistant from /root/code-server/dist/node/agent-config/code-assistant.json
2025-03-07 23:03:55: [2025-03-07T23:03:55.550Z] [AI-WARROOM] [DEBUG] Loaded agent Debug Wizard from /root/code-server/dist/node/agent-config/debug-wizard.json
2025-03-07 23:03:55: Agent service initialized successfully
2025-03-07 23:03:55: API router mounted at /api/ai
2025-03-07 23:03:55: Serving static files from: /root/code-server/dist/node/src/browser/pages
2025-03-07 23:03:55: AI War Room extension initialized successfully
2025-03-07 23:03:55: [2025-03-07T23:03:55.562Z] [AI-WARROOM] [INFO] AI War Room extension initialized
2025-03-07 23:03:56: [2025-03-07T23:03:56.271Z] [AI-WARROOM] [INFO] Initializing AI agent service
2025-03-07 23:03:56: [2025-03-07T23:03:56.277Z] [AI-WARROOM] [INFO] Server root path: /root/code-server/dist/node
2025-03-07 23:03:56: Starting AI War Room Extension initialization...
2025-03-07 23:03:56: Agent config directory: ./agent-config
2025-03-07 23:03:56: [2025-03-07T23:03:56.282Z] [AI-WARROOM] [DEBUG] Loaded agent Code Assistant from /root/code-server/dist/node/agent-config/code-assistant.json
2025-03-07 23:03:56: [2025-03-07T23:03:56.283Z] [AI-WARROOM] [DEBUG] Loaded agent Debug Wizard from /root/code-server/dist/node/agent-config/debug-wizard.json
2025-03-07 23:03:56: Agent service initialized successfully
2025-03-07 23:03:56: API router mounted at /api/ai
2025-03-07 23:03:56: Serving static files from: /root/code-server/dist/node/src/browser/pages
2025-03-07 23:03:56: AI War Room extension initialized successfully
2025-03-07 23:03:56: [2025-03-07T23:03:56.287Z] [AI-WARROOM] [INFO] AI War Room extension initialized
2025-03-07 23:03:56: [2025-03-07T23:03:56.909Z] [AI-WARROOM] [INFO] Initializing AI agent service
2025-03-07 23:03:56: [2025-03-07T23:03:56.911Z] [AI-WARROOM] [INFO] Server root path: /root/code-server/dist/node
2025-03-07 23:03:56: Starting AI War Room Extension initialization...
2025-03-07 23:03:56: Agent config directory: ./agent-config
2025-03-07 23:03:56: [2025-03-07T23:03:56.916Z] [AI-WARROOM] [DEBUG] Loaded agent Code Assistant from /root/code-server/dist/node/agent-config/code-assistant.json
2025-03-07 23:03:56: [2025-03-07T23:03:56.917Z] [AI-WARROOM] [DEBUG] Loaded agent Debug Wizard from /root/code-server/dist/node/agent-config/debug-wizard.json
2025-03-07 23:03:56: Agent service initialized successfully
2025-03-07 23:03:56: API router mounted at /api/ai
2025-03-07 23:03:56: Serving static files from: /root/code-server/dist/node/src/browser/pages
2025-03-07 23:03:56: AI War Room extension initialized successfully
2025-03-07 23:03:56: [2025-03-07T23:03:56.920Z] [AI-WARROOM] [INFO] AI War Room extension initialized
2025-03-07 23:03:57: [2025-03-07T23:03:57.622Z] [AI-WARROOM] [INFO] Initializing AI agent service
2025-03-07 23:03:57: [2025-03-07T23:03:57.627Z] [AI-WARROOM] [INFO] Server root path: /root/code-server/dist/node
2025-03-07 23:03:57: Starting AI War Room Extension initialization...
2025-03-07 23:03:57: Agent config directory: ./agent-config
2025-03-07 23:03:57: [2025-03-07T23:03:57.629Z] [AI-WARROOM] [DEBUG] Loaded agent Code Assistant from /root/code-server/dist/node/agent-config/code-assistant.json
2025-03-07 23:03:57: [2025-03-07T23:03:57.629Z] [AI-WARROOM] [DEBUG] Loaded agent Debug Wizard from /root/code-server/dist/node/agent-config/debug-wizard.json
2025-03-07 23:03:57: Agent service initialized successfully
2025-03-07 23:03:57: API router mounted at /api/ai
2025-03-07 23:03:57: Serving static files from: /root/code-server/dist/node/src/browser/pages
2025-03-07 23:03:57: AI War Room extension initialized successfully
2025-03-07 23:03:57: [2025-03-07T23:03:57.638Z] [AI-WARROOM] [INFO] AI War Room extension initialized
2025-03-07 23:03:58: [2025-03-07T23:03:58.362Z] [AI-WARROOM] [INFO] Initializing AI agent service
2025-03-07 23:03:58: [2025-03-07T23:03:58.366Z] [AI-WARROOM] [INFO] Server root path: /root/code-server/dist/node
2025-03-07 23:03:58: Starting AI War Room Extension initialization...
2025-03-07 23:03:58: Agent config directory: ./agent-config
2025-03-07 23:03:58: [2025-03-07T23:03:58.373Z] [AI-WARROOM] [DEBUG] Loaded agent Code Assistant from /root/code-server/dist/node/agent-config/code-assistant.json
2025-03-07 23:03:58: [2025-03-07T23:03:58.373Z] [AI-WARROOM] [DEBUG] Loaded agent Debug Wizard from /root/code-server/dist/node/agent-config/debug-wizard.json
2025-03-07 23:03:58: Agent service initialized successfully
2025-03-07 23:03:58: API router mounted at /api/ai
2025-03-07 23:03:58: Serving static files from: /root/code-server/dist/node/src/browser/pages
2025-03-07 23:03:58: AI War Room extension initialized successfully
2025-03-07 23:03:58: [2025-03-07T23:03:58.385Z] [AI-WARROOM] [INFO] AI War Room extension initialized
2025-03-07 23:03:59: [2025-03-07T23:03:58.998Z] [AI-WARROOM] [INFO] Initializing AI agent service
2025-03-07 23:03:59: [2025-03-07T23:03:59.004Z] [AI-WARROOM] [INFO] Server root path: /root/code-server/dist/node
2025-03-07 23:03:59: Starting AI War Room Extension initialization...
2025-03-07 23:03:59: Agent config directory: ./agent-config
2025-03-07 23:03:59: [2025-03-07T23:03:59.006Z] [AI-WARROOM] [DEBUG] Loaded agent Code Assistant from /root/code-server/dist/node/agent-config/code-assistant.json
2025-03-07 23:03:59: [2025-03-07T23:03:59.006Z] [AI-WARROOM] [DEBUG] Loaded agent Debug Wizard from /root/code-server/dist/node/agent-config/debug-wizard.json
2025-03-07 23:03:59: Agent service initialized successfully
2025-03-07 23:03:59: API router mounted at /api/ai
2025-03-07 23:03:59: Serving static files from: /root/code-server/dist/node/src/browser/pages
2025-03-07 23:03:59: AI War Room extension initialized successfully
2025-03-07 23:03:59: [2025-03-07T23:03:59.024Z] [AI-WARROOM] [INFO] AI War Room extension initialized
2025-03-07 23:03:59: [2025-03-07T23:03:59.621Z] [AI-WARROOM] [INFO] Initializing AI agent service
2025-03-07 23:03:59: [2025-03-07T23:03:59.626Z] [AI-WARROOM] [INFO] Server root path: /root/code-server/dist/node
2025-03-07 23:03:59: Starting AI War Room Extension initialization...
2025-03-07 23:03:59: Agent config directory: ./agent-config
2025-03-07 23:03:59: [2025-03-07T23:03:59.629Z] [AI-WARROOM] [DEBUG] Loaded agent Code Assistant from /root/code-server/dist/node/agent-config/code-assistant.json
2025-03-07 23:03:59: [2025-03-07T23:03:59.629Z] [AI-WARROOM] [DEBUG] Loaded agent Debug Wizard from /root/code-server/dist/node/agent-config/debug-wizard.json
2025-03-07 23:03:59: Agent service initialized successfully
2025-03-07 23:03:59: API router mounted at /api/ai
2025-03-07 23:03:59: Serving static files from: /root/code-server/dist/node/src/browser/pages
2025-03-07 23:03:59: AI War Room extension initialized successfully
2025-03-07 23:03:59: [2025-03-07T23:03:59.632Z] [AI-WARROOM] [INFO] AI War Room extension initialized
2025-03-07 23:04:00: [2025-03-07T23:04:00.206Z] [AI-WARROOM] [INFO] Initializing AI agent service
2025-03-07 23:04:00: [2025-03-07T23:04:00.208Z] [AI-WARROOM] [INFO] Server root path: /root/code-server/dist/node
2025-03-07 23:04:00: Starting AI War Room Extension initialization...
2025-03-07 23:04:00: Agent config directory: ./agent-config
2025-03-07 23:04:00: [2025-03-07T23:04:00.212Z] [AI-WARROOM] [DEBUG] Loaded agent Code Assistant from /root/code-server/dist/node/agent-config/code-assistant.json
2025-03-07 23:04:00: [2025-03-07T23:04:00.212Z] [AI-WARROOM] [DEBUG] Loaded agent Debug Wizard from /root/code-server/dist/node/agent-config/debug-wizard.json
2025-03-07 23:04:00: Agent service initialized successfully
2025-03-07 23:04:00: API router mounted at /api/ai
2025-03-07 23:04:00: Serving static files from: /root/code-server/dist/node/src/browser/pages
2025-03-07 23:04:00: AI War Room extension initialized successfully
2025-03-07 23:04:00: [2025-03-07T23:04:00.215Z] [AI-WARROOM] [INFO] AI War Room extension initialized
2025-03-07 23:04:00: [2025-03-07T23:04:00.801Z] [AI-WARROOM] [INFO] Initializing AI agent service
2025-03-07 23:04:00: [2025-03-07T23:04:00.809Z] [AI-WARROOM] [INFO] Server root path: /root/code-server/dist/node
2025-03-07 23:04:00: Starting AI War Room Extension initialization...
2025-03-07 23:04:00: Agent config directory: ./agent-config
2025-03-07 23:04:00: [2025-03-07T23:04:00.813Z] [AI-WARROOM] [DEBUG] Loaded agent Code Assistant from /root/code-server/dist/node/agent-config/code-assistant.json
2025-03-07 23:04:00: [2025-03-07T23:04:00.813Z] [AI-WARROOM] [DEBUG] Loaded agent Debug Wizard from /root/code-server/dist/node/agent-config/debug-wizard.json
2025-03-07 23:04:00: Agent service initialized successfully
2025-03-07 23:04:00: API router mounted at /api/ai
2025-03-07 23:04:00: Serving static files from: /root/code-server/dist/node/src/browser/pages
2025-03-07 23:04:00: AI War Room extension initialized successfully
2025-03-07 23:04:00: [2025-03-07T23:04:00.828Z] [AI-WARROOM] [INFO] AI War Room extension initialized
2025-03-07 23:04:01: [2025-03-07T23:04:01.434Z] [AI-WARROOM] [INFO] Initializing AI agent service
2025-03-07 23:04:01: [2025-03-07T23:04:01.437Z] [AI-WARROOM] [INFO] Server root path: /root/code-server/dist/node
2025-03-07 23:04:01: Starting AI War Room Extension initialization...
2025-03-07 23:04:01: Agent config directory: ./agent-config
2025-03-07 23:04:01: [2025-03-07T23:04:01.439Z] [AI-WARROOM] [DEBUG] Loaded agent Code Assistant from /root/code-server/dist/node/agent-config/code-assistant.json
2025-03-07 23:04:01: [2025-03-07T23:04:01.439Z] [AI-WARROOM] [DEBUG] Loaded agent Debug Wizard from /root/code-server/dist/node/agent-config/debug-wizard.json
2025-03-07 23:04:01: Agent service initialized successfully
2025-03-07 23:04:01: API router mounted at /api/ai
2025-03-07 23:04:01: Serving static files from: /root/code-server/dist/node/src/browser/pages
2025-03-07 23:04:01: AI War Room extension initialized successfully
2025-03-07 23:04:01: [2025-03-07T23:04:01.443Z] [AI-WARROOM] [INFO] AI War Room extension initialized
2025-03-07 23:04:02: [2025-03-07T23:04:02.046Z] [AI-WARROOM] [INFO] Initializing AI agent service
2025-03-07 23:04:02: [2025-03-07T23:04:02.048Z] [AI-WARROOM] [INFO] Server root path: /root/code-server/dist/node
2025-03-07 23:04:02: Starting AI War Room Extension initialization...
2025-03-07 23:04:02: Agent config directory: ./agent-config
2025-03-07 23:04:02: [2025-03-07T23:04:02.053Z] [AI-WARROOM] [DEBUG] Loaded agent Code Assistant from /root/code-server/dist/node/agent-config/code-assistant.json
2025-03-07 23:04:02: [2025-03-07T23:04:02.053Z] [AI-WARROOM] [DEBUG] Loaded agent Debug Wizard from /root/code-server/dist/node/agent-config/debug-wizard.json
2025-03-07 23:04:02: Agent service initialized successfully
2025-03-07 23:04:02: API router mounted at /api/ai
2025-03-07 23:04:02: Serving static files from: /root/code-server/dist/node/src/browser/pages
2025-03-07 23:04:02: AI War Room extension initialized successfully
2025-03-07 23:04:02: [2025-03-07T23:04:02.058Z] [AI-WARROOM] [INFO] AI War Room extension initialized
2025-03-07 23:04:02: [2025-03-07T23:04:02.622Z] [AI-WARROOM] [INFO] Initializing AI agent service
2025-03-07 23:04:02: [2025-03-07T23:04:02.624Z] [AI-WARROOM] [INFO] Server root path: /root/code-server/dist/node
2025-03-07 23:04:02: Starting AI War Room Extension initialization...
2025-03-07 23:04:02: Agent config directory: ./agent-config
2025-03-07 23:04:02: [2025-03-07T23:04:02.627Z] [AI-WARROOM] [DEBUG] Loaded agent Code Assistant from /root/code-server/dist/node/agent-config/code-assistant.json
2025-03-07 23:04:02: [2025-03-07T23:04:02.628Z] [AI-WARROOM] [DEBUG] Loaded agent Debug Wizard from /root/code-server/dist/node/agent-config/debug-wizard.json
2025-03-07 23:04:02: Agent service initialized successfully
2025-03-07 23:04:02: API router mounted at /api/ai
2025-03-07 23:04:02: Serving static files from: /root/code-server/dist/node/src/browser/pages
2025-03-07 23:04:02: AI War Room extension initialized successfully
2025-03-07 23:04:02: [2025-03-07T23:04:02.633Z] [AI-WARROOM] [INFO] AI War Room extension initialized
2025-03-07 23:04:03: [2025-03-07T23:04:03.316Z] [AI-WARROOM] [INFO] Initializing AI agent service
2025-03-07 23:04:03: [2025-03-07T23:04:03.321Z] [AI-WARROOM] [INFO] Server root path: /root/code-server/dist/node
2025-03-07 23:04:03: Starting AI War Room Extension initialization...
2025-03-07 23:04:03: Agent config directory: ./agent-config
2025-03-07 23:04:03: [2025-03-07T23:04:03.323Z] [AI-WARROOM] [DEBUG] Loaded agent Code Assistant from /root/code-server/dist/node/agent-config/code-assistant.json
2025-03-07 23:04:03: [2025-03-07T23:04:03.323Z] [AI-WARROOM] [DEBUG] Loaded agent Debug Wizard from /root/code-server/dist/node/agent-config/debug-wizard.json
2025-03-07 23:04:03: Agent service initialized successfully
2025-03-07 23:04:03: API router mounted at /api/ai
2025-03-07 23:04:03: Serving static files from: /root/code-server/dist/node/src/browser/pages
2025-03-07 23:04:03: AI War Room extension initialized successfully
2025-03-07 23:04:03: [2025-03-07T23:04:03.326Z] [AI-WARROOM] [INFO] AI War Room extension initialized
2025-03-07 23:04:04: [2025-03-07T23:04:04.007Z] [AI-WARROOM] [INFO] Initializing AI agent service
2025-03-07 23:04:04: [2025-03-07T23:04:04.011Z] [AI-WARROOM] [INFO] Server root path: /root/code-server/dist/node
2025-03-07 23:04:04: Starting AI War Room Extension initialization...
2025-03-07 23:04:04: Agent config directory: ./agent-config
2025-03-07 23:04:04: [2025-03-07T23:04:04.014Z] [AI-WARROOM] [DEBUG] Loaded agent Code Assistant from /root/code-server/dist/node/agent-config/code-assistant.json
2025-03-07 23:04:04: [2025-03-07T23:04:04.014Z] [AI-WARROOM] [DEBUG] Loaded agent Debug Wizard from /root/code-server/dist/node/agent-config/debug-wizard.json
2025-03-07 23:04:04: Agent service initialized successfully
2025-03-07 23:04:04: API router mounted at /api/ai
2025-03-07 23:04:04: Serving static files from: /root/code-server/dist/node/src/browser/pages
2025-03-07 23:04:04: AI War Room extension initialized successfully
2025-03-07 23:04:04: [2025-03-07T23:04:04.016Z] [AI-WARROOM] [INFO] AI War Room extension initialized
2025-03-07 23:04:04: [2025-03-07T23:04:04.663Z] [AI-WARROOM] [INFO] Initializing AI agent service
2025-03-07 23:04:04: [2025-03-07T23:04:04.667Z] [AI-WARROOM] [INFO] Server root path: /root/code-server/dist/node
2025-03-07 23:04:04: Starting AI War Room Extension initialization...
2025-03-07 23:04:04: Agent config directory: ./agent-config
2025-03-07 23:04:04: [2025-03-07T23:04:04.673Z] [AI-WARROOM] [DEBUG] Loaded agent Code Assistant from /root/code-server/dist/node/agent-config/code-assistant.json
2025-03-07 23:04:04: [2025-03-07T23:04:04.673Z] [AI-WARROOM] [DEBUG] Loaded agent Debug Wizard from /root/code-server/dist/node/agent-config/debug-wizard.json
2025-03-07 23:04:04: Agent service initialized successfully
2025-03-07 23:04:04: API router mounted at /api/ai
2025-03-07 23:04:04: Serving static files from: /root/code-server/dist/node/src/browser/pages
2025-03-07 23:04:04: AI War Room extension initialized successfully
2025-03-07 23:04:04: [2025-03-07T23:04:04.675Z] [AI-WARROOM] [INFO] AI War Room extension initialized
2025-03-07 23:04:05: [2025-03-07T23:04:05.299Z] [AI-WARROOM] [INFO] Initializing AI agent service
2025-03-07 23:04:05: [2025-03-07T23:04:05.306Z] [AI-WARROOM] [INFO] Server root path: /root/code-server/dist/node
2025-03-07 23:04:05: Starting AI War Room Extension initialization...
2025-03-07 23:04:05: Agent config directory: ./agent-config
2025-03-07 23:04:05: [2025-03-07T23:04:05.310Z] [AI-WARROOM] [DEBUG] Loaded agent Code Assistant from /root/code-server/dist/node/agent-config/code-assistant.json
2025-03-07 23:04:05: [2025-03-07T23:04:05.310Z] [AI-WARROOM] [DEBUG] Loaded agent Debug Wizard from /root/code-server/dist/node/agent-config/debug-wizard.json
2025-03-07 23:04:05: Agent service initialized successfully
2025-03-07 23:04:05: API router mounted at /api/ai
2025-03-07 23:04:05: Serving static files from: /root/code-server/dist/node/src/browser/pages
2025-03-07 23:04:05: AI War Room extension initialized successfully
2025-03-07 23:04:05: [2025-03-07T23:04:05.315Z] [AI-WARROOM] [INFO] AI War Room extension initialized
2025-03-07 23:04:05: [2025-03-07T23:04:05.942Z] [AI-WARROOM] [INFO] Initializing AI agent service
2025-03-07 23:04:05: [2025-03-07T23:04:05.944Z] [AI-WARROOM] [INFO] Server root path: /root/code-server/dist/node
2025-03-07 23:04:05: Starting AI War Room Extension initialization...
2025-03-07 23:04:05: Agent config directory: ./agent-config
2025-03-07 23:04:05: [2025-03-07T23:04:05.947Z] [AI-WARROOM] [DEBUG] Loaded agent Code Assistant from /root/code-server/dist/node/agent-config/code-assistant.json
2025-03-07 23:04:05: [2025-03-07T23:04:05.947Z] [AI-WARROOM] [DEBUG] Loaded agent Debug Wizard from /root/code-server/dist/node/agent-config/debug-wizard.json
2025-03-07 23:04:05: Agent service initialized successfully
2025-03-07 23:04:05: API router mounted at /api/ai
2025-03-07 23:04:05: Serving static files from: /root/code-server/dist/node/src/browser/pages
2025-03-07 23:04:05: AI War Room extension initialized successfully
2025-03-07 23:04:05: [2025-03-07T23:04:05.950Z] [AI-WARROOM] [INFO] AI War Room extension initialized
2025-03-07 23:04:06: [2025-03-07T23:04:06.589Z] [AI-WARROOM] [INFO] Initializing AI agent service
2025-03-07 23:04:06: [2025-03-07T23:04:06.592Z] [AI-WARROOM] [INFO] Server root path: /root/code-server/dist/node
2025-03-07 23:04:06: Starting AI War Room Extension initialization...
2025-03-07 23:04:06: Agent config directory: ./agent-config
2025-03-07 23:04:06: [2025-03-07T23:04:06.595Z] [AI-WARROOM] [DEBUG] Loaded agent Code Assistant from /root/code-server/dist/node/agent-config/code-assistant.json
2025-03-07 23:04:06: [2025-03-07T23:04:06.595Z] [AI-WARROOM] [DEBUG] Loaded agent Debug Wizard from /root/code-server/dist/node/agent-config/debug-wizard.json
2025-03-07 23:04:06: Agent service initialized successfully
2025-03-07 23:04:06: API router mounted at /api/ai
2025-03-07 23:04:06: Serving static files from: /root/code-server/dist/node/src/browser/pages
2025-03-07 23:04:06: AI War Room extension initialized successfully
2025-03-07 23:04:06: [2025-03-07T23:04:06.599Z] [AI-WARROOM] [INFO] AI War Room extension initialized
2025-03-07 23:04:07: [2025-03-07T23:04:07.212Z] [AI-WARROOM] [INFO] Initializing AI agent service
2025-03-07 23:04:07: [2025-03-07T23:04:07.215Z] [AI-WARROOM] [INFO] Server root path: /root/code-server/dist/node
2025-03-07 23:04:07: Starting AI War Room Extension initialization...
2025-03-07 23:04:07: Agent config directory: ./agent-config
2025-03-07 23:04:07: [2025-03-07T23:04:07.218Z] [AI-WARROOM] [DEBUG] Loaded agent Code Assistant from /root/code-server/dist/node/agent-config/code-assistant.json
2025-03-07 23:04:07: [2025-03-07T23:04:07.218Z] [AI-WARROOM] [DEBUG] Loaded agent Debug Wizard from /root/code-server/dist/node/agent-config/debug-wizard.json
2025-03-07 23:04:07: Agent service initialized successfully
2025-03-07 23:04:07: API router mounted at /api/ai
2025-03-07 23:04:07: Serving static files from: /root/code-server/dist/node/src/browser/pages
2025-03-07 23:04:07: AI War Room extension initialized successfully
2025-03-07 23:04:07: [2025-03-07T23:04:07.221Z] [AI-WARROOM] [INFO] AI War Room extension initialized
2025-03-07 23:04:07: [2025-03-07T23:04:07.820Z] [AI-WARROOM] [INFO] Initializing AI agent service
2025-03-07 23:04:07: [2025-03-07T23:04:07.824Z] [AI-WARROOM] [INFO] Server root path: /root/code-server/dist/node
2025-03-07 23:04:07: Starting AI War Room Extension initialization...
2025-03-07 23:04:07: Agent config directory: ./agent-config
2025-03-07 23:04:07: [2025-03-07T23:04:07.829Z] [AI-WARROOM] [DEBUG] Loaded agent Code Assistant from /root/code-server/dist/node/agent-config/code-assistant.json
2025-03-07 23:04:07: [2025-03-07T23:04:07.830Z] [AI-WARROOM] [DEBUG] Loaded agent Debug Wizard from /root/code-server/dist/node/agent-config/debug-wizard.json
2025-03-07 23:04:07: Agent service initialized successfully
2025-03-07 23:04:07: API router mounted at /api/ai
2025-03-07 23:04:07: Serving static files from: /root/code-server/dist/node/src/browser/pages
2025-03-07 23:04:07: AI War Room extension initialized successfully
2025-03-07 23:04:07: [2025-03-07T23:04:07.833Z] [AI-WARROOM] [INFO] AI War Room extension initialized
2025-03-07 23:04:08: [2025-03-07T23:04:08.406Z] [AI-WARROOM] [INFO] Initializing AI agent service
2025-03-07 23:04:08: [2025-03-07T23:04:08.409Z] [AI-WARROOM] [INFO] Server root path: /root/code-server/dist/node
2025-03-07 23:04:08: Starting AI War Room Extension initialization...
2025-03-07 23:04:08: Agent config directory: ./agent-config
2025-03-07 23:04:08: [2025-03-07T23:04:08.411Z] [AI-WARROOM] [DEBUG] Loaded agent Code Assistant from /root/code-server/dist/node/agent-config/code-assistant.json
2025-03-07 23:04:08: [2025-03-07T23:04:08.415Z] [AI-WARROOM] [DEBUG] Loaded agent Debug Wizard from /root/code-server/dist/node/agent-config/debug-wizard.json
2025-03-07 23:04:08: Agent service initialized successfully
2025-03-07 23:04:08: API router mounted at /api/ai
2025-03-07 23:04:08: Serving static files from: /root/code-server/dist/node/src/browser/pages
2025-03-07 23:04:08: AI War Room extension initialized successfully
2025-03-07 23:04:08: [2025-03-07T23:04:08.425Z] [AI-WARROOM] [INFO] AI War Room extension initialized
2025-03-07 23:04:09: [2025-03-07T23:04:09.018Z] [AI-WARROOM] [INFO] Initializing AI agent service
2025-03-07 23:04:09: [2025-03-07T23:04:09.020Z] [AI-WARROOM] [INFO] Server root path: /root/code-server/dist/node
2025-03-07 23:04:09: Starting AI War Room Extension initialization...
2025-03-07 23:04:09: Agent config directory: ./agent-config
2025-03-07 23:04:09: [2025-03-07T23:04:09.022Z] [AI-WARROOM] [DEBUG] Loaded agent Code Assistant from /root/code-server/dist/node/agent-config/code-assistant.json
2025-03-07 23:04:09: [2025-03-07T23:04:09.022Z] [AI-WARROOM] [DEBUG] Loaded agent Debug Wizard from /root/code-server/dist/node/agent-config/debug-wizard.json
2025-03-07 23:04:09: Agent service initialized successfully
2025-03-07 23:04:09: API router mounted at /api/ai
2025-03-07 23:04:09: Serving static files from: /root/code-server/dist/node/src/browser/pages
2025-03-07 23:04:09: AI War Room extension initialized successfully
2025-03-07 23:04:09: [2025-03-07T23:04:09.026Z] [AI-WARROOM] [INFO] AI War Room extension initialized
2025-03-07 23:04:09: [2025-03-07T23:04:09.686Z] [AI-WARROOM] [INFO] Initializing AI agent service
2025-03-07 23:04:09: [2025-03-07T23:04:09.691Z] [AI-WARROOM] [INFO] Server root path: /root/code-server/dist/node
2025-03-07 23:04:09: Starting AI War Room Extension initialization...
2025-03-07 23:04:09: Agent config directory: ./agent-config
2025-03-07 23:04:09: [2025-03-07T23:04:09.701Z] [AI-WARROOM] [DEBUG] Loaded agent Code Assistant from /root/code-server/dist/node/agent-config/code-assistant.json
2025-03-07 23:04:09: [2025-03-07T23:04:09.701Z] [AI-WARROOM] [DEBUG] Loaded agent Debug Wizard from /root/code-server/dist/node/agent-config/debug-wizard.json
2025-03-07 23:04:09: Agent service initialized successfully
2025-03-07 23:04:09: API router mounted at /api/ai
2025-03-07 23:04:09: Serving static files from: /root/code-server/dist/node/src/browser/pages
2025-03-07 23:04:09: AI War Room extension initialized successfully
2025-03-07 23:04:09: [2025-03-07T23:04:09.703Z] [AI-WARROOM] [INFO] AI War Room extension initialized
